,age_at_diagnosis,tumor_size,nottingham_prognostic_index,lymph_nodes_examined_positive,mutation_count,pik3ca_mut,tp53_mut,gata3_mut,map3k1_mut,cdh1_mut,overall_survival_months,er_status_binary,her2_status_binary,pr_status_binary,tumor_stage_encoded,neoplasm_histologic_grade_encoded,cellularity_encoded,pam50_+_claudin-low_subtype_encoded,integrative_cluster_encoded,3-gene_classifier_subtype_encoded,overall_survival_binary,death_from_cancer_binary,hormone_receptor_score,triple_negative,size_category,grade_stage_interaction,high_risk,aggressiveness_score,growth_rate,evolution_6m
0,75.65,22.0,6.044,5.0,5.0,0,0,0,0,0,140.5,1,0,0,2.0,3.0,2,6,4,2,0.0,0.0,1,0,0,6.0,5.0,8.382089552238806,0.9256661991584851,2
1,43.19,10.0,4.02,0.0,2.0,0,H178P,0,0,0,84.63333333,1,0,1,1.0,3.0,2,2,4,0,0.0,0.0,2,0,0,3.0,4.0,4.876865671641791,4.702194357366775,0
2,48.87,15.0,4.03,1.0,2.0,H1047R,0,0,0,0,163.7,1,0,1,2.0,2.0,2,3,3,1,0.0,1.0,2,0,0,4.0,4.0,5.030597014925373,1.69109357384442,1
3,47.68,25.0,4.05,3.0,1.0,E542K,0,0,0,0,164.93333330000002,1,0,1,2.0,2.0,1,3,10,1,0.0,0.0,2,0,1,4.0,4.0,5.838059701492537,3.2552083333333335,1
4,76.97,40.0,6.08,5.0,2.0,0,S241F,0,0,0,41.36666667,1,0,1,2.0,3.0,2,3,10,0,0.0,1.0,2,0,1,6.0,5.0,8.395522388059701,1.6229375169055993,2
5,78.77,31.0,4.062,0.0,4.0,H1047R,P67Qfs*56,A318T,0,0,7.8,1,0,1,4.0,3.0,1,3,8,0,0.0,1.0,2,0,1,12.0,7.0,7.142537313432836,1.1993809646633997,2
6,56.45,10.0,4.02,1.0,4.0,Q546H G1049R,0,0,0,0,164.33333330000002,1,0,1,2.0,2.0,1,3,3,1,0.0,0.0,2,0,0,4.0,4.0,5.026865671641791,0.6079027355623099,1
7,89.08,29.0,4.058,1.0,1.0,E545K,0,0,0,0,99.53333333,1,0,0,2.0,2.0,1,6,3,1,0.0,0.0,1,0,1,4.0,4.0,5.041044776119403,0.5908720456397718,1
8,86.41,16.0,5.032,1.0,4.0,0,C242R,0,0,0,36.56666667,1,0,0,2.0,3.0,1,3,10,0,0.0,0.0,1,0,0,6.0,5.0,6.404477611940299,0.5171299288946348,1
9,84.22,28.0,3.056,0.0,5.0,H1047R,0,0,0,G500Wfs*37,36.26666667,1,0,0,2.0,2.0,2,1,3,0,0.0,1.0,1,0,1,4.0,4.0,4.267164179104477,0.6331976481230213,0
10,85.49,22.0,3.044,0.0,1.0,0,0,0,0,0,132.03333329999998,1,0,1,4.0,2.0,1,2,3,1,0.0,1.0,2,0,0,8.0,6.0,5.762686567164179,0.4836227742360959,1
11,70.91,21.0,2.042,0.0,3.0,0,0,S413Qfs*94,0,0,163.5333333,1,0,1,1.0,3.0,2,3,4,1,0.0,0.0,2,0,0,3.0,4.0,2.138805970149254,0.3396958912973148,0
12,45.27,19.0,5.038,3.0,5.0,0,0,0,0,0,164.9,0,0,1,2.0,3.0,2,6,5,1,0.0,0.0,1,0,0,6.0,5.0,7.206716417910448,5.407969639468687,2
13,83.02,36.0,6.072,5.0,2.0,H1047R,C135R,0,0,0,14.13333333,1,1,1,2.0,3.0,2,2,6,1,0.0,0.0,2,0,1,6.0,5.0,8.392537313432836,1.2552301255230127,2
14,51.46,25.0,4.05,1.0,5.0,0,0,0,0,0,103.8333333,1,1,1,2.0,2.0,0,6,4,1,0.0,0.0,2,0,1,4.0,4.0,5.0380597014925375,2.181500872600349,1
15,44.64,33.0,4.066,3.0,5.0,0,0,0,0,0,75.33333333,1,0,1,2.0,2.0,1,5,9,1,0.0,0.0,2,0,1,4.0,4.0,5.844029850746269,7.11206896551724,1
16,70.02,23.0,3.0460000000000003,0.0,5.0,0,0,0,0,0,161.06666669999998,1,0,0,2.0,2.0,2,3,8,1,0.0,0.0,1,0,0,4.0,4.0,4.263432835820896,0.7661558960692872,0
17,66.91,36.0,4.072,0.0,3.0,H1047R,0,0,0,0,160.3,1,0,1,2.0,3.0,1,3,1,1,0.0,0.0,2,0,1,6.0,5.0,5.646268656716417,2.006688963210703,1
18,62.62,29.0,3.0580000000000003,0.0,4.0,0,0,S407Afs*99,S266Y,0,62.86666667,1,0,1,1.0,2.0,2,3,0,1,0.0,0.0,2,0,1,2.0,3.0,3.517910447761194,1.2820512820512822,0
19,45.43,23.0,4.046,0.0,5.0,0,0,0,0,0,140.8666667,1,0,1,2.0,3.0,2,3,1,0,0.0,0.0,2,0,0,6.0,5.0,5.636567164179104,6.353591160220995,1
20,52.14,17.0,4.034,0.0,3.0,0,S303Efs*3,0,0,0,153.9666667,0,0,0,1.0,3.0,2,0,1,1,0.0,0.0,0,1,0,3.0,4.0,4.882089552238806,2.100494233937397,0
21,69.13,18.0,3.036,0.0,5.0,0,0,0,0,0,108.9333333,1,0,1,1.0,2.0,1,3,3,1,0.0,0.0,2,0,0,2.0,3.0,3.5097014925373133,0.6179196704428426,0
22,61.49,16.0,4.032,1.0,3.0,H1047R,0,0,0,0,157.43333330000002,1,0,1,2.0,2.0,2,3,8,0,0.0,0.0,2,0,0,4.0,4.0,5.031343283582089,0.7445323406235458,1
23,51.01,12.0,3.024,1.0,2.0,H1047R,0,0,0,0,103.1333333,1,0,1,2.0,3.0,2,2,3,1,0.0,0.0,2,0,0,6.0,5.0,3.6552238805970148,0.5449591280653951,0
24,50.42,40.0,6.08,4.0,4.0,E542K,R273C,0,0,0,28.5,0,0,0,2.0,3.0,2,1,1,1,0.0,1.0,0,1,1,6.0,5.0,7.995522388059701,5.758157389635316,2
25,49.61,24.0,3.048,0.0,4.0,0,0,0,0,0,69.5,1,0,1,2.0,2.0,1,6,3,1,0.0,0.0,2,0,1,4.0,4.0,4.264179104477612,2.4973985431841834,0
26,64.85,13.0,3.026,0.0,2.0,N345K E81K,0,0,0,0,86.06666667,1,0,1,1.0,2.0,1,3,2,1,0.0,1.0,2,0,0,2.0,3.0,3.505970149253731,0.523138832997988,0
27,43.55,14.0,5.0280000000000005,1.0,4.0,H1047R,0,0,0,0,153.2,1,0,1,2.0,3.0,2,3,3,1,0.0,0.0,2,0,0,6.0,5.0,6.402985074626866,5.915492957746483,1
28,80.5,49.5,4.11,1.0,3.0,H1047R,0,0,0,0,49.76666667,1,0,1,3.0,2.0,2,3,9,1,0.0,0.0,2,0,1,6.0,5.0,5.81044776119403,1.2222222222222223,1
29,78.19,30.0,5.06,3.0,2.0,0,0,0,0,0,98.7,1,0,1,2.0,3.0,2,2,9,1,0.0,0.0,2,0,1,6.0,5.0,7.214925373134328,1.178318931657502,2
30,68.68,39.0,4.078,0.0,1.0,0,G245S,0,0,0,8.066666667,0,0,0,2.0,3.0,0,0,1,2,0.0,1.0,0,1,1,6.0,5.0,5.648507462686567,2.039748953974895,1
31,46.89,34.0,3.068,0.0,3.0,H1047L E726K,0,0,0,R732Q,148.0333333,1,0,1,2.0,2.0,1,5,9,1,0.0,0.0,2,0,1,4.0,4.0,4.271641791044776,4.934687953555878,0
32,51.38,40.0,5.08,5.0,4.0,0,R175H,0,0,Q23*,140.7666667,1,0,1,2.0,2.0,2,3,3,0,0.0,1.0,2,0,1,4.0,4.0,7.022388059701493,3.514938488576449,2
33,49.87,49.5,4.14,5.0,4.0,H1047L,0,X308_splice,I1413Nfs*7,0,85.33333333,1,0,1,3.0,3.0,1,2,9,1,0.0,0.0,2,0,1,9.0,6.0,6.421641791044776,2.5075987841945295,1
34,65.59,18.0,4.0360000000000005,0.0,4.0,0,P177R,0,0,0,158.0333333,1,0,1,2.0,3.0,1,3,0,1,0.0,0.0,2,0,0,6.0,5.0,5.632835820895522,1.0550996483001172,1
35,43.15,18.0,4.0360000000000005,0.0,2.0,0,G245S,0,0,0,42.7,1,0,0,1.0,3.0,0,6,4,1,0.0,1.0,1,0,0,3.0,4.0,4.882835820895522,8.571428571428577,0
36,82.53,45.0,4.09,0.0,7.0,0,C277F,0,0,0,112.4,1,0,1,2.0,3.0,2,0,10,0,0.0,0.0,2,0,1,6.0,5.0,5.652985074626866,1.587114977662826,1
37,54.23,27.0,2.0540000000000003,0.0,4.0,H1047R,0,0,S1282Ffs*2 S924*,0,127.1,1,0,1,2.0,3.0,2,2,3,1,0.0,0.0,2,0,1,6.0,5.0,2.8932835820895524,0.9486999297259313,0
38,83.89,49.5,6.3,5.0,8.0,0,0,0,0,P744Qfs*26,39.16666667,1,0,0,3.0,3.0,2,2,3,1,0.0,1.0,1,0,1,9.0,6.0,9.227611940298507,1.6917293233082709,2
39,36.96,17.0,5.034,3.0,5.0,0,0,0,0,0,43.16666667,0,1,0,2.0,3.0,0,1,6,3,0.0,0.0,0,0,0,6.0,5.0,7.205223880597015,25.5,2
40,48.59,30.0,3.06,0.0,3.0,H1047R,0,0,0,0,13.4,1,0,1,2.0,2.0,0,2,9,0,0.0,0.0,2,0,1,4.0,4.0,4.268656716417911,3.4924330616996495,0
41,39.84,25.0,4.05,0.0,5.0,0,R175H,0,0,0,66.73333333,0,0,0,2.0,3.0,1,0,1,2,0.0,1.0,0,1,1,6.0,5.0,5.638059701492537,37.5,1
42,42.55,49.5,4.12,1.0,2.0,0,0,0,0,T457Dfs*7,122.26666670000002,1,0,1,3.0,2.0,1,5,7,0,0.0,0.0,2,0,1,6.0,5.0,5.8141791044776125,19.411764705882376,1
43,60.07,23.0,4.046,1.0,2.0,0,0,0,0,E781*,2.4,1,0,0,2.0,2.0,1,2,0,1,0.0,0.0,1,0,0,4.0,4.0,5.036567164179104,1.1459890383657199,1
44,82.73,23.0,4.046,1.0,2.0,0,0,0,0,0,95.86666667,1,0,0,2.0,2.0,2,3,8,0,0.0,1.0,1,0,0,4.0,4.0,5.036567164179104,0.5382635150947811,1
45,72.1,26.0,5.052,1.0,3.0,0,0,0,0,0,29.06666667,1,1,0,2.0,3.0,1,3,10,0,0.0,1.0,1,0,1,6.0,5.0,6.411940298507463,1.2149532710280375,1
46,78.73,30.0,5.06,5.0,4.0,0,0,M356*,0,0,152.2,1,0,0,2.0,2.0,1,2,9,1,0.0,0.0,1,0,1,4.0,4.0,7.014925373134329,0.7745933384972888,2
47,58.95,20.0,3.04,1.0,5.0,H1047R,0,K358E,0,0,138.9,1,0,1,2.0,3.0,1,2,9,1,0.0,0.0,2,0,0,6.0,5.0,3.661194029850746,0.5277044854881265,0
48,76.89,25.0,4.05,0.0,8.0,0,0,0,0,L355*,114.23333329999998,1,0,1,2.0,3.0,1,3,0,0,0.0,0.0,2,0,1,6.0,5.0,5.638059701492537,1.0165356465166713,1
49,43.46,49.5,4.1,2.0,1.0,H1047L,0,0,0,0,118.2,1,0,1,3.0,2.0,0,2,9,1,0.0,0.0,2,0,1,6.0,5.0,6.206716417910448,14.306358381502887,1
50,73.98,9.0,2.018,0.0,3.0,E545K,0,0,0,0,1.266666667,1,0,1,2.0,3.0,0,3,9,1,0.0,0.0,2,0,0,6.0,5.0,2.8798507462686564,0.1324308416715715,0
51,61.95,35.0,3.07,0.0,5.0,0,0,0,0,0,127.6333333,1,0,1,2.0,2.0,1,2,9,1,0.0,0.0,2,0,1,4.0,4.0,4.272388059701492,1.594533029612756,0
52,52.11,13.0,4.026,1.0,5.0,0,Q317Sfs*28,0,0,0,132.0666667,0,0,0,2.0,2.0,2,5,3,1,0.0,0.0,0,1,0,4.0,4.0,5.02910447761194,1.0734929810074318,1
53,57.4,14.0,3.028,0.0,4.0,E545K,0,0,0,0,137.8,1,0,1,1.0,2.0,0,6,3,1,0.0,0.0,2,0,0,2.0,3.0,3.5067164179104475,0.8045977011494253,0
54,63.53,24.0,6.047999999999999,4.0,5.0,0,0,0,0,0,38.56666667,0,1,0,2.0,3.0,0,1,6,3,0.0,0.0,0,0,1,6.0,5.0,7.983582089552238,1.5299617509562262,2
55,56.75,17.0,2.0340000000000003,0.0,5.0,0,0,0,0,0,153.56666669999998,1,1,0,1.0,3.0,0,2,6,3,0.0,0.0,1,0,0,3.0,4.0,2.135820895522388,0.5074626865671642,0
56,69.16,39.0,4.078,0.0,5.0,E545K,0,X349_splice,0,0,66.63333333,1,0,0,2.0,3.0,1,2,9,0,0.0,1.0,1,0,1,6.0,5.0,5.648507462686567,2.0061728395061733,1
57,58.89,49.5,3.16,1.0,3.0,E545K,0,X308_splice,0,0,151.0,1,0,0,2.0,3.0,1,2,9,1,0.0,0.0,1,0,1,6.0,5.0,3.7059701492537314,1.3102170460561142,0
58,73.11,22.0,5.044,3.0,1.0,0,0,0,0,0,12.93333333,1,0,0,2.0,3.0,2,3,9,0,0.0,1.0,1,0,0,6.0,5.0,7.208955223880597,0.9966777408637875,2
59,74.09,35.0,5.07,1.0,5.0,0,0,0,0,0,116.6333333,1,0,1,2.0,3.0,1,3,2,0,0.0,0.0,2,0,1,6.0,5.0,6.418656716417911,1.5400410677618068,1
60,72.3,13.0,3.026,0.0,2.0,H1047R,0,0,0,0,88.2,1,0,1,1.0,2.0,2,2,3,1,0.0,0.0,2,0,0,2.0,3.0,3.505970149253731,0.40247678018575855,0
61,51.33,18.0,3.036,0.0,2.0,E545Q,0,0,0,D254V,150.56666669999998,1,0,1,1.0,2.0,1,2,3,1,0.0,0.0,2,0,0,2.0,3.0,3.5097014925373133,1.5887025595763462,0
62,47.62,30.0,4.06,1.0,1.0,H1047L,0,0,0,0,109.2,1,0,1,2.0,2.0,1,2,3,1,0.0,0.0,2,0,1,4.0,4.0,5.041791044776119,3.9370078740157495,1
63,74.07,27.0,4.053999999999999,1.0,1.0,0,0,0,0,0,147.93333330000002,1,0,0,2.0,2.0,2,3,9,0,0.0,0.0,1,0,1,4.0,4.0,5.039552238805969,0.7924860581156444,1
64,57.99,16.0,3.032,0.0,5.0,0,0,0,0,0,12.4,1,0,1,1.0,2.0,1,2,0,1,0.0,0.0,2,0,0,2.0,3.0,3.5082089552238807,0.8893829905503057,0
65,85.39,22.0,5.044,2.0,7.0,H1047R,0,0,0,Q610*,54.33333333,1,0,0,2.0,3.0,2,2,10,0,0.0,0.0,1,0,0,6.0,5.0,6.808955223880597,0.727032385988103,1
66,79.73,26.0,6.0520000000000005,5.0,5.0,H1047R,0,0,K1272Nfs*3,0,152.06666669999998,1,0,1,2.0,3.0,2,3,9,1,0.0,1.0,2,0,1,6.0,5.0,8.385074626865672,0.981625975333501,2
67,62.4,20.0,3.04,0.0,2.0,0,0,0,S11L,X522_splice,147.66666669999998,1,0,1,1.0,2.0,1,2,3,1,0.0,0.0,2,0,0,2.0,3.0,3.5111940298507465,0.8928571428571429,0
68,81.0,22.0,5.044,2.0,5.0,0,0,0,0,0,122.1666667,1,0,0,2.0,3.0,2,3,0,0,0.0,0.0,1,0,0,6.0,5.0,6.808955223880597,0.8048780487804879,1
69,79.28,38.0,5.0760000000000005,5.0,2.0,0,0,0,0,R527*,51.76666667,1,0,1,2.0,2.0,2,2,2,0,0.0,1.0,2,0,1,4.0,4.0,7.020895522388059,0.9674134419551934,2
70,53.16,19.0,4.038,0.0,3.0,0,Q192*,0,0,0,1.766666667,0,1,0,1.0,3.0,2,1,6,3,0.0,0.0,0,0,0,3.0,4.0,4.883582089552239,2.16565349544073,0
71,77.13,39.0,4.078,0.0,2.0,0,R175H,0,0,0,51.7,0,0,0,2.0,3.0,0,0,1,2,0.0,0.0,0,1,1,6.0,5.0,5.648507462686567,1.5755453810934559,1
72,70.22,20.0,3.04,0.0,11.0,N345K,K132N,0,0,0,111.2,1,0,0,2.0,2.0,2,0,4,2,0.0,0.0,1,0,0,4.0,4.0,4.2611940298507465,0.6618133686300464,0
73,67.7,49.5,6.1,5.0,1.0,0,0,0,0,0,49.23333333,1,0,1,3.0,3.0,1,3,2,0,0.0,1.0,2,0,1,9.0,6.0,9.152985074626866,2.6805054151624548,2
74,63.77,12.0,4.024,0.0,8.0,H1047R,G266Rfs*74,0,0,0,63.03333333,0,1,0,1.0,3.0,2,1,5,3,0.0,0.0,0,0,0,3.0,4.0,4.878358208955223,0.7572570466975177,0
75,62.46,12.0,3.024,0.0,2.0,0,0,*444Lfs*63,0,0,114.76666670000002,1,0,0,1.0,2.0,1,2,4,1,0.0,0.0,1,0,0,2.0,3.0,3.505223880597015,0.5342831700801425,0
76,62.72,9.0,2.018,0.0,2.0,0,0,0,0,0,59.8,1,0,0,1.0,3.0,1,6,4,1,0.0,0.0,1,0,0,3.0,4.0,2.1298507462686564,0.19806338028169015,0
77,71.5,30.0,4.06,0.0,1.0,0,Y163C,0,0,0,114.76666670000002,0,0,0,2.0,3.0,1,6,5,2,0.0,0.0,0,1,1,6.0,5.0,5.641791044776119,1.4285714285714284,1
78,57.56,14.0,4.0280000000000005,1.0,5.0,L452Kfs*4 E453Dfs*7,0,0,0,0,55.76666667,1,0,1,2.0,2.0,2,2,8,1,0.0,0.0,2,0,0,4.0,4.0,5.029850746268657,0.797266514806378,1
79,84.73,27.0,5.053999999999999,1.0,14.0,0,S106Rfs*41 F109_R110del,0,0,0,98.1,0,0,0,2.0,3.0,2,0,1,1,0.0,0.0,0,1,1,6.0,5.0,6.4126865671641795,0.9054325955734406,1
80,37.87,16.0,4.032,0.0,4.0,0,R175H,0,0,0,10.83333333,0,0,0,2.0,3.0,2,6,1,2,0.0,0.0,0,1,0,6.0,5.0,5.63134328358209,24.0,1
81,53.75,49.5,6.104,5.0,2.0,H1047R,H214R,0,0,0,47.63333333,1,1,0,3.0,3.0,1,2,6,3,0.0,1.0,1,0,1,9.0,6.0,9.154477611940298,5.4,2
82,44.98,24.0,5.048,3.0,2.0,0,0,N331Efs*21,0,0,104.4,1,0,1,2.0,3.0,1,2,4,1,0.0,0.0,2,0,1,6.0,5.0,7.21044776119403,7.228915662650607,2
83,76.4,38.0,5.0760000000000005,2.0,9.0,E545K,R282W,0,0,0,43.1,1,0,1,2.0,3.0,2,3,10,0,0.0,1.0,2,0,1,6.0,5.0,6.82089552238806,1.5659340659340657,1
84,60.26,17.0,4.034,0.0,1.0,0,0,0,0,0,122.76666670000002,1,0,0,1.0,3.0,0,6,4,1,0.0,0.0,1,0,0,3.0,4.0,4.882089552238806,1.2586377097729518,0
85,83.35,26.0,3.052,1.0,3.0,N345K N1044K,0,0,0,0,93.36666667,1,0,0,2.0,3.0,0,2,3,1,0.0,0.0,1,0,1,6.0,5.0,3.665671641791045,0.2998846597462515,0
86,64.57,27.0,4.053999999999999,0.0,4.0,E365K C420R,0,0,0,0,5.433333332999999,1,0,0,2.0,3.0,1,5,4,1,0.0,0.0,1,0,1,6.0,5.0,5.63955223880597,1.6483516483516487,1
87,48.11,20.0,4.04,1.0,7.0,E545K H1047R,R110P,R352*,0,0,138.1,1,0,1,2.0,2.0,0,2,3,1,0.0,0.0,2,0,0,4.0,4.0,5.034328358208955,2.466091245376079,1
88,83.99,44.0,6.087999999999999,4.0,3.0,0,0,0,0,0,3.766666667,1,0,1,2.0,3.0,2,3,8,0,0.0,0.0,2,0,1,6.0,5.0,7.998507462686566,1.500340986587861,2
89,59.18,24.0,4.048,0.0,2.0,0,G154Afs*16,0,0,0,78.76666667,0,0,0,2.0,3.0,0,6,5,2,0.0,0.0,0,1,1,6.0,5.0,5.637313432835821,1.8769551616266944,1
90,69.51,20.0,2.04,0.0,2.0,0,0,0,0,0,72.36666667,1,0,0,1.0,3.0,2,2,7,1,0.0,0.0,1,0,0,3.0,4.0,2.138059701492537,0.33886818027787186,0
91,38.78,36.0,6.072,5.0,1.0,0,0,0,0,0,113.4333333,1,0,1,2.0,3.0,1,2,0,0,0.0,0.0,2,0,1,6.0,5.0,8.392537313432836,50.0,2
92,85.94,44.0,4.088,2.0,3.0,0,0,0,Q1273Tfs*11,R796Pfs*11,45.6,1,0,1,2.0,2.0,0,2,7,1,0.0,0.0,2,0,1,4.0,4.0,5.452238805970149,0.957771005659556,1
93,74.63,21.0,4.042,0.0,3.0,0,X225_splice,0,0,0,104.4666667,1,0,1,2.0,3.0,2,3,0,1,0.0,1.0,2,0,0,6.0,5.0,5.635074626865672,0.9096159399364714,1
94,56.39,34.0,6.068,5.0,5.0,0,0,0,0,0,17.93333333,0,0,0,3.0,3.0,0,6,5,2,0.0,1.0,0,1,1,9.0,6.0,9.141044776119402,3.111653447223917,2
95,51.69,18.0,3.036,0.0,2.0,E545K,0,0,F1149Lfs*23,0,62.33333333,1,0,1,1.0,2.0,1,2,9,1,0.0,0.0,2,0,0,2.0,3.0,3.5097014925373133,1.5397775876817796,0
96,68.45,21.0,4.042,1.0,3.0,0,0,0,R483Kfs*5,0,85.96666667,1,0,1,2.0,2.0,1,2,8,1,0.0,0.0,2,0,0,4.0,4.0,5.035074626865671,0.7381370826010544,1
97,68.41,25.0,3.05,0.0,1.0,0,0,0,0,0,109.03333329999998,1,0,1,2.0,2.0,1,2,4,1,0.0,0.0,2,0,1,4.0,4.0,4.264925373134329,0.8799718409010913,0
98,82.65,45.0,4.09,2.0,7.0,E542K E726K,0,0,0,0,31.3,0,0,0,2.0,2.0,2,1,3,1,0.0,1.0,0,1,1,4.0,4.0,5.4529850746268655,1.0550996483001172,1
99,57.79,48.0,6.096,5.0,2.0,0,0,0,0,0,9.066666667,1,0,0,4.0,3.0,1,5,7,1,0.0,1.0,1,0,1,12.0,7.0,9.901492537313432,4.0472175379426645,2
100,81.02,25.0,4.05,0.0,2.0,0,H193R,0,0,0,15.3,0,0,0,2.0,3.0,2,0,1,1,0.0,0.0,0,1,1,6.0,5.0,5.638059701492537,0.9141882008776208,1
101,62.55,13.0,2.026,0.0,2.0,0,0,0,0,0,144.6333333,1,0,0,1.0,3.0,1,6,4,1,0.0,0.0,1,0,0,3.0,4.0,2.1328358208955223,0.28824833702882485,0
102,51.54,19.0,6.037999999999999,5.0,1.0,E545K,0,0,0,0,19.0,1,0,1,2.0,3.0,2,3,3,0,0.0,0.0,2,0,0,6.0,5.0,8.379850746268657,2.4696707105719238,2
103,56.45,21.0,5.042,5.0,5.0,E545K,0,0,A1327Gfs*11 D693Efs*33,0,91.6,1,0,1,2.0,2.0,2,2,3,1,0.0,0.0,2,0,0,4.0,4.0,7.00820895522388,1.276595744680851,2
104,75.18,28.0,6.056,5.0,2.0,0,0,0,0,0,146.0,1,0,0,2.0,3.0,2,3,7,0,0.0,0.0,1,0,1,6.0,5.0,8.386567164179105,1.1938601478112563,2
105,50.48,24.0,5.048,2.0,2.0,0,0,0,0,0,70.73333333,1,0,1,2.0,3.0,2,3,10,0,0.0,0.0,2,0,1,6.0,5.0,6.8104477611940295,3.435114503816795,1
106,43.37,18.0,6.0360000000000005,4.0,3.0,E453_L455del,0,0,X385_splice S493Ffs*65,0,144.7666667,1,0,1,2.0,3.0,2,3,9,0,0.0,0.0,2,0,0,6.0,5.0,7.97910447761194,8.011869436201787,2
107,57.56,19.0,5.038,1.0,1.0,0,0,0,0,0,144.4,1,0,1,2.0,3.0,2,2,3,1,0.0,0.0,2,0,0,6.0,5.0,6.406716417910448,1.623006833712984,1
108,69.86,38.0,4.0760000000000005,0.0,1.0,0,R196*,0,0,0,130.86666670000002,0,0,0,2.0,3.0,1,0,1,1,0.0,1.0,0,1,1,6.0,5.0,5.647761194029851,1.9089082384460816,1
109,49.5,20.0,4.04,0.0,4.0,0,G245D,0,0,0,125.7,0,1,0,1.0,3.0,1,0,6,3,0.0,0.0,0,0,0,3.0,4.0,4.884328358208955,3.1578947368421053,0
110,46.0,30.0,5.06,1.0,3.0,0,D281H,0,0,0,128.36666670000002,1,0,1,2.0,3.0,2,2,4,0,0.0,0.0,2,0,1,6.0,5.0,6.414925373134329,7.5,1
111,86.24,25.0,5.05,1.0,2.0,0,0,0,0,0,58.76666667,1,0,1,2.0,3.0,2,2,8,0,0.0,0.0,2,0,1,6.0,5.0,6.411194029850746,0.8109861591695502,1
112,79.38,10.0,2.02,0.0,3.0,0,0,V439Sfs*36 T440_A441del,0,0,24.3,1,0,0,1.0,3.0,1,2,3,1,0.0,1.0,1,0,0,3.0,4.0,2.1305970149253732,0.12696800406297615,0
113,53.56,26.0,3.052,0.0,1.0,0,0,0,0,0,144.4666667,1,0,0,2.0,2.0,0,5,3,1,0.0,0.0,1,0,1,4.0,4.0,4.2656716417910445,1.91740412979351,0
114,55.02,35.0,5.07,2.0,7.0,0,C135W,0,0,0,141.16666669999998,0,0,0,2.0,3.0,2,6,1,2,0.0,0.0,0,1,1,6.0,5.0,6.818656716417911,3.495339547270305,1
115,48.13,28.0,4.056,2.0,6.0,E542K,0,0,A1327Gfs*11 R249Pfs*53,0,173.6333333,1,0,1,2.0,2.0,2,2,9,1,0.0,0.0,2,0,1,4.0,4.0,5.440298507462686,3.4440344403444025,1
116,67.17,3.0,3.006,0.0,5.0,0,0,0,0,0,82.36666667,1,0,0,1.0,2.0,1,6,4,2,0.0,0.0,1,0,0,2.0,3.0,3.4985074626865673,0.1104158998895841,0
117,42.95,40.0,6.08,5.0,2.0,E545K,R248Q,0,0,0,44.8,0,0,0,2.0,3.0,1,6,10,1,0.0,1.0,0,1,1,6.0,5.0,8.395522388059701,20.33898305084744,2
118,41.41,27.0,4.053999999999999,0.0,4.0,0,V157F,0,0,0,146.9,0,0,0,2.0,3.0,2,0,1,2,0.0,0.0,0,1,1,6.0,5.0,5.63955223880597,28.72340425531922,1
119,75.63,40.0,3.08,0.0,11.0,E545K,0,0,S810* Q345E,M316Ifs*4,122.2,1,0,1,2.0,2.0,2,3,3,0,0.0,0.0,2,0,1,4.0,4.0,4.276119402985074,1.122649452708392,0
120,43.39,20.0,5.04,2.0,2.0,0,0,0,0,0,131.0666667,1,0,1,2.0,3.0,2,3,0,0,0.0,0.0,2,0,0,6.0,5.0,6.807462686567164,8.849557522123892,1
121,37.24,20.0,6.04,5.0,1.0,0,0,0,0,0,39.83333333,0,0,0,2.0,3.0,2,6,4,3,0.0,1.0,0,1,0,6.0,5.0,8.380597014925373,30.0,2
122,77.72,20.0,6.04,5.0,8.0,H1047R,V197G,0,0,0,20.2,0,0,0,2.0,3.0,1,1,5,0,0.0,1.0,0,1,0,6.0,5.0,8.380597014925373,0.7953340402969247,2
123,50.31,20.0,2.04,0.0,6.0,E542K,0,X308_splice,0,0,212.7,1,0,1,2.0,3.0,2,6,4,1,0.0,0.0,2,0,0,6.0,5.0,4.888059701492537,2.9097963142580014,0
124,50.45,20.0,6.04,5.0,5.0,E542K,0,R329Efs*23,0,0,81.33333333,1,0,0,2.0,3.0,2,2,4,1,0.0,1.0,1,0,0,6.0,5.0,8.380597014925373,2.870813397129186,2
125,44.01,25.0,4.05,0.0,8.0,H1047R,0,0,0,0,176.7666667,1,0,1,2.0,3.0,1,2,4,1,0.0,0.0,2,0,1,6.0,5.0,5.638059701492537,9.351620947630927,1
126,59.15,19.0,3.0380000000000003,0.0,5.0,0,0,0,0,0,212.2,1,1,0,1.0,2.0,1,3,0,3,0.0,0.0,1,0,0,2.0,3.0,3.5104477611940297,0.9921671018276763,0
127,58.21,20.0,3.04,1.0,4.0,0,0,X308_splice,0,0,57.63333333,1,0,1,2.0,3.0,0,2,9,1,0.0,0.0,2,0,0,6.0,5.0,3.661194029850746,0.5491488193300385,0
128,52.95,24.0,3.048,0.0,4.0,0,0,Y345*,0,0,111.8666667,1,0,1,1.0,2.0,2,2,9,1,0.0,0.0,2,0,1,2.0,3.0,3.514179104477612,1.853281853281853,0
129,63.35,17.0,3.034,1.0,1.0,H1047R,0,0,0,0,10.83333333,1,0,1,2.0,3.0,0,5,4,1,0.0,1.0,2,0,0,6.0,5.0,3.658955223880597,0.3640256959314775,0
130,45.5,19.0,3.0380000000000003,0.0,5.0,G451_D454del,0,0,0,0,71.5,1,0,1,1.0,2.0,2,2,8,1,0.0,0.0,2,0,0,2.0,3.0,3.5104477611940297,3.4545454545454546,0
131,41.98,35.0,1.07,0.0,2.0,0,I255del,0,0,0,200.3333333,0,1,0,2.0,3.0,2,1,6,3,0.0,0.0,0,0,1,6.0,5.0,3.0261194029850746,26.515151515151555,0
132,71.57,30.0,1.06,0.0,1.0,0,0,0,0,0,19.6,1,0,0,2.0,3.0,0,2,3,1,0.0,0.0,1,0,1,6.0,5.0,4.522388059701493,1.425403864428255,0
133,44.73,14.0,3.028,0.0,3.0,E110del,0,X308_splice,0,0,207.6333333,1,0,1,1.0,2.0,2,2,9,1,0.0,0.0,2,0,0,2.0,3.0,3.5067164179104475,2.959830866807613,0
134,77.77,17.0,3.034,0.0,9.0,0,R280S,0,0,0,72.43333333,1,0,1,1.0,2.0,1,2,2,1,0.0,0.0,2,0,0,2.0,3.0,3.508955223880597,0.45009266613714594,0
135,56.27,26.0,3.052,0.0,7.0,0,0,0,0,L658Ffs*5,94.23333333,1,0,1,2.0,3.0,2,3,9,0,0.0,0.0,2,0,1,6.0,5.0,5.2656716417910445,2.397049784880147,1
136,52.55,20.0,4.04,1.0,3.0,H1047R,0,0,0,0,142.56666669999998,1,0,1,2.0,2.0,0,2,9,1,0.0,1.0,2,0,0,4.0,4.0,5.034328358208955,1.5936254980079685,1
137,43.63,27.0,4.053999999999999,0.0,1.0,0,N239D,0,0,0,205.0333333,1,1,1,2.0,3.0,1,2,6,3,0.0,0.0,2,0,1,6.0,5.0,5.63955223880597,11.157024793388421,1
138,52.19,35.0,6.07,4.0,1.0,0,R248Q,0,0,0,193.1666667,0,0,0,2.0,3.0,2,6,1,2,0.0,0.0,0,1,1,6.0,5.0,7.991791044776119,4.306808859721084,2
139,77.85,46.0,2.092,0.0,2.0,0,0,C317Dfs*30,0,0,85.56666667,1,0,1,3.0,3.0,2,2,3,1,0.0,1.0,2,0,1,9.0,6.0,3.6574626865671642,0.607661822985469,0
140,55.09,29.0,4.058,0.0,6.0,0,A159V,0,0,0,73.13333333,1,0,0,2.0,3.0,1,6,4,1,0.0,1.0,1,0,1,6.0,5.0,5.6410447761194025,2.8827037773359834,1
141,51.25,18.0,3.036,0.0,5.0,E545K,0,0,S640*,0,199.1,1,0,1,1.0,2.0,1,3,9,1,0.0,0.0,2,0,0,2.0,3.0,3.5097014925373133,1.6,0
142,53.72,22.0,4.044,1.0,4.0,0,0,W328Efs*23,Y1276Lfs*10,0,149.7666667,1,0,1,2.0,2.0,2,3,9,1,0.0,0.0,2,0,0,4.0,4.0,5.035820895522388,1.6034985422740526,1
143,67.83,11.0,2.022,0.0,1.0,0,0,0,0,0,149.7333333,1,0,1,1.0,3.0,0,5,4,1,0.0,0.0,2,0,0,3.0,4.0,2.1313432835820896,0.19762845849802374,0
144,54.76,14.0,1.028,0.0,13.0,H1047R,0,0,0,0,164.7,1,0,0,1.0,3.0,2,2,3,1,0.0,0.0,1,0,0,3.0,4.0,3.7604477611940297,1.4227642276422767,0
145,66.75,15.0,4.03,1.0,4.0,Q546K,0,0,S928Lfs*9 M1442V,0,185.6,1,0,1,2.0,2.0,1,2,4,1,0.0,0.0,2,0,0,4.0,4.0,5.030597014925373,0.5607476635514018,1
146,45.76,21.0,4.042,0.0,5.0,0,0,0,0,0,71.0,1,0,1,2.0,3.0,2,2,9,1,0.0,0.0,2,0,0,6.0,5.0,5.635074626865672,5.468750000000002,1
147,53.45,11.0,4.022,0.0,2.0,H1047R,Y205S,0,0,0,188.3333333,0,0,0,1.0,3.0,2,1,1,2,0.0,0.0,0,1,0,3.0,4.0,4.877611940298507,1.2267657992565053,0
148,69.19,12.0,3.024,0.0,1.0,0,0,0,0,0,152.3,1,0,1,1.0,2.0,2,5,4,1,0.0,0.0,2,0,0,2.0,3.0,3.505223880597015,0.41109969167523125,0
149,53.1,17.0,2.0340000000000003,0.0,3.0,E545K,0,0,0,0,200.7,1,0,1,1.0,3.0,2,2,3,1,0.0,0.0,2,0,0,3.0,4.0,2.135820895522388,0.648854961832061,0
150,57.61,25.0,3.05,0.0,1.0,H1047R,0,0,0,0,91.73333333,1,0,0,2.0,2.0,1,2,9,0,0.0,1.0,1,0,1,4.0,4.0,4.264925373134329,1.4196479273140261,0
151,62.7,11.0,4.022,0.0,7.0,0,0,0,0,0,86.13333333,1,0,1,1.0,3.0,2,2,8,0,0.0,0.0,2,0,0,3.0,4.0,4.877611940298507,0.7268722466960351,0
152,38.99,23.0,6.0,5.0,2.0,0,R273H,0,0,0,11.86666667,0,0,0,3.0,3.0,2,0,10,2,0.0,1.0,0,1,0,9.0,6.0,9.115671641791044,34.5,2
153,78.26,12.0,1.024,0.0,1.0,0,0,0,0,0,169.83333330000002,1,0,1,1.0,3.0,2,2,3,1,0.0,0.0,2,0,0,3.0,4.0,3.758955223880597,0.47046523784631467,0
154,63.93,26.0,4.052,5.0,3.0,H1047R E453K,0,0,0,0,90.23333333,1,0,1,2.0,3.0,2,3,9,0,0.0,1.0,2,0,1,6.0,5.0,5.638805970149253,0.5432511491851233,1
155,55.44,26.0,4.052,0.0,2.0,0,N131del,0,0,0,182.2666667,1,0,0,2.0,3.0,2,1,8,1,0.0,0.0,1,0,1,6.0,5.0,5.638805970149253,2.5259067357512954,1
156,76.49,27.0,1.054,0.0,1.0,0,0,0,0,0,176.0333333,1,0,1,1.0,3.0,1,2,8,1,0.0,0.0,2,0,1,3.0,4.0,3.7701492537313435,1.1098931214031242,0
157,83.93,31.0,5.062,1.0,4.0,0,0,0,0,0,43.1,1,0,0,2.0,3.0,2,1,10,1,0.0,1.0,1,0,1,6.0,5.0,6.415671641791045,1.0585021625312998,1
158,46.44,21.0,4.042,1.0,2.0,0,S241Y,0,0,0,189.1333333,0,0,0,2.0,2.0,1,6,4,2,0.0,0.0,0,1,0,4.0,4.0,5.035074626865671,3.2608695652173925,1
159,84.88,30.0,1.06,0.0,7.0,0,0,0,R678Efs*19,V157F,90.66666667,1,0,1,2.0,3.0,1,2,9,1,0.0,0.0,2,0,1,6.0,5.0,4.522388059701493,1.002673796791444,0
160,66.54,19.0,4.038,0.0,8.0,E542K,R306*,T355Dfs*16,K1024*,0,28.5,1,0,1,4.0,3.0,2,3,10,1,0.0,1.0,2,0,0,12.0,7.0,7.133582089552239,1.0738507912584776,2
161,45.39,26.0,5.052,2.0,1.0,0,0,0,0,0,22.23333333,0,0,0,2.0,3.0,0,6,5,2,0.0,0.0,0,1,1,6.0,5.0,6.811940298507462,7.235621521335807,1
162,29.98,14.0,4.0280000000000005,0.0,4.0,0,0,0,G102R,0,337.03333330000004,1,0,1,2.0,3.0,2,3,1,0,0.0,0.0,2,0,0,6.0,5.0,5.629850746268657,21.0,1
163,55.36,28.0,6.056,5.0,5.0,H1047R,0,0,0,0,122.0,1,0,0,1.0,3.0,1,3,9,0,0.0,1.0,1,0,1,3.0,4.0,7.636567164179104,2.734375,2
164,68.66,25.0,4.05,3.0,6.0,E542K,0,Y345Tfs*10,0,0,186.5333333,1,0,0,2.0,2.0,1,2,9,1,0.0,0.0,1,0,1,4.0,4.0,5.838059701492537,0.8722958827634335,1
165,61.94,9.0,2.018,0.0,5.0,0,0,0,0,0,186.1,1,0,0,1.0,3.0,2,6,4,1,0.0,0.0,1,0,0,3.0,4.0,2.1298507462686564,0.2051048313582498,0
166,34.3,49.5,5.106,3.0,2.0,0,R248Q F270S,0,0,0,5.833333333,0,0,0,3.0,3.0,1,0,1,2,0.0,1.0,0,1,1,9.0,6.0,7.982089552238806,50.0,2
167,69.52,21.0,2.042,0.0,1.0,0,0,0,0,0,192.2666667,1,0,1,2.0,3.0,2,6,4,1,0.0,0.0,2,0,0,6.0,5.0,2.888805970149254,0.3556910569105692,0
168,47.64,21.0,3.042,0.0,5.0,0,0,0,0,0,172.9,1,0,1,2.0,2.0,2,5,8,1,0.0,1.0,2,0,0,4.0,4.0,4.261940298507462,2.7486910994764395,0
169,51.81,18.0,6.0360000000000005,5.0,1.0,E545K,0,0,0,0,194.2333333,1,0,1,2.0,3.0,0,6,4,1,0.0,0.0,2,0,0,6.0,5.0,8.379104477611941,2.286198137171888,2
170,51.42,23.0,1.0,0.0,2.0,0,P250L,0,0,0,0.0,0,0,0,2.0,3.0,1,6,1,2,0.0,0.0,0,1,0,6.0,5.0,4.5,3.0210157618213658,0
171,48.07,28.0,5.056,5.0,4.0,E545K,0,0,H393Qfs*3,0,3.366666667,1,0,1,2.0,2.0,2,6,4,2,0.0,0.0,2,0,1,4.0,4.0,7.013432835820895,3.4696406443618337,2
172,62.92,23.0,4.046,0.0,1.0,H1047R,0,0,0,0,192.6,1,0,0,2.0,3.0,1,6,4,2,0.0,0.0,1,0,0,6.0,5.0,5.636567164179104,1.5052356020942408,1
173,77.54,19.0,4.038,1.0,2.0,0,0,0,0,Q23*,94.73333333,1,0,0,2.0,2.0,2,3,8,0,0.0,0.0,1,0,0,4.0,4.0,5.0335820895522385,0.5061267980820457,1
174,55.22,30.0,5.06,5.0,2.0,0,0,N319Efs*33,0,0,63.8,1,1,0,2.0,2.0,0,5,0,1,0.0,1.0,1,0,1,4.0,4.0,7.014925373134329,1.971090670170828,2
175,75.91,20.0,4.04,0.0,5.0,0,0,0,0,0,71.6,0,0,0,2.0,3.0,2,6,4,2,0.0,0.0,0,1,0,6.0,5.0,5.634328358208955,0.8354218880534672,1
176,49.92,25.0,2.05,0.0,3.0,R88Q,0,X350_splice,0,0,199.5333333,1,0,1,2.0,3.0,1,2,9,1,0.0,0.0,2,0,1,6.0,5.0,2.8917910447761193,1.26008064516129,0
177,51.19,26.0,5.052,1.0,1.0,0,0,0,0,0,39.2,1,1,1,2.0,3.0,1,3,6,3,0.0,1.0,2,0,1,6.0,5.0,6.411940298507463,3.4852546916890086,1
178,80.34,49.5,5.11,1.0,5.0,E545K,I195Yfs*14,0,0,0,49.43333333,0,0,0,2.0,3.0,2,1,10,2,0.0,0.0,0,1,1,6.0,5.0,6.433582089552239,1.8406048587010408,1
179,51.62,13.0,2.026,0.0,5.0,0,0,0,0,0,64.36666667,1,0,0,1.0,3.0,2,6,4,2,0.0,0.0,1,0,0,3.0,4.0,2.1328358208955223,0.5593803786574872,0
180,46.17,14.0,3.028,0.0,2.0,H1047R,0,0,0,0,72.9,0,0,0,2.0,2.0,1,5,4,3,0.0,0.0,0,1,0,4.0,4.0,4.2567164179104475,2.269043760129659,0
181,47.13,9.0,3.018,1.0,4.0,H1047R P104L,0,0,0,0,164.5,1,0,1,2.0,3.0,1,2,4,1,0.0,0.0,2,0,0,6.0,5.0,3.6529850746268657,0.6311360448807852,0
182,82.46,23.0,5.046,2.0,3.0,H1047L,0,0,0,X55_splice,122.7,1,0,1,2.0,3.0,1,2,8,1,0.0,0.0,2,0,0,6.0,5.0,6.809701492537313,0.8125294394724447,1
183,81.53,29.0,6.058,5.0,7.0,0,0,0,0,0,84.2,1,0,0,2.0,3.0,1,2,3,1,0.0,1.0,1,0,1,6.0,5.0,8.387313432835821,1.0474355887310378,2
184,47.71,11.0,4.022,0.0,3.0,E542K,0,0,0,0,60.13333333,0,0,0,1.0,3.0,0,6,1,2,0.0,0.0,0,1,0,3.0,4.0,4.877611940298507,2.1400778210116727,0
185,84.85,14.0,5.0280000000000005,1.0,1.0,0,H193L,0,0,0,111.53333329999998,1,0,1,2.0,3.0,2,3,7,1,0.0,1.0,2,0,0,6.0,5.0,6.402985074626866,0.4682274247491639,1
186,60.62,35.0,6.07,5.0,5.0,E545K,0,0,0,0,63.5,1,0,1,2.0,3.0,0,5,9,1,0.0,1.0,2,0,1,6.0,5.0,8.39179104477612,2.546071774975752,2
187,82.53,35.0,5.07,2.0,21.0,H1047R E726K,G266E,0,0,Q610*,42.96666667,1,0,1,2.0,3.0,2,2,3,0,0.0,1.0,2,0,1,6.0,5.0,6.818656716417911,1.2344227604044204,1
188,41.63,10.0,6.02,5.0,5.0,0,0,0,0,0,177.33333330000002,1,1,0,2.0,3.0,1,6,6,3,0.0,0.0,1,0,0,6.0,5.0,8.373134328358208,9.202453987730047,2
189,51.21,19.0,2.0380000000000003,0.0,2.0,M1043V,0,0,0,0,183.2666667,1,0,0,1.0,3.0,0,2,3,1,0.0,0.0,1,0,0,3.0,4.0,2.137313432835821,0.847457627118644,0
190,89.43,21.0,3.042,1.0,3.0,Q546P,0,X308_splice,0,0,42.33333333,1,0,1,2.0,3.0,0,2,9,1,0.0,0.0,2,0,0,6.0,5.0,3.6619402985074627,0.21242160631195628,0
191,67.38,16.0,4.032,1.0,5.0,H1047R,0,0,0,0,185.1666667,1,0,1,2.0,2.0,1,2,3,1,0.0,0.0,2,0,0,4.0,4.0,5.031343283582089,0.5843681519357196,1
192,77.94,47.0,2.094,0.0,5.0,N1068Kfs*5,0,0,0,0,151.16666669999998,1,0,0,2.0,3.0,2,3,9,0,0.0,0.0,1,0,1,6.0,5.0,2.9082089552238806,0.6193990511333685,0
193,70.49,33.0,3.0660000000000003,0.0,5.0,0,0,0,0,0,169.6,1,0,1,2.0,2.0,1,3,2,0,0.0,1.0,2,0,1,4.0,4.0,4.270895522388059,1.0823220728107579,0
194,55.52,23.0,5.046,1.0,3.0,0,Y220C,0,0,0,184.7666667,1,0,1,2.0,3.0,2,3,1,0,0.0,0.0,2,0,0,6.0,5.0,6.409701492537314,2.2229381443298966,1
195,73.48,49.5,6.1,5.0,4.0,0,X224_splice,0,0,0,4.433333333,0,1,0,2.0,3.0,1,1,6,3,0.0,1.0,0,0,1,6.0,5.0,8.402985074626866,2.2177419354838706,2
196,56.32,49.5,4.1,3.0,5.0,0,P191Lfs*56,S212A,0,E463Q,186.2,1,0,0,2.0,2.0,1,2,7,1,0.0,0.0,1,0,1,4.0,4.0,5.856716417910448,3.0330882352941178,1
197,50.82,30.0,4.06,0.0,4.0,0,P151S,0,0,0,182.9,0,0,0,2.0,3.0,2,0,1,2,0.0,0.0,0,1,1,6.0,5.0,5.641791044776119,4.1589648798521255,1
198,76.68,39.0,4.078,0.0,4.0,H1047R,0,0,0,0,151.66666669999998,1,0,1,2.0,3.0,2,2,8,1,0.0,0.0,2,0,1,6.0,5.0,5.648507462686567,1.5948745910577968,1
199,58.01,18.0,1.036,0.0,1.0,0,0,0,0,0,168.7,0,0,0,1.0,3.0,2,5,5,2,0.0,0.0,0,1,0,3.0,4.0,3.7634328358208955,1.499167129372571,0
200,92.14,32.0,5.064,5.0,4.0,0,0,0,0,0,40.7,1,0,0,2.0,2.0,1,3,2,0,0.0,1.0,1,0,1,4.0,4.0,7.016417910447761,0.6137322593018796,2
201,50.98,17.0,2.0340000000000003,0.0,8.0,E545K,0,0,0,G194_P201del,63.73333333,1,0,1,1.0,3.0,1,2,3,1,0.0,0.0,2,0,0,3.0,4.0,2.135820895522388,0.7741347905282334,0
202,46.86,30.0,5.06,2.0,3.0,H1047R,0,0,0,0,174.6333333,1,0,1,2.0,3.0,2,2,9,0,0.0,0.0,2,0,1,6.0,5.0,6.814925373134328,6.559766763848397,1
203,86.28,25.0,4.05,2.0,11.0,E545K,0,0,G209R,0,50.53333333,1,0,0,2.0,2.0,2,2,9,1,0.0,0.0,1,0,1,4.0,4.0,5.438059701492537,0.54019014693172,1
204,47.64,32.0,6.064,5.0,1.0,0,0,0,N1456S,0,144.9666667,1,0,1,2.0,3.0,1,2,7,0,0.0,1.0,2,0,1,6.0,5.0,8.38955223880597,6.282722513089006,2
205,79.34,45.0,4.09,0.0,10.0,H1047R,R213Dfs*34,0,0,0,177.5333333,1,0,1,2.0,3.0,2,3,1,0,0.0,0.0,2,0,1,6.0,5.0,5.652985074626866,1.7158108795119469,1
206,69.62,34.0,5.0680000000000005,2.0,9.0,0,0,0,0,0,125.6,1,0,1,2.0,3.0,2,3,10,0,0.0,1.0,2,0,1,6.0,5.0,6.817910447761194,1.7218095881161375,1
207,74.76,22.0,5.044,1.0,1.0,0,0,0,0,0,170.6333333,1,0,1,2.0,3.0,2,3,1,0,0.0,1.0,2,0,0,6.0,5.0,6.408955223880597,0.9493670886075949,1
208,90.43,24.0,3.048,0.0,2.0,0,0,0,0,0,26.73333333,1,0,1,2.0,2.0,1,3,4,1,0.0,0.0,2,0,1,4.0,4.0,4.264179104477612,0.47590719809637116,0
209,79.97,16.0,5.032,3.0,4.0,0,X261_splice,0,0,0,164.7333333,0,0,0,2.0,3.0,2,0,1,2,0.0,0.0,0,1,0,6.0,5.0,7.204477611940298,0.600450337753315,2
210,67.01,26.0,4.052,3.0,2.0,0,0,K358del,0,0,173.9,1,0,1,2.0,2.0,1,2,9,0,0.0,1.0,2,0,1,4.0,4.0,5.838805970149254,0.9626064420584967,1
211,54.96,29.0,3.0580000000000003,0.0,3.0,E542K,0,0,0,0,125.3333333,1,0,1,2.0,2.0,1,5,3,1,0.0,1.0,2,0,1,4.0,4.0,4.267910447761194,1.9385026737967914,0
212,70.51,30.0,4.06,3.0,4.0,0,0,0,0,0,91.13333333,1,0,1,2.0,2.0,2,5,7,1,0.0,1.0,2,0,1,4.0,4.0,5.841791044776119,0.9832841691248769,1
213,59.75,29.0,4.058,2.0,2.0,0,E285K,0,0,A634V,152.93333330000002,1,0,1,2.0,2.0,1,5,3,1,0.0,0.0,2,0,1,4.0,4.0,5.441044776119403,1.4683544303797469,1
214,37.3,28.0,4.056,1.0,6.0,H1047R R108H,0,0,0,0,72.66666667,1,0,1,2.0,2.0,1,2,3,1,0.0,0.0,2,0,1,4.0,4.0,5.040298507462687,28.0,1
215,32.61,16.0,6.032,5.0,8.0,0,R273C,0,0,0,20.43333333,0,1,0,2.0,3.0,2,1,6,3,0.0,1.0,0,0,0,6.0,5.0,8.377611940298507,24.0,2
216,81.88,22.0,2.044,0.0,3.0,H1047R,0,0,0,0,122.7,1,0,1,2.0,3.0,2,2,9,1,0.0,0.0,2,0,0,6.0,5.0,2.8895522388059702,0.26265520534861514,0
217,72.26,30.0,5.06,1.0,3.0,H1047R,0,0,0,0,146.0333333,1,0,0,2.0,3.0,2,3,3,0,0.0,0.0,1,0,1,6.0,5.0,6.414925373134329,1.3949163050216986,1
218,49.05,49.5,5.16,0.0,8.0,K111E,R248G,0,0,0,46.06666667,0,0,0,2.0,3.0,2,0,1,1,0.0,1.0,0,1,1,6.0,5.0,6.052238805970149,8.204419889502764,1
219,61.32,13.0,4.026,0.0,5.0,0,0,0,0,0,55.2,0,0,0,1.0,3.0,1,6,4,2,0.0,1.0,0,1,0,3.0,4.0,4.87910447761194,0.9146341463414633,0
220,86.26,40.0,5.08,5.0,5.0,H1047R G118D,Q136H,0,0,0,41.83333333,1,0,0,2.0,2.0,2,2,8,1,0.0,0.0,1,0,1,4.0,4.0,7.022388059701493,0.8646779074794638,2
221,73.01,17.0,5.034,3.0,6.0,H1047R,H178P,0,0,0,11.6,0,0,0,2.0,3.0,2,6,5,2,0.0,1.0,0,1,0,6.0,5.0,7.205223880597015,0.7724931838836715,2
222,58.16,16.0,3.032,0.0,4.0,H1047R H1048R,0,0,0,0,213.5,1,0,1,2.0,2.0,1,2,9,0,0.0,0.0,2,0,0,4.0,4.0,4.25820895522388,0.8810572687224671,0
223,57.87,26.0,5.052,2.0,14.0,H1047R,X225_splice,0,0,0,32.86666667,1,0,1,2.0,3.0,1,2,10,0,0.0,0.0,2,0,1,6.0,5.0,6.811940298507462,2.182428651371013,1
224,44.21,22.0,3.044,0.0,2.0,E545K,0,0,0,0,21.6,1,0,1,2.0,2.0,1,2,3,1,0.0,0.0,2,0,0,4.0,4.0,4.262686567164179,5.22565320665083,0
225,83.58,49.5,3.1,2.0,6.0,E545G,0,0,0,0,132.5666667,1,0,1,2.0,3.0,2,3,8,0,0.0,1.0,2,0,1,6.0,5.0,4.083582089552238,0.567921064708582,0
226,40.5,24.0,6.047999999999999,5.0,7.0,0,R248Q,0,0,0,15.06666667,0,1,0,2.0,3.0,2,1,6,3,0.0,0.0,0,0,1,6.0,5.0,8.383582089552238,36.0,2
227,52.79,18.0,4.0360000000000005,1.0,6.0,H1047L,0,0,0,0,47.03333333,1,0,1,2.0,2.0,2,2,2,0,0.0,1.0,2,0,0,4.0,4.0,5.032835820895523,1.4073494917904614,1
228,73.24,49.5,5.134,5.0,22.0,E542K N345K,0,0,0,T467Pfs*14 L466Sfs*15,89.9,1,0,0,4.0,2.0,2,3,2,0,0.0,1.0,1,0,1,8.0,6.0,8.542537313432836,1.489169675090253,2
229,48.67,49.5,5.1,5.0,5.0,H1047R,0,0,0,0,176.6,1,0,0,3.0,2.0,2,2,4,1,0.0,0.0,1,0,1,6.0,5.0,7.779850746268656,5.709342560553632,2
230,76.84,15.0,3.03,0.0,6.0,0,X332_splice,0,0,0,87.23333333,1,1,0,1.0,2.0,0,6,4,2,0.0,1.0,1,0,0,2.0,3.0,3.5074626865671643,0.4071661237785016,0
231,51.74,22.0,3.044,0.0,4.0,0,0,N351Tfs*4,0,0,64.23333333,1,0,1,2.0,2.0,1,2,9,0,0.0,0.0,2,0,0,4.0,4.0,4.262686567164179,1.8739352640545142,0
232,70.98,9.0,3.018,0.0,2.0,0,0,0,0,E336*,142.43333330000002,1,0,0,1.0,2.0,1,6,4,1,0.0,0.0,1,0,0,2.0,3.0,3.5029850746268654,0.2905100064557779,0
233,74.79,31.0,6.062,5.0,3.0,0,0,0,0,0,61.9,1,0,1,2.0,3.0,2,3,2,0,0.0,1.0,2,0,1,6.0,5.0,8.388805970149253,1.3365909744179358,2
234,65.47,27.0,6.053999999999999,5.0,2.0,0,0,0,0,T115Nfs*53,144.33333330000002,1,0,0,2.0,3.0,2,3,0,1,0.0,0.0,1,0,1,6.0,5.0,8.385820895522388,1.5901060070671378,2
235,64.01,47.0,6.093999999999999,5.0,1.0,0,0,0,0,0,93.5,1,0,0,2.0,3.0,1,3,10,0,0.0,0.0,1,0,1,6.0,5.0,8.400746268656716,2.936276551436901,2
236,78.41,22.0,6.044,5.0,1.0,0,0,0,0,0,131.13333329999998,1,1,0,2.0,3.0,1,3,6,3,0.0,0.0,1,0,0,6.0,5.0,8.382089552238806,0.8591512626920075,2
237,39.86,18.0,4.0360000000000005,0.0,1.0,0,E285*,0,0,0,62.76666667,0,0,0,1.0,3.0,2,0,1,2,0.0,1.0,0,1,0,3.0,4.0,4.882835820895522,27.0,0
238,63.31,24.0,5.048,2.0,2.0,H1047R,Y234H,0,0,0,27.0,1,1,1,2.0,3.0,2,3,6,3,0.0,1.0,2,0,1,6.0,5.0,6.8104477611940295,1.544401544401544,1
239,34.68,25.0,6.05,5.0,2.0,0,0,R329Kfs*23,0,0,1.4333333330000002,1,0,0,2.0,3.0,1,3,0,0,0.0,0.0,1,0,1,6.0,5.0,8.384328358208954,37.5,2
240,72.69,23.0,5.046,1.0,3.0,0,A74Sfs*71,0,0,0,143.16666669999998,1,0,1,2.0,3.0,2,5,1,2,0.0,0.0,2,0,0,6.0,5.0,6.409701492537314,1.055368614255124,1
241,63.25,12.0,3.024,0.0,2.0,H1047R,0,0,0,0,134.3666667,1,0,1,1.0,2.0,1,2,4,1,0.0,0.0,2,0,0,2.0,3.0,3.505223880597015,0.5161290322580645,0
242,57.15,28.0,5.056,2.0,13.0,H1047R,S20Qfs*24,0,0,0,97.3,0,1,0,2.0,3.0,1,1,6,3,0.0,1.0,0,0,1,6.0,5.0,6.813432835820896,2.4489795918367347,1
243,48.22,29.0,4.058,1.0,5.0,E545K G320A,0,0,0,0,135.66666669999998,1,0,0,2.0,2.0,2,2,8,1,0.0,0.0,1,0,1,4.0,4.0,5.041044776119403,3.5279805352798057,1
244,83.9,25.0,5.05,1.0,4.0,0,N239D,0,0,0,69.33333333,1,0,1,2.0,3.0,2,3,10,0,0.0,0.0,2,0,1,6.0,5.0,6.411194029850746,0.8542141230068335,1
245,33.65,21.0,4.042,0.0,6.0,0,D208V,H200Y,0,0,130.2,1,1,0,2.0,3.0,2,1,6,3,0.0,0.0,1,0,0,6.0,5.0,5.635074626865672,31.5,1
246,59.05,22.0,4.044,2.0,3.0,E542K,R337L,0,0,0,136.4666667,1,0,0,2.0,2.0,1,2,3,1,0.0,0.0,1,0,0,4.0,4.0,5.4358208955223875,1.1548556430446195,1
247,65.02,19.0,4.038,0.0,4.0,0,0,H399Qfs*108,0,0,85.73333333,1,0,0,1.0,3.0,2,3,0,0,0.0,1.0,1,0,0,3.0,4.0,4.883582089552239,1.1390887290167866,0
248,74.58,43.0,6.086,5.0,6.0,0,0,0,0,0,61.1,1,0,1,2.0,3.0,2,3,9,0,0.0,1.0,2,0,1,6.0,5.0,8.39776119402985,1.8652400231347601,2
249,66.58,31.0,6.062,5.0,1.0,0,0,0,0,0,36.43333333,1,0,0,2.0,3.0,2,3,10,0,0.0,1.0,1,0,1,6.0,5.0,8.388805970149253,1.7494356659142212,2
250,66.83,15.0,6.03,5.0,5.0,0,E349Gfs*30,0,0,0,138.1333333,1,0,1,3.0,3.0,1,2,10,1,0.0,0.0,2,0,0,9.0,6.0,9.126865671641792,0.8386134923592994,2
251,46.63,28.0,5.056,3.0,3.0,E545K S509Y,0,0,0,0,97.56666667,1,1,0,2.0,3.0,0,5,0,1,0.0,0.0,1,0,1,6.0,5.0,7.213432835820896,6.334841628959273,2
252,46.87,49.5,6.1,5.0,1.0,E418K,0,0,0,0,96.96666667,1,1,1,3.0,3.0,2,3,2,3,0.0,0.0,2,0,1,9.0,6.0,9.152985074626866,10.807860262008738,2
253,61.23,49.5,6.1,5.0,1.0,0,0,0,0,0,142.4666667,0,1,0,3.0,3.0,1,6,0,1,0.0,0.0,0,0,1,9.0,6.0,9.152985074626866,3.497409326424871,2
254,56.28,30.0,5.06,2.0,2.0,0,0,0,0,0,38.13333333,1,0,1,4.0,3.0,1,5,0,0,0.0,1.0,2,0,1,12.0,7.0,8.314925373134328,2.764127764127764,2
255,68.74,49.5,6.106,5.0,3.0,E545K G914R,0,0,0,0,20.83333333,1,0,1,3.0,3.0,0,6,2,0,0.0,1.0,2,0,1,9.0,6.0,9.155223880597015,2.583507306889353,2
256,56.48,20.0,3.04,0.0,5.0,0,0,S437Kfs*40,0,0,64.23333333,1,0,1,1.0,2.0,1,2,2,0,0.0,0.0,2,0,0,2.0,3.0,3.5111940298507465,1.2135922330097089,0
257,80.38,49.5,5.1,2.0,11.0,0,H115Afs*34,0,0,0,29.0,0,1,0,2.0,3.0,2,1,6,3,0.0,1.0,0,0,1,6.0,5.0,6.829850746268656,1.8387815750371472,1
258,56.45,27.0,4.053999999999999,0.0,6.0,0,H179R,0,0,0,60.66666667,0,0,0,2.0,3.0,2,0,1,2,0.0,0.0,0,1,1,6.0,5.0,5.63955223880597,2.462006079027355,1
259,58.56,11.0,2.022,0.0,3.0,E545K,0,0,0,0,57.23333333,1,0,1,1.0,3.0,2,2,4,1,0.0,0.0,2,0,0,3.0,4.0,2.1313432835820896,0.2963362068965517,0
260,56.41,42.0,6.084,5.0,2.0,H1047R,D148Hfs*31,0,0,0,43.2,1,0,0,3.0,3.0,1,3,7,0,0.0,1.0,1,0,1,9.0,6.0,9.147014925373135,3.839122486288849,2
261,68.47,45.0,6.09,5.0,2.0,H1047R L10_P17del,0,0,0,0,137.1,0,0,0,3.0,3.0,0,1,5,2,0.0,0.0,0,1,1,9.0,6.0,9.149253731343283,2.3709167544783982,2
262,55.28,16.0,4.032,0.0,2.0,0,R273C,0,0,0,22.46666667,0,0,0,1.0,3.0,1,6,1,2,0.0,1.0,0,1,0,3.0,4.0,4.88134328358209,1.5706806282722514,0
263,48.58,20.0,4.04,0.0,2.0,0,D148Pfs*21,0,0,0,26.26666667,0,0,0,1.0,3.0,2,6,1,2,0.0,1.0,0,1,0,3.0,4.0,4.884328358208955,3.4965034965034976,0
264,73.06,11.0,2.022,0.0,1.0,H1047R,0,0,0,0,99.73333333,1,0,1,1.0,3.0,0,6,4,1,0.0,0.0,2,0,0,3.0,4.0,2.1313432835820896,0.16636418632788869,0
265,60.71,15.0,5.03,1.0,3.0,0,0,0,0,0,63.5,1,0,1,2.0,3.0,2,2,9,0,0.0,0.0,2,0,0,6.0,5.0,6.4037313432835825,1.0864316755190728,1
266,69.32,49.5,6.36,5.0,5.0,E545K,0,0,L821Qfs*10 C1257del,0,96.9,1,0,0,3.0,3.0,1,3,2,0,0.0,1.0,1,0,1,9.0,6.0,9.25,2.532401091405185,2
267,57.41,20.0,3.04,0.0,3.0,E545K,0,0,0,0,63.0,1,0,1,1.0,2.0,2,2,3,1,0.0,0.0,2,0,0,2.0,3.0,3.5111940298507465,1.148765077541643,0
268,54.6,18.0,4.0360000000000005,1.0,3.0,0,G245del,0,0,0,139.16666669999998,1,0,0,2.0,2.0,1,2,7,1,0.0,0.0,1,0,0,4.0,4.0,5.032835820895523,1.232876712328767,1
269,54.06,19.0,5.038,1.0,1.0,0,T102Pfs*21,0,0,0,136.16666669999998,1,0,0,2.0,3.0,2,3,7,0,0.0,0.0,1,0,0,6.0,5.0,6.406716417910448,2.0270270270270268,1
270,56.58,47.0,6.093999999999999,5.0,3.0,0,0,0,0,0,140.06666669999998,1,0,1,2.0,3.0,2,2,2,0,0.0,0.0,2,0,1,6.0,5.0,8.400746268656716,4.252110977080821,2
271,72.16,21.0,4.042,0.0,7.0,0,E171Gfs*3,0,0,0,76.63333333,0,0,0,2.0,3.0,0,6,1,2,0.0,0.0,0,1,0,6.0,5.0,5.635074626865672,0.9794776119402986,1
272,54.22,40.0,4.08,1.0,2.0,C420R,0,0,0,0,6.266666667000001,1,0,1,2.0,2.0,0,1,8,0,0.0,1.0,2,0,1,4.0,4.0,5.049253731343283,2.8129395218002817,1
273,58.72,31.0,5.062,1.0,1.0,0,0,0,0,0,102.0666667,1,0,0,2.0,3.0,1,1,10,0,0.0,0.0,1,0,1,6.0,5.0,6.415671641791045,2.483974358974359,1
274,77.92,21.0,4.042,3.0,3.0,E542K,0,0,0,0,104.3,1,0,1,2.0,2.0,2,2,9,1,0.0,0.0,2,0,0,4.0,4.0,5.835074626865672,0.5537974683544303,1
275,34.92,16.0,4.032,0.0,3.0,0,R306*,0,0,0,76.73333333,0,0,0,1.0,3.0,2,6,1,2,0.0,0.0,0,1,0,3.0,4.0,4.88134328358209,24.0,0
276,73.53,24.0,4.048,0.0,7.0,0,L194_I195insSIL,0,0,0,93.0,1,1,1,2.0,3.0,0,1,6,3,0.0,0.0,2,0,1,6.0,5.0,5.637313432835821,1.073665374291679,1
277,66.72,16.0,5.032,5.0,3.0,E545K,0,0,X727_splice,0,33.8,1,0,1,2.0,2.0,2,2,9,1,0.0,0.0,2,0,0,4.0,4.0,7.004477611940299,0.5988023952095809,2
278,44.02,49.5,6.12,5.0,5.0,0,0,0,0,0,9.833333333,0,0,0,3.0,3.0,1,6,5,2,0.0,1.0,0,1,1,9.0,6.0,9.16044776119403,18.47014925373133,2
279,83.17,22.0,5.044,5.0,2.0,H1047R,0,0,0,0,24.4,1,0,1,2.0,2.0,2,2,3,1,0.0,0.0,2,0,0,4.0,4.0,7.008955223880597,0.5096131572851517,2
280,50.48,42.0,4.084,2.0,3.0,0,0,R364G,0,0,131.1,1,0,1,2.0,2.0,1,5,3,1,0.0,0.0,2,0,1,4.0,4.0,5.450746268656716,4.007633587786261,1
281,81.89,21.0,5.042,5.0,1.0,0,0,0,0,F626Sfs*35,116.1,1,0,0,2.0,2.0,1,2,8,0,0.0,0.0,1,0,0,4.0,4.0,7.00820895522388,0.5013129625208881,2
282,85.21,20.0,6.04,4.0,2.0,0,0,0,0,0,55.93333333,1,0,0,2.0,3.0,2,2,10,0,0.0,0.0,1,0,0,6.0,5.0,7.980597014925372,0.6635700066357002,2
283,78.86,40.0,6.08,4.0,3.0,0,0,0,Y553*,D59Ifs*24,74.46666667,1,0,1,2.0,3.0,2,3,0,0,0.0,0.0,2,0,1,6.0,5.0,7.995522388059701,1.544004117344313,2
284,63.61,49.5,4.114,2.0,3.0,0,0,0,0,0,85.13333333,1,0,0,2.0,2.0,2,2,3,1,0.0,0.0,1,0,1,4.0,4.0,5.4619402985074625,2.096569250317662,1
285,69.79,20.0,5.04,2.0,5.0,P449S,0,0,0,0,45.5,1,1,0,2.0,3.0,2,3,6,3,0.0,1.0,1,0,0,6.0,5.0,6.807462686567164,1.0070493454179252,1
286,88.29,13.0,4.026,0.0,2.0,0,R273H,0,0,0,75.5,0,0,0,1.0,3.0,1,1,5,2,0.0,0.0,0,1,0,3.0,4.0,4.87910447761194,0.4038103126941396,0
287,82.17,15.0,4.03,3.0,3.0,0,0,0,0,0,90.56666667,1,0,1,2.0,2.0,0,3,4,0,0.0,0.0,2,0,0,4.0,4.0,5.830597014925374,0.35570310647379655,1
288,57.41,25.0,5.05,1.0,1.0,H1047R,0,0,0,0,135.16666669999998,0,1,0,2.0,3.0,2,1,6,3,0.0,0.0,0,0,1,6.0,5.0,6.411194029850746,2.153934520390581,1
289,50.32,15.0,3.03,0.0,1.0,0,0,0,0,0,112.1333333,1,0,1,1.0,2.0,2,3,9,0,0.0,0.0,2,0,0,2.0,3.0,3.5074626865671643,1.4534883720930232,0
290,56.73,26.0,5.052,1.0,5.0,E542K,0,W328Efs*23,0,0,100.8333333,1,0,0,2.0,3.0,2,3,0,0,0.0,0.0,1,0,1,6.0,5.0,6.411940298507463,2.331141661685595,1
291,71.58,17.0,4.034,1.0,4.0,H1047R,0,0,0,V202Cfs*7,103.4666667,1,0,0,2.0,2.0,0,6,4,1,0.0,1.0,1,0,0,4.0,4.0,5.032089552238806,0.5383153894870172,1
292,61.67,26.0,3.052,0.0,2.0,E545K,0,0,0,0,45.03333333,1,0,1,2.0,2.0,2,6,8,1,0.0,0.0,2,0,1,4.0,4.0,4.2656716417910445,1.1998154130133825,0
293,49.87,33.0,5.066,5.0,5.0,0,0,0,0,0,55.46666667,1,0,1,4.0,2.0,1,3,9,1,0.0,1.0,2,0,1,8.0,6.0,8.517164179104478,3.343465045592706,2
294,40.07,23.0,4.046,1.0,1.0,0,0,0,0,0,132.53333329999998,1,0,1,2.0,2.0,2,2,8,0,0.0,0.0,2,0,0,4.0,4.0,5.036567164179104,23.0,1
295,56.96,24.0,4.048,0.0,4.0,0,C141R X126_splice,0,0,0,72.26666667,0,0,0,2.0,3.0,1,6,1,2,0.0,0.0,0,1,1,6.0,5.0,5.637313432835821,2.1226415094339623,1
296,54.38,35.0,3.07,2.0,3.0,N345K,0,0,0,0,112.5666667,1,0,1,2.0,3.0,2,2,3,1,0.0,0.0,2,0,1,6.0,5.0,4.072388059701492,1.2169680111265644,0
297,63.2,16.0,2.032,0.0,5.0,N345K,0,X308_splice,0,0,50.06666667,1,0,0,1.0,3.0,1,2,9,1,0.0,0.0,1,0,0,3.0,4.0,2.1350746268656717,0.3448275862068965,0
298,54.43,23.0,4.046,0.0,3.0,N345K,R248Q,0,0,0,62.8,1,0,0,2.0,3.0,1,3,10,0,0.0,0.0,1,0,0,6.0,5.0,5.636567164179104,2.390852390852391,1
299,61.11,49.5,6.2,5.0,4.0,0,Q165*,0,0,0,43.13333333,0,0,0,3.0,3.0,1,1,2,0,0.0,1.0,0,1,1,9.0,6.0,9.190298507462687,3.517290383704406,2
300,90.02,20.0,3.04,0.0,5.0,0,0,0,0,0,46.83333333,1,0,1,1.0,2.0,1,2,3,1,0.0,0.0,2,0,0,2.0,3.0,3.5111940298507465,0.39984006397441024,0
301,56.84,18.0,3.036,0.0,4.0,0,S166*,0,0,0,99.33333333,1,0,1,1.0,2.0,1,3,1,0,0.0,0.0,2,0,0,2.0,3.0,3.5097014925373133,1.0688836104513062,0
302,49.28,49.5,4.1,2.0,1.0,E545K,0,0,0,0,134.5,1,0,1,2.0,2.0,0,5,4,1,0.0,0.0,2,0,1,4.0,4.0,5.456716417910448,5.334051724137931,1
303,85.09,34.0,5.0680000000000005,2.0,5.0,0,Y163C,0,0,0,35.6,1,0,0,3.0,3.0,0,3,7,0,0.0,0.0,1,0,1,9.0,6.0,7.567910447761194,1.1310711909514304,2
304,81.44,22.0,3.044,0.0,5.0,0,0,0,0,0,114.0,1,0,1,2.0,2.0,2,6,4,1,0.0,1.0,2,0,0,4.0,4.0,4.262686567164179,0.5308880308880309,0
305,60.5,16.0,4.032,0.0,1.0,0,I195T,0,0,0,132.7666667,0,1,0,1.0,3.0,1,6,6,3,0.0,0.0,0,0,0,3.0,4.0,4.88134328358209,1.1707317073170733,0
306,60.48,21.0,3.042,0.0,10.0,E545K E726K,0,0,R364Pfs*21,0,120.5666667,1,0,1,1.0,2.0,2,2,4,1,0.0,1.0,2,0,0,2.0,3.0,3.5119402985074624,1.0253906250000002,0
307,58.98,13.0,6.026,5.0,2.0,0,E285K,0,0,0,39.3,0,0,0,3.0,3.0,0,0,10,2,0.0,1.0,0,1,0,9.0,6.0,9.125373134328358,1.0273972602739727,2
308,87.18,26.0,5.052,2.0,1.0,0,R337C,0,0,0,28.6,1,1,0,2.0,3.0,1,3,6,3,0.0,1.0,1,0,1,6.0,5.0,6.811940298507462,0.8266214497668503,1
309,33.97,49.5,5.14,4.0,1.0,0,0,L327Tfs*28,0,0,43.86666667,1,0,0,2.0,2.0,2,2,0,0,0.0,0.0,1,0,1,4.0,4.0,6.644776119402985,49.5,1
310,58.35,13.0,4.026,0.0,3.0,Q546K,S90Pfs*33,0,0,0,105.6,0,1,0,1.0,3.0,2,1,6,3,0.0,1.0,0,0,0,3.0,4.0,4.87910447761194,1.0626702997275204,0
311,60.95,26.0,6.0520000000000005,4.0,3.0,0,0,0,0,0,129.6,1,0,0,2.0,3.0,1,2,0,1,0.0,0.0,1,0,1,6.0,5.0,7.985074626865671,1.861575178997613,2
312,67.94,39.0,5.078,3.0,1.0,0,R175H,0,0,0,131.2666667,1,0,1,2.0,3.0,1,3,7,0,0.0,0.0,2,0,1,6.0,5.0,7.221641791044776,2.0937723693629207,2
313,61.78,15.0,2.03,0.0,4.0,H1047R,0,0,A1332_H1333ins*,Q23*,88.23333333,0,0,0,1.0,3.0,2,6,4,1,0.0,0.0,0,1,0,3.0,4.0,2.134328358208955,0.3443526170798898,0
314,76.49,17.0,3.034,0.0,1.0,0,0,P425Afs*60,0,0,107.46666670000002,1,0,1,1.0,2.0,1,2,0,0,0.0,0.0,2,0,0,2.0,3.0,3.508955223880597,0.46588106330501516,0
315,59.34,11.0,1.022,0.0,2.0,0,0,Y344*,0,0,27.4,1,0,1,2.0,3.0,2,3,8,0,0.0,0.0,2,0,0,6.0,5.0,3.0082089552238807,0.8531540847983452,0
316,54.29,49.5,5.16,3.0,2.0,0,G245V,0,0,0,111.1,1,0,1,3.0,3.0,2,3,10,0,0.0,1.0,2,0,1,9.0,6.0,8.00223880597015,5.19594121763471,2
317,54.15,20.0,4.04,0.0,4.0,H1047R E81K,0,0,0,0,130.7,1,0,1,1.0,3.0,1,2,10,0,0.0,0.0,2,0,0,3.0,4.0,4.884328358208955,2.1201413427561837,0
318,54.62,25.0,4.05,0.0,1.0,0,R175H,0,0,0,130.4333333,1,0,0,2.0,3.0,1,6,5,2,0.0,0.0,1,0,1,6.0,5.0,5.638059701492537,2.564979480164159,1
319,74.02,23.0,4.046,3.0,1.0,0,0,0,0,0,132.3,1,0,1,2.0,2.0,0,6,3,1,0.0,0.0,2,0,0,4.0,4.0,5.836567164179105,0.6760728982951206,1
320,33.83,22.0,4.044,0.0,1.0,0,Q136*,0,0,0,132.7666667,0,1,0,2.0,3.0,2,1,6,3,0.0,0.0,0,0,0,6.0,5.0,5.635820895522388,33.0,1
321,51.86,13.0,4.026,0.0,4.0,H1047L,F338Rfs*8,0,0,0,94.56666667,1,0,0,1.0,3.0,2,2,10,1,0.0,0.0,1,0,0,3.0,4.0,4.87910447761194,1.6441821247892077,0
322,54.22,19.0,4.038,0.0,2.0,0,Y107*,0,0,0,36.4,0,0,0,1.0,3.0,2,0,1,2,0.0,1.0,0,1,0,3.0,4.0,4.883582089552239,2.0042194092827006,0
323,39.53,16.0,5.032,1.0,2.0,0,R337C,0,0,0,24.86666667,0,1,0,2.0,3.0,1,5,6,3,0.0,1.0,0,0,0,6.0,5.0,6.404477611940299,24.0,1
324,49.61,21.0,5.042,2.0,2.0,0,0,0,0,0,74.46666667,1,0,1,2.0,3.0,2,3,0,0,0.0,1.0,2,0,0,6.0,5.0,6.80820895522388,3.277835587929241,1
325,38.72,22.0,5.044,3.0,5.0,0,R248G,0,0,0,82.63333333,1,1,1,2.0,3.0,2,1,7,0,0.0,0.0,2,0,0,6.0,5.0,7.208955223880597,33.0,2
326,60.78,49.5,6.1,5.0,4.0,K111E,C238R,0,0,0,36.76666667,1,0,0,3.0,3.0,2,2,10,0,0.0,1.0,1,0,1,9.0,6.0,9.152985074626866,3.573147256977863,2
327,57.57,32.0,4.064,0.0,1.0,E542K,0,0,0,0,89.96666667,1,0,1,2.0,3.0,2,2,3,1,0.0,0.0,2,0,1,6.0,5.0,5.643283582089552,2.7319294251565167,1
328,57.36,15.0,3.03,0.0,1.0,H1047R,0,0,0,0,86.9,1,0,1,1.0,2.0,0,5,3,1,0.0,0.0,2,0,0,2.0,3.0,3.5074626865671643,0.8640552995391705,0
329,50.64,25.0,2.05,0.0,5.0,0,0,0,0,0,112.9333333,1,0,1,2.0,3.0,2,0,4,2,0.0,0.0,2,0,1,6.0,5.0,2.8917910447761193,1.1748120300751879,0
330,41.46,10.0,4.02,0.0,1.0,0,L111P,0,0,0,90.56666667,0,0,0,1.0,3.0,0,6,5,2,0.0,0.0,0,1,0,3.0,4.0,4.876865671641791,10.27397260273972,0
331,81.9,30.0,5.06,5.0,2.0,0,0,L354Rfs*47 K358Pfs*9,0,0,101.9666667,1,0,1,3.0,2.0,0,2,4,1,0.0,0.0,2,0,1,6.0,5.0,7.764925373134329,0.7159904534606204,2
332,43.4,30.0,3.06,0.0,2.0,N345K,0,0,0,K664*,125.8,1,0,1,3.0,2.0,2,2,4,0,0.0,0.0,2,0,1,6.0,5.0,5.018656716417911,8.82352941176471,1
333,85.21,28.0,4.056,0.0,1.0,0,0,0,0,0,81.13333333,1,0,1,2.0,3.0,2,3,9,0,0.0,0.0,2,0,1,6.0,5.0,5.640298507462687,0.9289980092899803,1
334,77.22,40.0,6.08,5.0,2.0,E545K,P278S,0,0,0,36.63333333,0,0,0,3.0,3.0,1,6,5,2,0.0,1.0,0,1,1,9.0,6.0,9.145522388059701,1.6120365394948952,2
335,63.19,19.0,6.037999999999999,5.0,2.0,0,G245S,0,0,0,71.8,0,0,0,2.0,3.0,0,6,4,2,0.0,1.0,0,1,0,6.0,5.0,8.379850746268657,1.2289780077619665,2
336,60.0,26.0,4.052,4.0,2.0,H1047R,0,0,0,0,130.9,1,0,1,2.0,3.0,2,5,3,1,0.0,0.0,2,0,1,6.0,5.0,5.238805970149253,0.65,1
337,57.27,29.0,3.0580000000000003,0.0,7.0,E545K,0,0,0,0,73.7,1,0,1,2.0,2.0,2,2,4,1,0.0,0.0,2,0,1,4.0,4.0,4.267910447761194,1.6792125072379847,0
338,36.56,22.0,4.044,0.0,1.0,0,R110Pfs*39,0,0,0,67.46666667,0,0,0,2.0,3.0,2,0,1,2,0.0,0.0,0,1,0,6.0,5.0,5.635820895522388,33.0,1
339,48.93,21.0,4.042,0.0,1.0,0,P27L,0,0,0,71.5,1,0,1,2.0,3.0,1,2,9,1,0.0,0.0,2,0,0,6.0,5.0,5.635074626865672,3.5274356103023514,1
340,56.41,30.0,6.06,5.0,5.0,0,0,0,0,0,82.1,0,0,0,2.0,3.0,0,6,4,2,0.0,0.0,0,1,1,6.0,5.0,8.388059701492537,2.742230347349178,2
341,60.77,23.0,3.0460000000000003,0.0,3.0,0,0,0,0,0,101.2333333,1,0,1,2.0,2.0,2,2,8,1,0.0,0.0,2,0,0,4.0,4.0,4.263432835820896,1.107366393837265,0
342,68.16,21.0,4.042,0.0,4.0,H1047R R108H,0,S401Yfs*101,0,0,130.46666670000002,1,0,1,2.0,3.0,1,2,3,1,0.0,0.0,2,0,0,6.0,5.0,5.635074626865672,1.1186079545454546,1
343,56.38,12.0,3.024,1.0,6.0,H1047R,0,0,0,0,60.7,1,0,1,2.0,3.0,1,2,4,1,0.0,0.0,2,0,0,6.0,5.0,3.6552238805970148,0.3663003663003662,0
344,60.74,21.0,5.042,1.0,2.0,H1047R,C135W,0,0,0,45.8,0,0,1,2.0,3.0,2,1,10,0,0.0,1.0,1,0,0,6.0,5.0,6.408208955223881,1.5188042430086788,1
345,58.71,18.0,4.0360000000000005,0.0,1.0,0,0,0,0,0,23.8,1,0,1,1.0,3.0,1,2,3,1,0.0,0.0,2,0,0,3.0,4.0,4.882835820895522,1.443078567610903,0
346,42.68,11.0,3.022,0.0,5.0,0,0,0,0,0,114.3333333,1,0,0,1.0,2.0,0,5,2,0,0.0,0.0,1,0,0,2.0,3.0,3.5044776119402985,4.104477611940299,0
347,41.48,11.0,4.022,0.0,2.0,0,R248G,0,0,0,115.3,1,0,1,1.0,3.0,0,0,3,0,0.0,0.0,2,0,0,3.0,4.0,4.877611940298507,11.148648648648672,0
348,71.84,49.5,5.12,1.0,5.0,0,0,0,0,0,128.4,1,0,1,3.0,3.0,1,5,10,0,0.0,0.0,2,0,1,9.0,6.0,7.187313432835821,2.3319723618090453,2
349,59.84,31.0,3.062,0.0,3.0,H1047R,0,0,G1008Afs*21 S1256del,0,61.7,1,0,1,2.0,2.0,1,2,3,1,0.0,0.0,2,0,1,4.0,4.0,4.269402985074627,1.5624999999999998,0
350,56.74,24.0,2.048,0.0,4.0,H1047R,0,0,0,0,121.53333329999998,1,0,1,2.0,3.0,1,2,10,1,0.0,0.0,2,0,1,6.0,5.0,2.891044776119403,0.7168458781362006,0
351,73.39,32.0,4.064,1.0,3.0,0,0,T315S,0,0,117.03333329999998,1,0,1,2.0,2.0,2,2,10,1,0.0,0.0,2,0,1,4.0,4.0,5.043283582089552,0.9583707696915243,1
352,42.89,20.0,4.04,1.0,7.0,H1047R,0,0,D1084N,S133Lfs*82,13.4,1,0,1,2.0,2.0,2,3,3,0,0.0,0.0,2,0,0,4.0,4.0,5.034328358208955,6.920415224913493,1
353,62.81,15.0,4.03,0.0,3.0,0,R175H,0,0,0,114.46666670000002,0,0,0,1.0,3.0,2,0,1,2,0.0,0.0,0,1,0,3.0,4.0,4.880597014925373,0.9864094695309074,0
354,47.92,17.0,3.034,0.0,2.0,0,0,S381Ffs*12,0,0,61.9,1,0,1,1.0,2.0,1,2,10,1,0.0,0.0,2,0,0,2.0,3.0,3.508955223880597,2.146464646464646,0
355,61.99,49.5,6.13,5.0,1.0,0,X331_splice,0,0,0,110.96666670000002,1,0,0,3.0,3.0,1,6,4,1,0.0,0.0,1,0,1,9.0,6.0,9.164179104477611,3.376534788540245,2
356,52.2,30.0,4.06,3.0,4.0,0,0,0,0,0,212.2,1,0,1,2.0,2.0,2,2,3,1,0.0,0.0,2,0,1,4.0,4.0,5.841791044776119,2.4590163934426226,1
357,54.08,23.0,2.0,0.0,7.0,0,R248W,0,0,R124Pfs*44,2.5,0,1,0,2.0,3.0,0,1,6,1,0.0,0.0,0,0,0,6.0,5.0,3.373134328358209,2.4502840909090913,0
358,40.65,10.0,4.02,0.0,9.0,0,C275Y,0,0,0,80.83333333,1,0,0,2.0,3.0,1,5,4,1,0.0,0.0,1,0,0,6.0,5.0,5.626865671641791,15.0,1
359,48.47,25.0,4.05,0.0,6.0,0,R110P,0,0,K86R,65.86666667,0,0,0,2.0,3.0,2,0,5,2,0.0,0.0,0,1,1,6.0,5.0,5.638059701492537,4.427390791027155,1
360,72.18,15.0,4.03,0.0,7.0,0,0,0,0,0,139.6333333,1,0,1,2.0,3.0,2,3,2,0,0.0,0.0,2,0,0,6.0,5.0,5.630597014925373,0.6991920447482907,1
361,73.22,19.0,4.038,2.0,1.0,0,0,0,0,0,109.8333333,1,0,1,2.0,2.0,1,6,4,1,0.0,0.0,2,0,0,4.0,4.0,5.433582089552239,0.571944611679711,1
362,53.64,26.0,5.052,1.0,3.0,0,Q104*,0,0,0,193.9666667,1,0,0,2.0,3.0,1,2,2,1,0.0,0.0,1,0,1,6.0,5.0,6.411940298507463,2.859237536656891,1
363,67.46,25.0,5.05,5.0,7.0,0,0,0,0,0,48.53333333,1,0,1,4.0,2.0,2,2,9,0,0.0,1.0,2,0,1,8.0,6.0,8.511194029850746,0.9104151493080846,2
364,60.12,16.0,4.032,0.0,6.0,0,0,0,0,0,163.8666667,1,0,1,1.0,3.0,2,5,5,1,0.0,0.0,2,0,0,3.0,4.0,4.88134328358209,1.1928429423459246,0
365,59.07,35.0,5.07,3.0,5.0,H1047R,0,0,0,0,143.1333333,1,0,1,2.0,3.0,2,3,10,0,0.0,1.0,2,0,1,6.0,5.0,7.218656716417911,2.7530152071316203,2
366,51.56,17.0,5.034,2.0,12.0,N345K,0,0,0,L582Dfs*4,124.1,1,0,1,2.0,3.0,0,6,4,1,0.0,0.0,2,0,0,6.0,5.0,6.805223880597015,2.2058823529411757,1
367,46.66,12.0,3.024,0.0,3.0,0,0,X308_splice,0,0,199.1333333,1,0,1,1.0,2.0,0,2,9,1,0.0,0.0,2,0,0,2.0,3.0,3.505223880597015,1.8018018018018027,0
368,67.88,20.0,4.04,0.0,2.0,0,H179R,0,0,0,147.3666667,1,0,0,1.0,3.0,2,3,0,0,0.0,0.0,1,0,0,3.0,4.0,4.884328358208955,1.0760401721664277,0
369,59.8,14.0,3.028,1.0,1.0,C420R,0,0,0,0,113.5666667,1,0,0,2.0,3.0,2,6,4,1,0.0,0.0,1,0,0,6.0,5.0,3.656716417910448,0.3535353535353536,0
370,61.89,37.0,6.074,5.0,5.0,0,0,0,0,0,24.1,1,0,1,2.0,3.0,2,2,10,0,0.0,1.0,2,0,1,6.0,5.0,8.393283582089552,2.5354042941982637,2
371,66.11,12.0,2.024,0.0,5.0,0,0,0,0,0,194.5333333,0,0,0,1.0,3.0,2,6,4,2,0.0,0.0,0,1,0,3.0,4.0,2.132089552238806,0.2297970126388357,0
372,38.86,19.0,4.038,0.0,2.0,0,0,0,0,0,174.2666667,1,0,0,1.0,3.0,2,2,10,0,0.0,0.0,1,0,0,3.0,4.0,4.883582089552239,28.5,0
373,39.3,23.0,6.046,5.0,4.0,0,0,0,0,0,48.6,1,0,1,2.0,3.0,1,5,0,0,0.0,1.0,2,0,0,6.0,5.0,8.382835820895522,34.5,2
374,74.46,49.5,5.104,1.0,3.0,0,0,0,0,0,79.33333333,1,0,1,3.0,3.0,0,3,9,1,0.0,0.0,2,0,1,9.0,6.0,7.181343283582089,2.15467208357516,2
375,83.92,26.0,6.0520000000000005,5.0,5.0,0,C242S,0,K381Rfs*55 I284Kfs*12,0,41.16666667,1,0,0,2.0,3.0,1,5,7,0,0.0,0.0,1,0,1,6.0,5.0,8.385074626865672,0.8879781420765027,2
376,60.12,15.0,4.03,1.0,4.0,H1047R,0,0,0,F833S,132.3333333,1,0,0,2.0,2.0,2,3,9,0,0.0,1.0,1,0,0,4.0,4.0,5.030597014925373,0.7455268389662029,1
377,76.32,32.0,3.064,0.0,2.0,Q546R,0,0,0,0,51.96666667,1,0,1,2.0,2.0,2,5,4,1,0.0,1.0,2,0,1,4.0,4.0,4.2701492537313435,0.8810572687224671,0
378,61.53,29.0,6.058,5.0,4.0,E545K,0,0,0,0,68.06666667,1,1,0,2.0,3.0,2,1,6,3,0.0,1.0,1,0,1,6.0,5.0,8.387313432835821,2.0204366000928933,2
379,86.99,20.0,5.04,5.0,2.0,0,0,0,0,0,85.73333333,1,1,0,2.0,2.0,1,2,6,1,0.0,0.0,1,0,0,4.0,4.0,7.007462686567164,0.4256224728665674,2
380,82.35,16.0,2.032,0.0,10.0,H1047R D1029H H1048R,0,0,M1081Ifs*4,0,111.1666667,1,0,1,1.0,3.0,1,2,9,1,0.0,0.0,2,0,0,3.0,4.0,4.135074626865672,0.5667060212514758,0
381,69.88,28.0,4.056,0.0,8.0,0,0,0,0,0,97.83333333,0,0,0,2.0,3.0,2,6,1,2,0.0,0.0,0,1,1,6.0,5.0,5.640298507462687,1.4056224899598395,1
382,47.71,25.0,4.05,0.0,3.0,0,0,E359Afs*44,0,0,161.7666667,1,0,1,2.0,3.0,2,2,8,0,0.0,0.0,2,0,1,6.0,5.0,5.638059701492537,4.863813229571984,1
383,61.28,17.0,4.034,1.0,4.0,H1047R,0,0,R580Kfs*11 T1114Rfs*17,0,181.4666667,1,0,1,2.0,2.0,1,2,8,1,0.0,0.0,2,0,0,4.0,4.0,5.032089552238806,0.7988721804511277,1
384,74.96,23.0,6.046,5.0,3.0,0,0,0,0,0,59.5,1,0,1,2.0,3.0,2,3,4,0,0.0,1.0,2,0,0,6.0,5.0,8.382835820895522,0.9868421052631582,2
385,68.99,20.0,4.04,0.0,9.0,0,Q192*,0,0,0,272.2,1,0,1,2.0,3.0,2,3,7,0,0.0,0.0,2,0,0,6.0,5.0,5.634328358208955,1.0348395998620217,1
386,61.79,20.0,2.04,0.0,9.0,N345K N1044K,0,0,V412Tfs*12 C355Y,0,149.8666667,1,0,1,1.0,3.0,1,2,8,0,0.0,0.0,2,0,0,3.0,4.0,2.138059701492537,0.4589261128958238,0
387,76.22,49.5,3.13,0.0,5.0,0,0,0,0,0,163.2,1,0,1,2.0,2.0,1,6,8,1,0.0,0.0,2,0,1,4.0,4.0,2.794776119402985,1.3666482606294865,0
388,71.21,21.0,5.042,1.0,5.0,E545K,Y236C,0,D1040* K1041Nfs*41,0,119.8,1,0,1,2.0,3.0,2,2,2,0,0.0,0.0,2,0,0,6.0,5.0,6.408208955223881,1.0092918936238386,1
389,48.1,49.5,5.11,4.0,3.0,0,0,0,0,0,128.5666667,1,0,1,3.0,2.0,2,2,4,1,0.0,0.0,2,0,1,6.0,5.0,7.383582089552238,6.11111111111111,2
390,68.47,21.0,6.042000000000001,5.0,5.0,N345K,0,R364G,0,0,31.0,1,0,1,2.0,3.0,1,3,2,0,0.0,1.0,2,0,0,6.0,5.0,8.38134328358209,1.106427818756586,2
391,51.42,10.0,3.02,0.0,3.0,0,0,0,L670*,0,65.4,1,0,0,1.0,2.0,0,3,8,0,0.0,0.0,1,0,0,2.0,3.0,3.503731343283582,0.8756567425569176,0
392,59.64,42.0,5.084,5.0,2.0,E545K M1043V,0,0,0,0,110.1,1,0,1,2.0,2.0,0,5,4,1,0.0,0.0,2,0,1,4.0,4.0,7.023880597014925,2.1384928716904277,2
393,70.53,29.0,4.058,1.0,3.0,P449T,0,0,0,0,92.76666667,1,0,0,2.0,2.0,1,3,8,1,0.0,0.0,1,0,1,4.0,4.0,5.041044776119403,0.9498853586636096,1
394,33.8,40.0,5.08,2.0,2.0,C420R,H214Lfs*33,0,0,0,79.36666667,1,0,1,2.0,3.0,1,2,4,0,0.0,1.0,2,0,1,6.0,5.0,6.822388059701492,50.0,1
395,96.29,26.0,6.0520000000000005,5.0,5.0,H1047R,L194R,0,0,0,7.866666667,0,0,0,2.0,3.0,1,0,8,2,0.0,1.0,0,1,1,6.0,5.0,8.385074626865672,0.6928406466512701,2
396,84.76,30.0,4.06,0.0,6.0,0,P151H,0,S1256del,0,15.53333333,0,0,0,2.0,3.0,2,0,1,2,0.0,0.0,0,1,1,6.0,5.0,5.641791044776119,1.005361930294906,1
397,75.67,22.0,3.044,0.0,3.0,H1047R,0,0,0,0,62.63333333,1,0,1,2.0,2.0,2,2,3,1,0.0,0.0,2,0,0,4.0,4.0,4.262686567164179,0.6167647883375386,0
398,41.31,20.0,4.04,0.0,1.0,0,0,0,0,0,118.2,1,0,1,1.0,3.0,2,3,8,0,0.0,0.0,2,0,0,3.0,4.0,4.884328358208955,22.900763358778587,0
399,76.72,28.0,5.056,1.0,3.0,0,R175H,0,0,0,115.7,1,0,0,2.0,3.0,2,3,7,0,0.0,1.0,1,0,1,6.0,5.0,6.413432835820895,1.1437908496732025,1
400,77.99,49.5,4.13,1.0,4.0,0,0,0,0,0,77.23333333,1,0,0,3.0,2.0,0,2,7,1,0.0,0.0,1,0,1,6.0,5.0,5.817910447761195,1.302974466964991,1
401,50.41,24.0,4.048,1.0,5.0,0,R196*,X308_splice R329Gfs*26,0,0,91.26666667,1,0,1,2.0,2.0,0,2,10,0,0.0,0.0,2,0,1,4.0,4.0,5.037313432835821,2.3054755043227675,1
402,76.35,22.0,3.044,0.0,2.0,H1047R,0,0,0,0,119.73333329999998,0,0,0,2.0,2.0,2,5,5,1,0.0,0.0,0,1,0,4.0,4.0,4.262686567164179,0.6052269601100414,0
403,59.96,35.0,5.07,5.0,4.0,0,0,F430Lfs*77,0,0,125.8,1,1,0,4.0,2.0,1,3,6,0,0.0,0.0,1,0,1,8.0,6.0,8.51865671641791,1.753507014028056,2
404,60.27,30.0,6.06,5.0,1.0,0,0,0,0,0,72.46666667,1,0,1,2.0,3.0,2,3,10,0,0.0,0.0,2,0,1,6.0,5.0,8.388059701492537,2.2200296003946716,2
405,84.0,17.0,4.034,0.0,2.0,E110del,0,0,0,0,119.46666670000002,1,0,0,1.0,3.0,2,3,9,0,0.0,1.0,1,0,0,3.0,4.0,4.882089552238806,0.5795454545454546,0
406,62.34,49.5,5.18,5.0,2.0,0,0,0,0,L442Wfs*13,34.66666667,0,1,0,3.0,2.0,2,1,6,3,0.0,1.0,0,0,1,6.0,5.0,7.809701492537313,2.2157564905998206,2
407,77.96,45.0,5.09,1.0,6.0,H1047L,0,S401Vfs*106,0,0,44.23333333,1,0,0,3.0,3.0,2,3,4,0,0.0,0.0,1,0,1,9.0,6.0,7.176119402985075,1.778187565858799,2
408,77.48,16.0,3.032,0.0,5.0,H1047R,0,Y344C,0,0,107.1,1,0,1,1.0,2.0,2,2,3,1,0.0,0.0,2,0,0,2.0,3.0,3.5082089552238807,0.4268943436499466,0
409,64.55,17.0,4.034,2.0,3.0,H1047R,0,0,D1431G,0,113.2,1,0,1,2.0,2.0,2,5,3,1,0.0,0.0,2,0,0,4.0,4.0,5.432089552238805,0.6924643584521386,1
410,77.48,24.0,5.048,5.0,4.0,V105del K148N,0,0,0,0,89.36666667,1,0,1,2.0,2.0,2,3,3,0,0.0,1.0,2,0,1,4.0,4.0,7.01044776119403,0.6403415154749199,2
411,46.85,24.0,4.048,1.0,3.0,0,0,0,0,0,123.26666670000002,1,0,0,2.0,2.0,1,2,4,1,0.0,0.0,1,0,1,4.0,4.0,5.037313432835821,3.5036496350364956,1
412,70.5,27.0,6.053999999999999,5.0,2.0,0,0,0,0,0,111.0,1,0,0,2.0,3.0,1,2,7,0,0.0,0.0,1,0,1,6.0,5.0,8.385820895522388,1.3278688524590163,2
413,32.99,25.0,6.05,5.0,2.0,0,Y126C,0,0,0,29.66666667,1,0,0,2.0,3.0,1,3,1,0,0.0,1.0,1,0,1,6.0,5.0,8.384328358208954,37.5,2
414,79.52,21.0,4.042,1.0,7.0,A1066Cfs*7,0,0,L765Ffs*7,0,121.96666670000002,1,0,1,2.0,2.0,2,2,8,1,0.0,0.0,2,0,0,4.0,4.0,5.035074626865671,0.5313765182186235,1
415,58.08,18.0,3.036,0.0,3.0,N345K,0,0,0,Q23*,114.6,1,0,1,1.0,2.0,2,2,9,1,0.0,0.0,2,0,0,2.0,3.0,3.5097014925373133,0.9955752212389382,0
416,83.19,18.0,3.036,0.0,5.0,0,0,0,0,0,27.46666667,1,0,0,1.0,2.0,1,3,3,0,0.0,1.0,1,0,0,2.0,3.0,3.5097014925373133,0.4167631396156518,0
417,53.1,30.0,5.06,2.0,5.0,H1047L,E285K,0,0,0,87.83333333,1,0,1,2.0,3.0,1,2,4,0,0.0,0.0,2,0,1,6.0,5.0,6.814925373134328,3.4351145038167936,1
418,76.81,25.0,6.05,5.0,10.0,0,R175H,0,0,0,63.96666667,0,0,0,2.0,3.0,2,6,1,2,0.0,0.0,0,1,1,6.0,5.0,8.384328358208954,1.0187449062754685,2
419,51.15,14.0,4.0280000000000005,2.0,2.0,0,R249S,0,0,0,98.7,1,0,0,2.0,2.0,2,2,9,0,0.0,1.0,1,0,0,4.0,4.0,5.429850746268657,1.2556053811659194,1
420,71.3,18.0,4.0360000000000005,2.0,5.0,0,0,0,0,0,76.7,1,0,0,2.0,2.0,2,6,4,1,0.0,0.0,1,0,0,4.0,4.0,5.432835820895522,0.5750798722044729,1
421,75.65,24.0,4.048,0.0,3.0,Q546R,R273C,0,0,0,104.5333333,1,0,1,2.0,3.0,0,3,10,0,0.0,0.0,2,0,1,6.0,5.0,5.637313432835821,1.0098176718092564,1
422,60.2,49.5,3.12,0.0,3.0,C420R,E287*,0,0,0,48.8,0,0,0,3.0,2.0,1,6,5,2,0.0,0.0,0,1,1,6.0,5.0,5.041044776119403,2.45049504950495,1
423,48.99,19.0,5.038,1.0,4.0,0,0,0,0,P385Rfs*7,119.3333333,1,0,1,2.0,3.0,1,2,7,0,0.0,0.0,2,0,0,6.0,5.0,6.406716417910448,3.170189098998887,1
424,38.75,3.0,4.006,3.0,1.0,0,Y234C,0,0,0,34.76666667,0,1,0,2.0,2.0,2,5,6,3,0.0,0.0,0,0,0,4.0,4.0,5.821641791044776,3.0,1
425,75.98,38.0,5.0760000000000005,3.0,5.0,0,0,0,0,0,29.03333333,1,0,0,2.0,3.0,2,3,8,0,0.0,0.0,1,0,1,6.0,5.0,7.22089552238806,1.5842134519177318,2
426,72.14,40.0,2.08,0.0,5.0,0,0,0,0,0,92.96666667,0,0,0,2.0,3.0,0,6,4,2,0.0,0.0,0,1,1,6.0,5.0,2.9029850746268657,0.6222775357809583,0
427,63.86,17.0,3.034,0.0,3.0,E542K,0,0,0,0,101.9,1,0,1,1.0,2.0,1,3,3,1,0.0,0.0,2,0,0,2.0,3.0,3.508955223880597,0.7124895222129086,0
428,38.9,25.0,5.05,1.0,1.0,0,0,0,0,0,94.23333333,1,0,0,2.0,3.0,1,5,4,0,0.0,0.0,1,0,1,6.0,5.0,6.411194029850746,37.5,1
429,62.97,14.0,5.0280000000000005,1.0,5.0,0,0,0,0,0,112.8,1,0,0,2.0,3.0,2,6,4,2,0.0,0.0,1,0,0,6.0,5.0,6.402985074626866,0.9142359599477579,1
430,70.04,30.0,4.06,1.0,2.0,E545G,0,0,0,Y37Pfs*14,33.56666667,1,0,1,2.0,2.0,2,2,4,1,0.0,0.0,2,0,1,4.0,4.0,5.041791044776119,0.9986684420772302,1
431,66.52,12.0,3.024,0.0,2.0,H1047R T727K,0,0,0,0,111.0666667,1,0,1,1.0,2.0,0,5,4,1,0.0,0.0,2,0,0,2.0,3.0,3.505223880597015,0.4524886877828055,0
432,64.28,16.0,4.032,1.0,2.0,H1047R,0,0,0,0,64.03333333,1,0,0,2.0,2.0,2,2,3,1,0.0,0.0,1,0,0,4.0,4.0,5.031343283582089,0.6589785831960461,1
433,61.11,20.0,4.04,0.0,6.0,0,F134L,0,0,0,35.53333333,1,0,0,2.0,3.0,2,3,0,1,0.0,1.0,1,0,0,6.0,5.0,5.634328358208955,1.4211274277593557,1
434,54.1,20.0,5.04,0.0,3.0,H1047L,R280T,0,0,0,0.7666666670000001,0,0,0,2.0,3.0,1,6,5,2,0.0,0.0,0,1,0,6.0,5.0,6.007462686567164,2.127659574468085,1
435,63.98,10.0,3.02,0.0,5.0,0,0,0,0,0,105.96666670000002,1,0,0,1.0,2.0,1,5,8,0,0.0,0.0,1,0,0,2.0,3.0,3.503731343283582,0.41701417848206845,0
436,38.35,20.0,4.04,0.0,2.0,0,0,N331Ifs*21,0,0,86.8,1,1,1,1.0,3.0,2,3,0,0,0.0,0.0,2,0,0,3.0,4.0,4.884328358208955,30.0,0
437,84.41,25.0,4.05,1.0,3.0,E545A,0,0,0,0,47.43333333,1,0,1,2.0,2.0,1,2,9,1,0.0,1.0,2,0,1,4.0,4.0,5.0380597014925375,0.5629362756136006,1
438,51.92,20.0,3.04,0.0,4.0,H1047R E80K,0,0,0,0,56.5,1,0,0,1.0,2.0,1,2,4,1,0.0,0.0,1,0,0,2.0,3.0,3.5111940298507465,1.6778523489932884,0
439,55.99,5.0,4.01,0.0,5.0,0,0,0,0,0,17.76666667,0,0,0,2.0,2.0,1,6,4,1,0.0,0.0,0,1,0,4.0,4.0,4.6231343283582085,0.3126954346466541,0
440,26.36,12.0,4.024,0.0,1.0,0,R273H,0,0,0,32.63333333,1,0,1,1.0,3.0,2,2,7,0,0.0,1.0,2,0,0,3.0,4.0,4.878358208955223,18.0,0
441,75.71,31.0,4.062,0.0,4.0,0,V272G,0,0,0,80.66666667,1,0,1,2.0,3.0,2,3,1,0,0.0,0.0,2,0,1,6.0,5.0,5.642537313432836,1.3021562587510505,1
442,66.95,32.0,4.064,1.0,2.0,E542K,0,0,0,0,103.7666667,1,0,0,2.0,2.0,0,5,4,1,0.0,0.0,1,0,1,4.0,4.0,5.043283582089552,1.1873840445269015,1
443,50.39,18.0,4.0360000000000005,0.0,3.0,0,R248Q,0,0,0,75.4,0,0,0,1.0,3.0,2,0,1,1,0.0,0.0,0,1,0,3.0,4.0,4.882835820895522,2.598652550529355,0
444,66.09,13.0,3.026,0.0,3.0,H1047R,0,0,0,0,61.33333333,1,0,1,1.0,2.0,2,5,8,1,0.0,0.0,2,0,0,2.0,3.0,3.505970149253731,0.4982752012265235,0
445,56.34,14.0,4.0280000000000005,1.0,5.0,0,0,0,0,0,102.5666667,1,0,0,2.0,2.0,1,6,4,1,0.0,0.0,1,0,0,4.0,4.0,5.029850746268657,0.8567931456548346,1
446,79.12,20.0,2.04,0.0,2.0,C420R,0,E262V,0,0,84.2,1,0,1,1.0,3.0,2,2,9,1,0.0,0.0,2,0,0,3.0,4.0,2.138059701492537,0.25562372188139054,0
447,73.46,49.5,6.12,5.0,3.0,0,T304Nfs*42,0,0,0,19.73333333,0,1,0,3.0,3.0,2,1,6,2,0.0,0.0,0,0,1,9.0,6.0,9.16044776119403,2.219067543335326,2
448,71.06,30.0,5.06,5.0,2.0,H1047R,0,0,S699Nfs*22,0,93.3,1,0,1,3.0,2.0,2,6,4,1,0.0,0.0,2,0,1,6.0,5.0,7.764925373134329,0.9658725048293625,2
449,67.06,33.0,5.066,5.0,2.0,E545K,0,0,0,0,15.16666667,1,0,0,2.0,2.0,2,3,9,1,0.0,1.0,1,0,1,4.0,4.0,7.017164179104477,1.2195121951219512,2
450,60.62,8.0,4.016,4.0,3.0,E545K,0,X308_splice,0,0,61.43333333,1,0,1,2.0,3.0,1,2,8,1,0.0,0.0,2,0,0,6.0,5.0,5.225373134328358,0.19398642095053348,1
451,79.48,21.0,4.042,2.0,3.0,0,0,Y344*,0,0,25.53333333,1,0,0,2.0,2.0,2,2,2,0,0.0,0.0,1,0,0,4.0,4.0,5.4350746268656716,0.5319148936170213,1
452,85.12,21.0,5.042,1.0,3.0,E726K,R248Q R175H,0,0,0,96.63333333,1,1,1,2.0,3.0,1,1,6,1,0.0,1.0,2,0,0,6.0,5.0,6.408208955223881,0.6981382978723403,1
453,69.95,28.0,5.056,2.0,22.0,H1047L E385K,E285K,0,0,R154Gfs*62,24.8,0,0,0,2.0,3.0,1,1,10,0,0.0,1.0,0,1,1,6.0,5.0,6.813432835820896,1.4023372287145242,1
454,82.5,24.0,2.048,0.0,2.0,H1047L,0,M293K,0,0,69.4,1,0,1,2.0,3.0,1,2,9,1,0.0,0.0,2,0,1,6.0,5.0,2.891044776119403,0.2823529411764706,0
455,69.73,49.5,1.12,0.0,4.0,H1047L,0,L396Pfs*117,0,0,111.0666667,1,0,1,1.0,3.0,1,5,4,1,0.0,0.0,2,0,1,3.0,4.0,3.794776119402985,2.497477295660948,0
456,35.9,49.5,4.2,0.0,4.0,0,V216L,0,0,0,19.03333333,0,1,0,3.0,3.0,2,6,6,3,0.0,1.0,0,0,1,9.0,6.0,6.4440298507462686,50.0,1
457,58.65,49.5,3.2,0.0,5.0,H1047R,0,0,0,F601Lfs*2,30.43333333,1,0,0,2.0,2.0,1,6,4,1,0.0,0.0,1,0,1,4.0,4.0,4.32089552238806,2.6541554959785523,0
458,60.89,25.0,5.05,2.0,3.0,0,R248Q,0,0,0,97.26666667,0,0,0,2.0,3.0,2,6,1,2,0.0,0.0,0,1,1,6.0,5.0,6.811194029850746,1.7951172809956915,1
459,82.87,45.0,3.09,0.0,2.0,0,0,0,0,0,23.33333333,0,0,0,2.0,2.0,1,5,5,2,0.0,1.0,0,1,1,4.0,4.0,4.279850746268656,1.0496850944716585,0
460,52.43,49.5,6.32,5.0,5.0,0,C141Y,0,0,0,18.93333333,0,0,0,1.0,3.0,2,1,1,0,0.0,1.0,0,1,1,3.0,4.0,7.735074626865671,5.9734513274336285,2
461,78.78,8.0,3.016,0.0,5.0,0,0,0,0,0,20.0,1,0,1,1.0,2.0,2,2,8,1,0.0,1.0,2,0,0,2.0,3.0,3.5022388059701495,0.20629190304280556,0
462,50.94,14.0,4.0280000000000005,0.0,4.0,0,D281G,0,0,0,69.8,1,1,1,1.0,3.0,2,5,6,3,0.0,1.0,2,0,0,3.0,4.0,4.879850746268657,1.9195612431444244,0
463,57.76,16.0,4.032,0.0,1.0,0,C238*,0,0,0,55.36666667,0,1,0,1.0,3.0,2,1,6,3,0.0,0.0,0,0,0,3.0,4.0,4.88134328358209,1.3513513513513515,0
464,78.27,49.5,6.167999999999999,5.0,7.0,0,E271Gfs*74,0,0,0,11.06666667,0,0,0,3.0,3.0,2,0,1,2,0.0,1.0,0,1,1,9.0,6.0,9.178358208955224,1.9401620067938334,2
465,61.31,25.0,6.05,5.0,1.0,C420R,0,0,0,0,24.33333333,1,0,1,2.0,3.0,2,2,10,0,0.0,1.0,2,0,1,6.0,5.0,8.384328358208954,1.7597372125762551,2
466,58.83,29.0,4.058,0.0,2.0,0,R213*,0,0,0,112.4,0,0,0,2.0,3.0,2,0,1,2,0.0,0.0,0,1,1,6.0,5.0,5.6410447761194025,2.310143388210303,1
467,82.34,14.0,4.0280000000000005,1.0,7.0,H1047R,0,0,L1477Wfs*43,0,152.06666669999998,1,0,1,2.0,2.0,2,5,8,1,0.0,0.0,2,0,0,4.0,4.0,5.029850746268657,0.33065658951346244,1
468,59.22,39.0,4.078,0.0,2.0,0,R280T,0,0,0,16.6,0,0,0,2.0,3.0,2,0,1,2,0.0,1.0,0,1,1,6.0,5.0,5.648507462686567,3.043704474505723,1
469,79.41,35.0,6.07,4.0,4.0,N345K,R248Q,0,0,0,14.43333333,1,0,1,2.0,3.0,2,3,7,0,0.0,1.0,2,0,1,6.0,5.0,7.991791044776119,1.3321492007104798,2
470,73.64,30.0,2.06,0.0,1.0,N345K,0,0,0,0,1.233333333,1,0,1,2.0,3.0,1,2,8,1,0.0,0.0,2,0,1,6.0,5.0,2.8955223880597014,0.44589774078478,0
471,73.39,47.0,4.093999999999999,0.0,1.0,0,R213*,0,0,0,42.36666667,1,0,1,2.0,3.0,1,3,8,0,0.0,1.0,2,0,1,6.0,5.0,5.654477611940298,2.1114106019766394,1
472,56.47,23.0,6.046,5.0,5.0,H1047R,V218Hfs*5,0,0,0,93.66666667,1,0,0,2.0,3.0,1,3,10,0,0.0,1.0,1,0,0,6.0,5.0,8.382835820895522,2.09471766848816,2
473,83.68,37.0,3.074,2.0,6.0,H1047R K111E,0,0,0,0,149.4,1,0,0,2.0,3.0,1,2,3,1,0.0,0.0,1,0,1,6.0,5.0,4.073880597014925,0.4235347985347985,0
474,57.41,28.0,5.056,3.0,5.0,0,0,0,0,0,175.6333333,0,0,0,2.0,3.0,1,6,4,2,0.0,0.0,0,1,1,6.0,5.0,7.213432835820896,2.41240666283745,2
475,79.61,19.0,5.038,1.0,1.0,0,G244S,0,0,0,43.1,1,1,1,2.0,3.0,2,3,6,3,0.0,0.0,2,0,0,6.0,5.0,6.406716417910448,0.7195152739207271,1
476,41.32,46.0,4.092,1.0,28.0,E542K E726K,0,M293K,Q1259* R1496K,0,30.96666667,1,0,1,2.0,2.0,1,5,4,1,0.0,0.0,2,0,1,4.0,4.0,5.053731343283582,34.848484848484844,1
477,50.62,25.0,4.05,3.0,4.0,E545K,0,0,0,0,175.8,1,0,1,2.0,2.0,1,2,9,0,0.0,0.0,2,0,1,4.0,4.0,5.838059701492537,2.3540489642184563,1
478,68.19,33.0,5.066,3.0,3.0,0,N131Cfs*27,0,0,0,136.16666669999998,0,0,0,2.0,3.0,2,0,1,1,0.0,0.0,0,1,1,6.0,5.0,7.217164179104477,1.7559418233416109,2
479,83.01,22.0,4.044,1.0,3.0,E542K T727K,0,0,0,0,144.7,1,0,1,2.0,2.0,1,2,3,1,0.0,0.0,2,0,0,4.0,4.0,5.035820895522388,0.5115089514066495,1
480,70.6,28.0,4.056,0.0,5.0,H1047R G118D,L111P,0,0,0,63.86666667,0,0,0,2.0,3.0,2,6,5,2,0.0,0.0,0,1,1,6.0,5.0,5.640298507462687,1.3725490196078434,1
481,57.96,20.0,3.04,0.0,3.0,E545G,L344R,0,0,0,59.7,0,1,0,1.0,2.0,2,2,6,3,0.0,1.0,0,0,0,2.0,3.0,3.5111940298507465,1.1135857461024499,0
482,60.29,15.0,4.03,0.0,7.0,M1043I,L111P,0,0,T515I,268.4333333,0,1,0,1.0,3.0,1,1,6,3,0.0,0.0,0,0,0,3.0,4.0,4.880597014925373,1.1089206505667817,0
483,54.11,15.0,2.03,0.0,6.0,H1047R,0,0,0,0,47.9,1,0,0,1.0,3.0,1,2,3,1,0.0,0.0,1,0,0,3.0,4.0,2.134328358208955,0.5315379163713678,0
484,62.59,20.0,4.04,1.0,1.0,0,0,0,0,0,220.9,0,0,0,2.0,2.0,1,6,4,2,0.0,0.0,0,1,0,4.0,4.0,5.034328358208955,0.8853474988933155,1
485,52.98,10.0,2.02,0.0,10.0,E545K,0,0,0,0,285.4333333,1,0,1,1.0,3.0,2,2,9,1,0.0,0.0,2,0,0,3.0,4.0,2.1305970149253732,0.38520801232665647,0
486,58.99,25.0,3.05,1.0,6.0,H1047R,0,X308_splice,E1137*,0,280.7,1,0,1,2.0,3.0,0,2,9,1,0.0,0.0,2,0,1,6.0,5.0,3.664925373134328,0.6582411795681937,0
487,59.63,20.0,4.04,0.0,6.0,0,0,0,0,0,163.4,1,0,1,1.0,3.0,2,3,0,0,0.0,0.0,2,0,0,3.0,4.0,4.884328358208955,1.5282730514518592,0
488,43.72,15.0,4.03,5.0,4.0,H1047R,0,0,0,0,64.93333333,1,0,1,3.0,3.0,2,2,8,1,0.0,1.0,2,0,0,9.0,6.0,6.380597014925373,2.016129032258065,1
489,65.07,18.0,3.036,0.0,3.0,0,R248W,0,0,F375Lfs*18,219.1666667,1,0,1,1.0,2.0,1,6,4,1,0.0,1.0,2,0,0,2.0,3.0,3.5097014925373133,0.7179896290386919,0
490,63.3,18.0,4.0360000000000005,0.0,11.0,H1047R P471L,H179R,0,0,0,89.1,1,0,0,1.0,3.0,2,3,4,0,0.0,1.0,1,0,0,3.0,4.0,4.882835820895522,1.1587982832618027,0
491,66.22,16.0,3.032,0.0,8.0,0,0,D160E,0,0,89.1,1,0,1,1.0,2.0,2,3,0,1,0.0,1.0,2,0,0,2.0,3.0,3.5082089552238807,0.6102212051868803,0
492,53.53,14.0,3.028,2.0,6.0,E545K,0,0,L1354Nfs*24 D1215Efs*31,0,128.53333329999998,1,0,1,2.0,3.0,1,2,3,1,0.0,0.0,2,0,0,6.0,5.0,4.056716417910447,0.5173688100517368,0
493,62.54,16.0,4.032,0.0,3.0,0,0,0,0,0,193.7,1,1,1,1.0,3.0,2,3,6,3,0.0,0.0,2,0,0,3.0,4.0,4.88134328358209,1.064773735581189,0
494,61.22,15.0,5.03,1.0,2.0,0,0,X308_splice,0,0,279.1,1,0,0,2.0,3.0,1,3,3,1,0.0,0.0,1,0,0,6.0,5.0,6.4037313432835825,1.060320452403393,1
495,36.52,15.0,5.03,3.0,7.0,0,G199V,0,0,0,19.1,0,1,0,2.0,3.0,2,1,6,3,0.0,1.0,0,0,0,6.0,5.0,7.203731343283582,22.5,2
496,70.69,10.0,4.02,0.0,5.0,0,0,0,0,0,274.03333330000004,1,0,1,1.0,3.0,2,3,2,0,0.0,0.0,2,0,0,3.0,4.0,4.876865671641791,0.4887585532746823,0
497,30.67,35.0,5.07,3.0,5.0,0,0,A332Qfs*19,R855C,0,45.16666667,1,0,1,2.0,3.0,1,3,0,0,0.0,1.0,2,0,1,6.0,5.0,7.218656716417911,50.0,2
498,34.2,3.0,3.006,0.0,2.0,0,0,0,0,0,52.96666667,0,0,0,1.0,2.0,0,6,5,1,0.0,1.0,0,1,0,2.0,3.0,3.4985074626865673,3.0,0
499,69.45,27.0,6.053999999999999,5.0,5.0,0,R175H,0,0,0,44.76666667,1,0,0,3.0,3.0,1,0,4,1,0.0,1.0,1,0,1,9.0,6.0,9.135820895522388,1.3752122241086586,2
500,62.56,24.0,3.048,0.0,6.0,0,0,0,R464Tfs*19,0,73.7,1,0,0,1.0,2.0,1,2,7,1,0.0,1.0,1,0,1,2.0,3.0,3.514179104477612,1.0638297872340425,0
501,68.76,17.0,5.034,1.0,5.0,0,0,0,0,0,177.2666667,1,0,0,2.0,3.0,2,3,0,0,0.0,0.0,1,0,0,6.0,5.0,6.405223880597015,0.8866481223922111,1
502,61.78,15.0,3.03,0.0,6.0,E545K,0,K302Sfs*53,0,0,163.7333333,1,0,0,1.0,2.0,2,3,3,0,0.0,0.0,1,0,0,2.0,3.0,3.5074626865671643,0.6887052341597796,0
503,66.36,15.0,3.03,0.0,8.0,0,T155N,0,0,0,133.2333333,1,0,1,1.0,2.0,1,3,8,0,0.0,1.0,2,0,0,2.0,3.0,3.5074626865671643,0.5690440060698028,0
504,48.07,15.0,3.03,0.0,2.0,0,0,P425Afs*82,0,0,201.4666667,1,0,1,1.0,2.0,1,2,8,1,0.0,0.0,2,0,0,2.0,3.0,3.5074626865671643,1.858736059479554,0
505,54.59,11.0,3.022,1.0,6.0,H1047R,0,0,Y544Mfs*13,0,234.4333333,1,0,1,2.0,3.0,2,2,8,1,0.0,0.0,2,0,0,6.0,5.0,3.6544776119402984,0.3769705277587388,0
506,47.94,20.0,4.04,1.0,3.0,0,R342*,0,0,0,278.2666667,0,0,0,2.0,2.0,2,0,1,1,0.0,0.0,0,1,0,4.0,4.0,5.034328358208955,2.5188916876574314,1
507,44.82,9.0,2.018,0.0,4.0,H1047L,0,0,I776Cfs*4,0,251.6333333,1,0,1,1.0,3.0,2,2,8,1,0.0,0.0,2,0,0,3.0,4.0,2.1298507462686564,0.933609958506224,0
508,60.59,8.0,4.016,0.0,3.0,0,0,0,0,0,108.0666667,0,0,0,1.0,3.0,2,6,5,1,0.0,1.0,0,1,0,3.0,4.0,4.875373134328358,0.582807187955318,0
509,44.88,15.0,3.03,3.0,3.0,0,0,X308_splice,0,0,236.9333333,1,0,1,2.0,3.0,1,2,4,1,0.0,0.0,2,0,0,6.0,5.0,4.4574626865671645,1.5368852459016384,0
510,28.62,40.0,6.08,5.0,7.0,N345K,0,0,0,0,51.4,1,0,1,3.0,3.0,2,3,10,0,0.0,1.0,2,0,1,9.0,6.0,9.145522388059701,50.0,2
511,61.99,35.0,6.07,4.0,10.0,0,0,0,0,0,133.7333333,1,0,0,3.0,3.0,2,3,0,0,0.0,0.0,1,0,1,9.0,6.0,8.74179104477612,2.3874488403819916,2
512,49.94,12.0,5.024,1.0,6.0,K111E,0,0,0,0,274.5,1,0,0,2.0,3.0,2,3,7,3,0.0,0.0,1,0,0,6.0,5.0,6.401492537313433,1.8108651911468818,1
513,48.25,15.0,5.03,3.0,7.0,H1047R,L111P,0,0,0,24.9,0,1,0,2.0,3.0,2,1,6,3,0.0,1.0,0,0,0,6.0,5.0,7.203731343283582,2.727272727272727,2
514,45.57,30.0,3.06,0.0,5.0,C420R,0,0,0,0,275.6333333,1,0,1,1.0,2.0,2,5,4,1,0.0,0.0,2,0,1,2.0,3.0,3.5186567164179103,5.385996409335727,0
515,46.85,30.0,4.06,1.0,4.0,H1047R,0,0,0,0,168.9666667,1,0,1,2.0,2.0,2,2,9,0,0.0,1.0,2,0,1,4.0,4.0,5.041791044776119,4.3795620437956195,1
516,68.23,19.0,2.0380000000000003,0.0,4.0,0,0,0,0,0,234.3333333,1,0,1,1.0,3.0,2,2,9,1,0.0,0.0,2,0,0,3.0,4.0,2.137313432835821,0.3365214311016648,0
517,60.13,13.0,2.026,0.0,5.0,E542K,0,0,0,0,97.76666667,1,0,1,1.0,3.0,1,2,3,1,0.0,0.0,2,0,0,3.0,4.0,2.1328358208955223,0.3229011425732737,0
518,47.48,30.0,2.06,0.0,6.0,0,0,0,0,0,145.43333330000002,1,0,0,1.0,3.0,1,2,9,1,0.0,0.0,1,0,1,3.0,4.0,2.1455223880597014,2.0053475935828886,0
519,51.36,35.0,3.07,0.0,5.0,0,0,L347R,0,0,81.93333333,1,0,1,1.0,2.0,1,2,8,1,0.0,1.0,2,0,1,2.0,3.0,3.5223880597014925,3.080985915492958,0
520,30.95,37.0,5.074,1.0,6.0,0,K139Nfs*9,0,0,0,274.4,0,0,0,2.0,3.0,2,0,1,2,0.0,0.0,0,1,1,6.0,5.0,6.420149253731344,50.0,1
521,66.11,35.0,3.07,0.0,2.0,0,0,0,0,Y101Tfs*16,203.5333333,0,0,0,1.0,2.0,1,5,3,1,0.0,1.0,0,1,1,2.0,3.0,3.5223880597014925,1.3404825737265416,0
522,38.16,45.0,6.09,4.0,4.0,H1047R,V197E,0,I1413V,0,35.0,0,1,0,3.0,3.0,0,6,5,3,0.0,1.0,0,0,1,9.0,6.0,8.749253731343282,50.0,2
523,63.1,15.0,4.03,2.0,4.0,E545K,0,0,0,0,118.03333329999998,1,0,1,2.0,2.0,1,3,8,1,0.0,1.0,2,0,0,4.0,4.0,5.4305970149253735,0.6493506493506493,1
524,70.32,26.0,3.052,0.0,7.0,N345K,0,0,0,0,275.6,1,0,1,1.0,2.0,1,3,4,0,0.0,0.0,2,0,1,2.0,3.0,3.5156716417910445,0.857519788918206,0
525,57.48,15.0,4.03,1.0,2.0,0,0,0,0,0,270.1333333,1,0,0,2.0,2.0,0,6,4,2,0.0,1.0,1,0,0,4.0,4.0,5.030597014925373,0.8581235697940505,1
526,65.79,17.0,4.034,0.0,2.0,H1047L,0,0,0,0,227.8666667,1,0,1,1.0,3.0,1,6,3,1,0.0,0.0,2,0,0,3.0,4.0,4.882089552238806,0.9887553315238462,0
527,53.11,21.0,5.042,1.0,3.0,0,0,0,0,0,271.3333333,1,0,1,2.0,3.0,2,3,2,0,0.0,0.0,2,0,0,6.0,5.0,6.408208955223881,2.4027459954233414,1
528,59.9,15.0,3.03,0.0,4.0,0,0,0,0,Y296Mfs*59 D292Afs*62,160.0,1,0,1,1.0,2.0,2,3,8,0,0.0,0.0,2,0,0,2.0,3.0,3.5074626865671643,0.7537688442211056,0
529,60.32,45.0,5.09,5.0,10.0,0,0,0,0,0,274.3666667,1,0,1,3.0,2.0,2,2,9,1,0.0,0.0,2,0,1,6.0,5.0,7.776119402985074,2.2145669291338583,2
530,56.79,16.0,4.032,0.0,7.0,0,L111Ffs*40,0,0,0,44.83333333,0,0,0,1.0,3.0,0,0,1,1,0.0,1.0,0,1,0,3.0,4.0,4.88134328358209,1.4294222751637882,0
531,54.4,17.0,4.034,0.0,6.0,0,0,0,0,0,150.7333333,1,0,1,1.0,3.0,1,3,7,0,0.0,0.0,2,0,0,3.0,4.0,4.882089552238806,1.7708333333333335,0
532,66.06,35.0,5.07,5.0,3.0,N345K,0,0,0,0,131.6666667,1,0,1,3.0,2.0,1,3,8,0,0.0,0.0,2,0,1,6.0,5.0,7.768656716417911,1.3430544896392937,2
533,62.76,17.0,4.034,1.0,6.0,0,0,0,L915Ffs*7 S989Lfs*93,0,181.2333333,1,0,1,2.0,2.0,0,4,3,0,0.0,1.0,2,0,0,4.0,4.0,5.032089552238806,0.7469244288224957,1
534,36.8,20.0,3.04,0.0,6.0,E545K,G245C,P408Lfs*98,0,0,275.2333333,1,0,1,1.0,2.0,2,2,1,0,0.0,0.0,2,0,0,2.0,3.0,3.5111940298507465,20.0,0
535,64.32,30.0,4.06,1.0,2.0,0,0,0,0,0,40.43333333,1,0,1,2.0,2.0,1,3,0,0,0.0,0.0,2,0,1,4.0,4.0,5.041791044776119,1.2335526315789478,1
536,62.36,28.0,5.056,3.0,5.0,E545K,0,0,0,0,68.26666667,1,1,0,2.0,3.0,2,2,6,3,0.0,1.0,1,0,1,6.0,5.0,7.213432835820896,1.8783542039355994,2
537,47.03,25.0,3.05,0.0,8.0,E726K P449_L452del,0,0,0,0,116.9333333,1,0,1,1.0,2.0,1,2,9,0,0.0,0.0,2,0,1,2.0,3.0,3.514925373134328,3.556187766714082,0
538,40.79,17.0,3.034,0.0,12.0,N345K,0,X308_splice,0,E745Rfs*3,271.9333333,1,0,1,1.0,2.0,2,2,3,1,0.0,0.0,2,0,0,2.0,3.0,3.508955223880597,17.0,0
539,50.38,35.0,4.07,1.0,2.0,0,0,0,0,0,110.76666670000002,1,0,1,2.0,2.0,0,1,10,0,0.0,1.0,2,0,1,4.0,4.0,5.045522388059702,3.371868978805394,1
540,67.62,25.0,3.05,0.0,3.0,E545K,0,X308_splice,0,0,267.2333333,1,0,1,1.0,2.0,2,3,9,0,0.0,0.0,2,0,1,2.0,3.0,3.514925373134328,0.9051412020275161,0
541,42.07,12.0,3.024,0.0,3.0,0,0,0,0,0,272.1,1,0,0,1.0,2.0,1,6,0,1,0.0,0.0,1,0,0,2.0,3.0,3.505223880597015,5.797101449275361,0
542,57.94,20.0,5.04,1.0,5.0,N345K,Y220S,0,0,0,87.7,1,0,1,2.0,3.0,1,6,2,0,0.0,1.0,2,0,0,6.0,5.0,6.407462686567165,1.6722408026755855,1
543,50.07,15.0,2.03,0.0,4.0,0,0,0,0,0,252.9666667,1,0,1,1.0,3.0,1,2,7,0,0.0,0.0,2,0,0,3.0,4.0,2.134328358208955,0.7447864945382323,0
544,70.35,13.0,4.026,1.0,8.0,0,R213*,0,0,0,271.2666667,1,0,1,2.0,2.0,1,2,2,0,0.0,0.0,2,0,0,4.0,4.0,5.02910447761194,0.42833607907743004,1
545,63.01,18.0,3.036,0.0,4.0,G118D,0,0,0,0,85.86666667,1,0,0,1.0,2.0,2,3,9,0,0.0,1.0,1,0,0,2.0,3.0,3.5097014925373133,0.7822685788787485,0
546,65.25,13.0,3.026,0.0,4.0,0,0,0,R273Sfs*27,0,231.0333333,1,0,1,1.0,2.0,1,3,3,0,0.0,0.0,2,0,0,2.0,3.0,3.505970149253731,0.5148514851485149,0
547,64.25,22.0,2.044,0.0,2.0,H1047R,0,0,0,0,257.5666667,1,0,1,1.0,3.0,0,5,3,1,0.0,0.0,2,0,0,3.0,4.0,2.1395522388059702,0.4536082474226804,0
548,61.95,19.0,2.0380000000000003,0.0,4.0,H1047R,0,0,0,0,270.5666667,1,0,1,1.0,3.0,2,2,8,1,0.0,0.0,2,0,0,3.0,4.0,2.137313432835821,0.43280182232346237,0
549,40.06,18.0,4.0360000000000005,0.0,6.0,0,0,0,0,0,254.6333333,1,0,1,1.0,3.0,1,2,3,1,0.0,0.0,2,0,0,3.0,4.0,4.882835820895522,27.0,0
550,57.39,16.0,1.032,0.0,6.0,0,0,0,0,0,136.06666669999998,0,0,1,1.0,3.0,1,6,5,1,0.0,0.0,1,0,0,3.0,4.0,3.761940298507463,1.3801035077630823,0
551,35.97,11.0,4.022,0.0,5.0,0,0,0,0,0,269.9,1,1,1,1.0,3.0,2,6,4,1,0.0,0.0,2,0,0,3.0,4.0,4.877611940298507,16.5,0
552,36.5,11.0,5.022,1.0,4.0,0,X224_splice,0,0,0,235.6666667,0,0,0,2.0,3.0,1,0,1,2,0.0,0.0,0,1,0,6.0,5.0,6.400746268656716,16.5,1
553,42.9,23.0,5.046,2.0,5.0,0,R175H,0,0,0,259.7666667,0,0,0,2.0,3.0,2,6,1,1,0.0,0.0,0,1,0,6.0,5.0,6.809701492537313,11.896551724137936,1
554,56.85,9.0,4.018,1.0,8.0,0,I232T,0,0,0,153.83333330000002,0,0,0,1.0,2.0,2,1,3,2,0.0,0.0,0,1,0,2.0,3.0,4.276119402985074,0.5341246290801186,0
555,59.84,20.0,4.04,0.0,6.0,N345K,0,0,0,0,55.03333333,1,0,1,1.0,3.0,1,2,3,1,0.0,0.0,2,0,0,3.0,4.0,4.884328358208955,1.512096774193548,0
556,67.12,27.0,3.054,0.0,12.0,H1047R,0,0,R339W,V473Rfs*10,270.3,1,0,1,1.0,2.0,2,2,9,0,0.0,0.0,2,0,1,2.0,3.0,3.5164179104477613,0.9955752212389379,0
557,60.48,14.0,3.028,0.0,6.0,N345K M1043I,0,0,0,R732Gfs*38,269.0,1,0,0,1.0,2.0,1,2,3,1,0.0,0.0,1,0,0,2.0,3.0,3.5067164179104475,0.6835937500000001,0
558,58.48,27.0,5.053999999999999,1.0,11.0,0,L194R,0,0,0,19.73333333,0,0,0,2.0,3.0,2,0,10,2,0.0,1.0,0,1,1,6.0,5.0,6.4126865671641795,2.191558441558442,1
559,61.08,13.0,3.026,0.0,4.0,0,S241C,0,0,0,231.5333333,1,0,0,1.0,2.0,1,2,2,1,0.0,0.0,1,0,0,2.0,3.0,3.505970149253731,0.6166982922201139,0
560,60.76,19.0,4.038,0.0,8.0,H1047R,I162delinsRL I162_Y163insC I162M,0,0,0,146.7333333,1,0,0,1.0,3.0,2,3,10,3,0.0,0.0,1,0,0,3.0,4.0,4.883582089552239,1.3728323699421967,0
561,55.8,14.0,3.028,0.0,5.0,H1047R,0,0,K1316Efs*8,0,264.7666667,1,0,0,1.0,2.0,1,6,4,1,0.0,0.0,1,0,0,2.0,3.0,3.5067164179104475,0.8860759493670888,0
562,58.85,5.0,3.01,0.0,6.0,H1047R,Y234N,0,0,0,149.7,1,0,0,1.0,2.0,2,0,5,2,0.0,1.0,1,0,0,2.0,3.0,3.5,0.2652519893899204,0
563,65.04,35.0,6.07,5.0,9.0,0,X225_splice,G431Wfs*76,0,0,39.53333333,0,1,0,3.0,3.0,2,1,6,3,0.0,1.0,0,0,1,9.0,6.0,9.14179104477612,2.09664536741214,2
564,60.11,15.0,4.03,1.0,6.0,0,0,R366Pfs*5,0,0,227.7333333,1,0,1,2.0,2.0,1,2,3,1,0.0,0.0,2,0,0,4.0,4.0,5.030597014925373,0.7458975634012929,1
565,60.65,26.0,4.052,0.0,4.0,N1068Kfs*5,T155Pfs*23,0,0,0,43.2,0,0,0,1.0,3.0,1,0,10,2,0.0,1.0,0,1,1,3.0,4.0,4.888805970149253,1.8886198547215498,0
566,31.48,31.0,6.062,5.0,5.0,0,0,0,Q525*,0,9.433333333,0,0,0,3.0,3.0,1,6,1,1,0.0,1.0,0,1,1,9.0,6.0,9.138805970149253,46.5,2
567,58.69,16.0,4.032,0.0,5.0,0,E294*,0,0,0,159.0,1,0,1,1.0,3.0,2,2,4,1,0.0,1.0,2,0,0,3.0,4.0,4.88134328358209,1.2841091492776888,0
568,36.25,23.0,3.0460000000000003,0.0,7.0,0,0,M438Nfs*38,V863A,0,269.6333333,1,0,0,1.0,2.0,1,3,7,0,0.0,0.0,1,0,0,2.0,3.0,3.5134328358208955,23.0,0
569,61.53,22.0,3.044,0.0,5.0,0,F134L,0,0,R6Pfs*50,270.4333333,1,0,0,1.0,2.0,2,2,8,1,0.0,0.0,1,0,0,2.0,3.0,3.512686567164179,1.0218300046446818,0
570,45.3,22.0,5.044,1.0,5.0,Y1021Hfs*9,R306*,0,0,0,250.6666667,0,0,0,2.0,3.0,1,6,1,2,0.0,0.0,0,1,0,6.0,5.0,6.408955223880597,6.226415094339627,1
571,63.94,26.0,4.052,0.0,2.0,H1047R,R267P,0,0,0,141.56666669999998,1,0,1,1.0,3.0,1,3,0,0,0.0,0.0,2,0,1,3.0,4.0,4.888805970149253,1.629072681704261,0
572,59.58,20.0,3.04,1.0,6.0,0,0,F409Lfs*98,0,0,258.3333333,1,0,0,2.0,3.0,1,2,4,1,0.0,0.0,1,0,0,6.0,5.0,3.661194029850746,0.5107252298263535,0
573,47.1,20.0,3.04,2.0,4.0,P447_L455del,0,0,S704*,0,269.3333333,1,0,1,2.0,3.0,2,2,4,1,0.0,0.0,2,0,0,6.0,5.0,4.061194029850746,1.4084507042253518,0
574,66.84,15.0,4.03,0.0,6.0,H1047R,R306*,0,0,0,196.5666667,0,1,0,1.0,3.0,0,6,6,3,0.0,1.0,0,0,0,3.0,4.0,4.880597014925373,0.8383010432190758,0
575,68.18,13.0,3.026,0.0,5.0,H1047R,0,N331Kfs*40,Y1258*,0,237.3666667,1,0,0,1.0,2.0,1,6,4,1,0.0,0.0,1,0,0,2.0,3.0,3.505970149253731,0.46132008516678485,0
576,59.29,25.0,5.05,5.0,4.0,0,K132N,0,0,0,20.66666667,1,0,1,3.0,2.0,0,5,4,1,0.0,0.0,2,0,1,6.0,5.0,7.761194029850746,1.2960082944530846,2
577,49.83,25.0,3.05,0.0,3.0,0,0,N392Rfs*112,0,0,218.3,1,0,1,1.0,2.0,2,3,9,1,0.0,1.0,2,0,1,2.0,3.0,3.514925373134328,2.5432349949135307,0
578,34.83,25.0,5.05,1.0,6.0,0,R110Lfs*13,0,0,0,125.6,0,0,0,2.0,3.0,2,6,1,1,0.0,1.0,0,1,1,6.0,5.0,6.411194029850746,37.5,1
579,59.6,20.0,6.04,5.0,5.0,0,V157Tfs*26,0,0,0,267.4,0,0,0,3.0,3.0,2,0,1,2,0.0,0.0,0,1,0,9.0,6.0,9.130597014925373,1.5306122448979593,2
580,48.93,16.0,2.032,0.0,6.0,E542K,0,X308_splice,0,0,266.9333333,1,0,1,1.0,3.0,2,2,3,1,0.0,0.0,2,0,0,3.0,4.0,2.1350746268656717,0.8958566629339306,0
581,33.9,30.0,5.06,2.0,4.0,0,X126_splice,0,0,0,31.93333333,0,0,0,2.0,3.0,2,0,1,2,0.0,1.0,0,1,1,6.0,5.0,6.814925373134328,45.0,1
582,59.13,20.0,2.04,0.0,5.0,0,0,X308_splice,K1041Nfs*41,0,240.0333333,1,0,1,1.0,3.0,0,3,9,1,0.0,0.0,2,0,0,3.0,4.0,2.138059701492537,0.5227391531625718,0
583,45.74,25.0,6.05,5.0,8.0,0,P152Rfs*18,0,0,0,14.4,0,0,0,3.0,3.0,2,1,0,0,0.0,1.0,0,1,1,9.0,6.0,9.134328358208954,6.533101045296165,2
584,37.01,37.0,6.074,5.0,6.0,Q546H,0,0,0,0,14.1,0,1,0,3.0,3.0,2,1,6,3,0.0,1.0,0,0,1,9.0,6.0,9.143283582089552,50.0,2
585,58.14,13.0,2.026,0.0,1.0,H1047R,0,0,0,0,263.7,1,0,1,1.0,3.0,2,2,0,0,0.0,1.0,2,0,0,3.0,4.0,2.1328358208955223,0.35832414553472985,0
586,53.31,20.0,4.04,1.0,6.0,0,R181C,0,0,0,262.8666667,0,0,0,2.0,2.0,2,1,5,2,0.0,0.0,0,1,0,4.0,4.0,5.034328358208955,1.5026296018031553,1
587,46.9,17.0,3.034,0.0,10.0,0,H178Pfs*3,M293K M293I,Y1359*,0,228.1,1,0,1,1.0,2.0,2,3,9,1,0.0,0.0,2,0,0,2.0,3.0,3.508955223880597,2.4637681159420297,0
588,63.1,18.0,4.0360000000000005,0.0,3.0,0,0,0,0,0,108.4333333,1,0,1,1.0,3.0,2,3,2,0,0.0,0.0,2,0,0,3.0,4.0,4.882835820895522,1.1688311688311688,0
589,44.08,15.0,2.03,0.0,4.0,N345K,0,0,0,0,161.93333330000002,1,0,1,1.0,3.0,2,2,3,1,0.0,0.0,2,0,0,3.0,4.0,2.134328358208955,1.8382352941176479,0
590,70.19,17.0,5.034,1.0,4.0,H1047L,0,0,R162H,0,101.2666667,1,1,1,2.0,3.0,2,3,6,1,0.0,0.0,2,0,0,6.0,5.0,6.405223880597015,0.844650546538589,1
591,66.97,27.0,4.053999999999999,0.0,7.0,Q546R E453K,S127F,0,0,0,27.2,1,0,1,1.0,3.0,2,2,9,1,0.0,1.0,2,0,1,3.0,4.0,4.88955223880597,1.5016685205784204,0
592,36.47,15.0,3.03,0.0,3.0,0,0,0,0,0,112.0,1,0,1,1.0,2.0,1,2,4,1,0.0,0.0,2,0,0,2.0,3.0,3.5074626865671643,15.0,0
593,39.07,15.0,3.03,0.0,6.0,0,0,G431Lfs*45,0,0,263.3666667,1,0,1,1.0,2.0,2,2,0,0,0.0,0.0,2,0,0,2.0,3.0,3.5074626865671643,15.0,0
594,52.67,12.0,2.024,0.0,9.0,H1047R,0,D335Gfs*21,0,0,189.1,1,0,1,1.0,3.0,2,2,9,1,0.0,0.0,2,0,0,3.0,4.0,2.132089552238806,0.473559589581689,0
595,43.08,18.0,3.036,0.0,4.0,H1047R,Y234C,0,0,0,30.13333333,1,0,1,1.0,2.0,2,3,1,0,0.0,1.0,2,0,0,2.0,3.0,3.5097014925373133,5.844155844155847,0
596,69.79,30.0,4.06,3.0,10.0,0,0,0,0,0,5.5,1,0,1,2.0,2.0,1,3,9,0,0.0,1.0,2,0,1,4.0,4.0,5.841791044776119,1.0070493454179252,1
597,31.02,30.0,5.06,2.0,4.0,0,S241C,0,0,0,262.1333333,0,0,0,2.0,3.0,2,6,1,2,0.0,0.0,0,1,1,6.0,5.0,6.814925373134328,45.0,1
598,69.67,25.0,4.05,0.0,6.0,0,0,0,R1482* D221Rfs*4,0,222.2,1,0,0,1.0,3.0,1,2,7,1,0.0,0.0,1,0,1,3.0,4.0,4.888059701492537,1.2639029322548028,0
599,53.99,10.0,5.02,4.0,5.0,0,R267G,0,0,0,227.8333333,0,0,0,3.0,2.0,1,6,4,2,0.0,1.0,0,1,0,6.0,5.0,7.35,0.714796283059328,2
600,69.48,30.0,6.06,5.0,8.0,E545K,R248W,0,0,0,9.6,1,0,0,3.0,3.0,1,1,6,3,0.0,1.0,1,0,1,9.0,6.0,9.138059701492537,1.5264586160108546,2
601,50.3,18.0,5.0360000000000005,2.0,6.0,0,0,N351Kfs*10,0,0,265.0,1,0,1,2.0,3.0,1,2,9,0,0.0,0.0,2,0,0,6.0,5.0,6.8059701492537314,2.6213592233009715,1
602,66.86,13.0,3.026,0.0,8.0,E542K,0,0,0,P620Lfs*11,172.9,1,0,1,1.0,2.0,2,2,3,1,0.0,0.0,2,0,0,2.0,3.0,3.505970149253731,0.48399106478034254,0
603,46.49,25.0,4.05,2.0,9.0,0,C124Lfs*25,0,0,Q677Lfs*7,252.8666667,1,0,1,2.0,2.0,2,2,4,1,0.0,1.0,2,0,1,4.0,4.0,5.438059701492537,3.8520801232665627,1
604,69.6,15.0,4.03,2.0,10.0,E542K Y1021H,0,0,0,W156*,264.2333333,1,0,1,2.0,2.0,1,2,3,1,0.0,0.0,2,0,0,4.0,4.0,5.4305970149253735,0.5067567567567568,1
605,40.02,15.0,2.03,0.0,6.0,E542K,0,0,D452Efs*30 S984*,0,110.6,1,0,1,1.0,3.0,2,2,8,1,0.0,0.0,2,0,0,3.0,4.0,2.134328358208955,7.5,0
606,56.26,15.0,4.03,1.0,4.0,0,Y107*,0,0,0,180.8333333,1,1,1,2.0,2.0,1,3,6,3,0.0,0.0,2,0,0,4.0,4.0,5.030597014925373,0.9225092250922511,1
607,64.04,20.0,4.04,0.0,5.0,0,N239S,0,0,0,261.2,1,1,0,1.0,3.0,1,3,10,3,0.0,0.0,1,0,0,3.0,4.0,4.884328358208955,1.2479201331114806,0
608,48.47,15.0,2.03,0.0,6.0,E542K,0,L354Dfs*16,0,0,260.0,1,0,1,1.0,3.0,0,2,9,1,0.0,0.0,2,0,0,3.0,4.0,2.134328358208955,0.8854781582054311,0
609,63.65,20.0,4.04,0.0,4.0,0,0,0,0,0,187.0333333,0,0,0,1.0,3.0,0,6,1,2,0.0,0.0,0,1,0,3.0,4.0,4.884328358208955,1.2684989429175477,0
610,46.7,18.0,5.0360000000000005,1.0,3.0,0,0,0,0,0,254.5,1,1,1,2.0,3.0,1,2,6,3,0.0,0.0,2,0,0,6.0,5.0,6.405970149253732,4.0298507462686555,1
611,58.1,16.0,4.032,0.0,4.0,0,0,0,S1434N,0,191.2333333,1,0,1,1.0,3.0,2,2,8,1,0.0,0.0,2,0,0,3.0,4.0,4.88134328358209,1.3259668508287292,0
612,61.42,12.0,4.024,0.0,8.0,0,0,0,0,0,262.0,1,0,0,1.0,3.0,1,2,8,0,0.0,0.0,1,0,0,3.0,4.0,4.878358208955223,0.8403361344537815,0
613,50.45,12.0,5.024,1.0,7.0,0,R273H,0,0,0,263.2333333,0,0,0,2.0,3.0,2,6,1,1,0.0,0.0,0,1,0,6.0,5.0,6.401492537313433,1.7224880382775116,1
614,62.32,30.0,4.06,1.0,5.0,0,0,0,0,T748Pfs*22,140.56666669999998,1,0,0,2.0,2.0,2,2,3,0,0.0,0.0,1,0,1,4.0,4.0,5.041791044776119,1.3440860215053763,1
615,45.75,23.0,3.0460000000000003,0.0,6.0,E542K,0,0,0,0,253.0666667,1,0,1,1.0,2.0,1,2,9,1,0.0,0.0,2,0,0,2.0,3.0,3.5134328358208955,4.0,0
616,60.09,20.0,5.04,5.0,6.0,H1047R,0,0,0,R108*,15.7,1,0,0,3.0,2.0,1,6,4,2,0.0,1.0,1,0,0,6.0,5.0,7.757462686567164,0.9955201592832253,2
617,48.48,12.0,3.024,0.0,2.0,E545K,0,0,0,0,114.9,1,0,1,1.0,2.0,1,3,2,0,0.0,1.0,2,0,0,2.0,3.0,3.505223880597015,1.415094339622642,0
618,51.94,12.0,2.024,0.0,2.0,R108del,0,0,0,0,149.6,1,0,1,1.0,3.0,1,2,9,1,0.0,0.0,2,0,0,3.0,4.0,2.132089552238806,0.5025125628140704,0
619,50.37,23.0,3.0460000000000003,1.0,3.0,0,0,0,0,0,238.3666667,1,0,0,2.0,3.0,1,6,4,1,0.0,0.0,1,0,0,6.0,5.0,3.6634328358208954,1.1089681774349087,0
620,39.7,15.0,5.03,1.0,5.0,0,E339Gfs*6,0,0,0,262.6333333,0,0,0,2.0,3.0,2,0,0,2,0.0,0.0,0,1,0,6.0,5.0,6.4037313432835825,22.5,1
621,56.83,10.0,4.02,0.0,12.0,0,R342Efs*3,X308_splice,0,0,258.8666667,1,0,1,1.0,3.0,2,3,2,0,0.0,0.0,2,0,0,3.0,4.0,4.876865671641791,0.8912655971479502,0
622,63.08,22.0,5.044,1.0,9.0,0,0,0,0,D288N,217.5666667,1,0,1,1.0,3.0,1,2,9,0,0.0,0.0,2,0,0,3.0,4.0,5.658955223880597,1.4298093587521665,1
623,37.89,13.0,5.026,1.0,2.0,0,N239*,0,0,0,256.0,0,1,0,2.0,3.0,2,1,6,3,0.0,0.0,0,0,0,6.0,5.0,6.40223880597015,19.5,1
624,49.92,22.0,4.044,0.0,3.0,0,0,0,0,0,261.2,1,0,0,2.0,3.0,2,2,7,0,0.0,0.0,1,0,0,6.0,5.0,5.635820895522388,3.326612903225806,1
625,60.93,17.0,4.034,0.0,6.0,0,R248Q,0,0,0,42.56666667,1,1,0,1.0,3.0,2,3,10,0,0.0,1.0,1,0,0,3.0,4.0,4.882089552238806,1.2183468705207836,0
626,46.76,21.0,5.042,2.0,4.0,0,0,0,0,0,35.63333333,1,1,0,2.0,3.0,2,1,6,0,0.0,1.0,1,0,0,6.0,5.0,6.80820895522388,4.659763313609469,1
627,50.01,15.0,2.03,0.0,9.0,H1047R,0,0,S1330L F800Lfs*22,0,250.1333333,1,0,1,1.0,3.0,2,2,3,1,0.0,0.0,2,0,0,3.0,4.0,2.134328358208955,0.7492507492507494,0
628,69.07,19.0,3.0380000000000003,0.0,1.0,E545A,0,0,0,0,70.4,1,0,1,1.0,2.0,2,2,3,1,0.0,1.0,2,0,0,2.0,3.0,3.5104477611940297,0.6535947712418302,0
629,54.64,22.0,3.044,0.0,8.0,0,0,0,G102R,0,260.7333333,1,0,0,1.0,2.0,2,2,8,1,0.0,0.0,1,0,0,2.0,3.0,3.512686567164179,1.5027322404371584,0
630,53.19,13.0,3.026,0.0,5.0,E545K,0,0,K1446Hfs*14 A1445Kfs*18 E1184Kfs*6 A1445Vfs*20,0,98.83333333,1,0,1,1.0,2.0,2,2,3,1,0.0,0.0,2,0,0,2.0,3.0,3.505970149253731,0.9855951478392724,0
631,67.2,35.0,4.07,0.0,5.0,0,L111Wfs*12,0,0,0,73.83333333,0,0,0,1.0,3.0,1,0,1,2,0.0,0.0,0,1,1,3.0,4.0,4.895522388059701,1.9301470588235292,0
632,57.17,16.0,3.032,0.0,4.0,E542K,0,0,0,S180F,259.9666667,1,0,1,1.0,2.0,1,2,8,1,0.0,0.0,2,0,0,2.0,3.0,3.5082089552238807,0.93185789167152,0
633,59.53,30.0,4.06,0.0,6.0,0,Q192*,0,0,0,255.1,1,0,0,1.0,3.0,1,3,2,0,0.0,0.0,1,0,1,3.0,4.0,4.891791044776119,2.304147465437788,0
634,55.3,43.0,5.086,1.0,5.0,0,A138Pfs*32,0,0,0,32.03333333,0,0,0,2.0,3.0,2,0,1,2,0.0,1.0,0,1,1,6.0,5.0,6.424626865671642,4.215686274509805,1
635,47.74,40.0,5.08,2.0,8.0,0,0,0,0,0,254.2666667,0,0,0,2.0,3.0,1,0,5,2,0.0,0.0,0,1,1,6.0,5.0,6.822388059701492,7.751937984496123,1
636,65.69,36.0,5.072,1.0,5.0,0,0,0,0,0,44.6,1,0,0,2.0,3.0,1,3,7,0,0.0,1.0,1,0,1,6.0,5.0,6.419402985074627,2.1019852082522386,1
637,62.87,17.0,4.034,0.0,5.0,0,N239_S240insT,0,0,0,146.3666667,0,0,0,1.0,3.0,2,6,1,2,0.0,0.0,0,1,0,3.0,4.0,4.882089552238806,1.1149978137297771,0
638,43.51,20.0,6.04,5.0,13.0,0,R213*,0,0,0,28.56666667,0,0,0,3.0,3.0,2,0,1,2,0.0,1.0,0,1,0,9.0,6.0,9.130597014925373,8.547008547008552,2
639,46.7,20.0,2.04,0.0,7.0,E542K,0,0,0,0,165.16666669999998,1,0,1,1.0,3.0,2,2,4,1,0.0,1.0,2,0,0,3.0,4.0,2.138059701492537,1.4925373134328352,0
640,60.29,18.0,5.0360000000000005,2.0,5.0,0,R175H,0,0,0,259.53333330000004,0,0,0,2.0,3.0,2,6,10,2,0.0,0.0,0,1,0,6.0,5.0,6.8059701492537314,1.3307047806801382,1
641,50.54,15.0,3.03,0.0,11.0,E542K,0,X308_splice,0,0,149.6,1,0,1,1.0,2.0,2,2,9,1,0.0,0.0,2,0,0,2.0,3.0,3.5074626865671643,1.4231499051233398,0
642,68.5,30.0,5.06,2.0,2.0,0,0,0,0,0,81.1,1,0,1,2.0,3.0,2,3,0,0,0.0,1.0,2,0,1,6.0,5.0,6.814925373134328,1.5789473684210527,1
643,43.68,25.0,3.05,0.0,4.0,0,0,0,0,0,210.9666667,1,0,1,1.0,2.0,1,5,4,1,0.0,1.0,2,0,1,2.0,3.0,3.514925373134328,6.793478260869565,0
644,65.58,19.0,3.0380000000000003,0.0,3.0,0,0,M368Ifs*2,0,0,256.5,1,0,1,1.0,2.0,2,2,8,1,0.0,0.0,2,0,0,2.0,3.0,3.5104477611940297,0.7427677873338546,0
645,56.73,38.0,5.0760000000000005,2.0,1.0,0,0,0,0,0,152.33333330000002,1,0,1,2.0,3.0,2,3,9,0,0.0,0.0,2,0,1,6.0,5.0,6.82089552238806,3.4070531978481777,1
646,60.34,20.0,4.04,2.0,5.0,0,0,0,0,0,258.3333333,1,0,1,2.0,2.0,2,2,10,0,0.0,0.0,2,0,0,4.0,4.0,5.434328358208955,0.9832841691248769,1
647,58.55,15.0,4.03,0.0,5.0,0,0,0,0,0,28.73333333,1,1,0,1.0,3.0,2,3,6,3,0.0,1.0,1,0,0,3.0,4.0,4.880597014925373,1.2129380053908356,0
648,28.96,20.0,3.04,0.0,9.0,H1047L,0,0,0,0,75.36666667,1,1,0,1.0,2.0,1,2,6,0,0.0,1.0,1,0,0,2.0,3.0,3.5111940298507465,20.0,0
649,48.34,27.0,3.054,2.0,5.0,H1047R,0,0,0,0,252.3333333,1,0,1,2.0,3.0,2,2,3,1,0.0,0.0,2,0,1,6.0,5.0,4.066417910447761,1.6187050359712223,0
650,61.07,16.0,4.032,2.0,7.0,E545K,0,0,0,0,100.7333333,1,0,0,2.0,2.0,2,2,3,1,0.0,0.0,1,0,0,4.0,4.0,5.431343283582089,0.7593735168485999,1
651,63.06,12.0,2.024,0.0,3.0,0,0,0,0,0,131.3333333,1,0,1,1.0,3.0,2,2,3,1,0.0,0.0,2,0,0,3.0,4.0,2.132089552238806,0.2601908065915004,0
652,62.39,17.0,4.034,0.0,6.0,E542K,P278T,0,0,0,257.7666667,1,0,0,1.0,3.0,2,1,10,3,0.0,0.0,1,0,0,3.0,4.0,4.882089552238806,1.1389012952210809,0
653,50.26,22.0,6.044,4.0,5.0,E545K,S241Y,0,0,0,167.43333330000002,0,0,0,3.0,3.0,1,0,10,2,0.0,0.0,0,1,0,9.0,6.0,8.732089552238806,3.2163742690058488,2
654,42.17,16.0,5.032,1.0,4.0,0,S241F,0,0,0,227.9333333,0,0,0,2.0,3.0,2,0,1,2,0.0,0.0,0,1,0,6.0,5.0,6.404477611940299,11.059907834101374,1
655,59.78,28.0,5.056,1.0,4.0,0,R213*,0,0,0,221.2333333,1,0,0,2.0,3.0,1,0,0,2,0.0,0.0,1,0,1,6.0,5.0,6.413432835820895,2.1233569261880687,1
656,66.76,16.0,4.032,1.0,1.0,0,0,0,0,0,136.93333330000002,1,0,1,1.0,2.0,1,2,9,0,0.0,0.0,2,0,0,2.0,3.0,4.281343283582089,0.5979073243647234,0
657,54.95,13.0,3.026,0.0,9.0,C420R,0,0,0,0,219.6666667,1,0,1,1.0,2.0,1,2,8,1,0.0,1.0,2,0,0,2.0,3.0,3.505970149253731,0.8695652173913042,0
658,43.6,14.0,4.0280000000000005,0.0,12.0,M1043V E726K,R342*,0,0,0,178.16666669999998,1,0,1,1.0,3.0,2,3,2,1,0.0,1.0,2,0,0,3.0,4.0,4.879850746268657,5.833333333333331,0
659,58.31,13.0,4.026,0.0,9.0,0,0,0,0,0,145.5,0,0,0,1.0,3.0,2,0,1,2,0.0,0.0,0,1,0,3.0,4.0,4.87910447761194,1.0649918077553249,0
660,44.94,17.0,5.034,1.0,3.0,0,L137Q,0,0,0,248.7666667,0,0,0,2.0,3.0,2,0,1,1,0.0,0.0,0,1,0,6.0,5.0,6.405223880597015,5.161943319838059,1
661,63.03,17.0,2.0340000000000003,0.0,3.0,E542K,0,0,0,0,23.93333333,1,0,1,1.0,3.0,1,2,8,1,0.0,0.0,2,0,0,3.0,4.0,2.135820895522388,0.36908380373425964,0
662,58.31,17.0,3.034,0.0,7.0,E545K D725N,0,0,Q280*,0,252.0,1,0,1,1.0,2.0,2,2,4,1,0.0,0.0,2,0,0,2.0,3.0,3.508955223880597,0.9284543965046421,0
663,50.66,17.0,4.034,0.0,2.0,0,R248W,0,0,0,236.1333333,1,1,1,1.0,3.0,1,3,6,0,0.0,0.0,2,0,0,3.0,4.0,4.882089552238806,2.392120075046905,0
664,41.4,20.0,2.04,0.0,2.0,0,0,0,0,0,99.7,1,0,1,1.0,3.0,2,2,3,1,0.0,0.0,2,0,0,3.0,4.0,2.138059701492537,7.14285714285715,0
665,56.81,26.0,5.052,3.0,16.0,H1047R,V272M,0,0,0,55.83333333,1,0,1,2.0,3.0,1,3,10,0,0.0,1.0,2,0,1,6.0,5.0,7.2119402985074625,2.3200475907198093,2
666,50.21,18.0,2.036,0.0,9.0,H1047R E453K,0,0,L1291Efs*4 D630Rfs*18 I1439F,0,123.9,1,0,1,1.0,3.0,2,2,3,1,0.0,0.0,2,0,0,3.0,4.0,2.1365671641791044,0.8814887365328109,0
667,52.91,17.0,5.034,1.0,2.0,H1047R,Y220C,0,0,0,51.2,1,0,1,2.0,3.0,0,3,0,0,0.0,1.0,2,0,0,6.0,5.0,6.405223880597015,1.9752130131680874,1
668,59.43,20.0,4.04,0.0,6.0,0,D49Mfs*4,0,0,0,65.46666667,0,0,0,1.0,3.0,2,6,1,2,0.0,0.0,0,1,0,3.0,4.0,4.884328358208955,1.544004117344313,0
669,63.53,20.0,6.04,5.0,2.0,0,I255Sfs*90,0,0,0,22.66666667,1,1,1,3.0,3.0,2,3,6,3,0.0,1.0,2,0,0,9.0,6.0,9.130597014925373,1.274968125796855,2
670,45.0,28.0,4.056,0.0,6.0,0,0,M400Vfs*106,0,0,41.53333333,1,0,1,1.0,3.0,1,3,0,0,0.0,1.0,2,0,1,3.0,4.0,4.890298507462687,8.399999999999999,0
671,29.92,30.0,5.06,3.0,6.0,0,R273C,0,0,0,32.93333333,0,0,0,2.0,3.0,2,0,0,2,0.0,1.0,0,1,1,6.0,5.0,7.214925373134328,45.0,2
672,60.04,18.0,4.0360000000000005,0.0,5.0,0,R306*,0,0,0,217.7666667,0,0,0,1.0,3.0,1,6,1,2,0.0,0.0,0,1,0,3.0,4.0,4.882835820895522,1.347305389221557,0
673,60.42,25.0,4.05,0.0,5.0,H1047R E365K,P278R,0,0,0,158.5333333,1,0,1,1.0,3.0,0,5,4,1,0.0,0.0,2,0,1,3.0,4.0,4.888059701492537,1.8364348677766895,0
674,42.72,25.0,5.05,1.0,14.0,0,R342P,0,0,0,236.0666667,0,0,0,2.0,3.0,0,0,1,2,0.0,0.0,0,1,1,6.0,5.0,6.411194029850746,13.786764705882359,1
675,48.75,15.0,3.03,0.0,6.0,H1047R,0,0,0,L742Tfs*6,242.5666667,1,0,1,1.0,2.0,2,2,3,1,0.0,0.0,2,0,0,2.0,3.0,3.5074626865671643,1.7142857142857142,0
676,64.99,19.0,3.0380000000000003,0.0,3.0,0,0,X308_splice,0,0,247.0,1,0,0,1.0,2.0,1,3,8,0,0.0,0.0,1,0,0,2.0,3.0,3.5104477611940297,0.7603041216486596,0
677,49.5,32.0,3.064,0.0,6.0,0,0,X308_splice,0,0,248.7666667,1,0,1,1.0,2.0,2,3,9,0,0.0,0.0,2,0,1,2.0,3.0,3.5201492537313435,3.3684210526315788,0
678,63.96,20.0,5.04,1.0,4.0,0,0,0,0,0,243.9,1,0,1,2.0,3.0,2,3,4,0,0.0,0.0,2,0,0,6.0,5.0,6.407462686567165,1.2520868113522536,1
679,69.65,35.0,4.07,1.0,5.0,E542K,0,R352Kfs*19,0,0,191.1333333,1,0,0,2.0,2.0,2,2,8,1,0.0,0.0,1,0,1,4.0,4.0,5.045522388059702,1.1804384485666102,1
680,56.03,20.0,4.04,0.0,5.0,0,G245V,0,0,0,37.96666667,0,1,0,1.0,3.0,1,1,6,3,0.0,1.0,0,0,0,3.0,4.0,4.884328358208955,1.8714909544603868,0
681,62.96,30.0,3.06,0.0,4.0,0,0,0,0,0,148.7666667,1,0,1,1.0,2.0,2,2,9,0,0.0,1.0,2,0,1,2.0,3.0,3.5186567164179103,1.3066202090592334,0
682,33.76,23.0,3.0460000000000003,0.0,8.0,H1047R E453K,0,0,0,0,241.2666667,1,0,1,1.0,2.0,1,2,3,1,0.0,0.0,2,0,0,2.0,3.0,3.5134328358208955,23.0,0
683,62.62,30.0,3.06,0.0,6.0,0,0,0,0,0,227.8,1,0,1,1.0,2.0,1,3,3,0,0.0,0.0,2,0,1,2.0,3.0,3.5186567164179103,1.3262599469496024,0
684,39.4,17.0,3.034,0.0,5.0,E545K,0,0,0,0,241.8666667,1,0,1,1.0,2.0,2,2,3,1,0.0,0.0,2,0,0,2.0,3.0,3.508955223880597,17.0,0
685,48.53,27.0,6.053999999999999,4.0,5.0,0,X187_splice,0,0,0,109.0,0,1,0,3.0,3.0,2,1,6,3,0.0,0.0,0,0,1,9.0,6.0,8.735820895522387,4.747948417350527,2
686,47.75,25.0,4.05,0.0,8.0,0,G245S,0,0,Q641*,38.03333333,1,0,1,1.0,3.0,2,3,10,0,0.0,1.0,2,0,1,3.0,4.0,4.888059701492537,4.838709677419354,0
687,48.48,28.0,4.056,0.0,8.0,0,P250L,0,0,0,26.76666667,1,1,1,1.0,3.0,2,3,6,3,0.0,1.0,2,0,1,3.0,4.0,4.890298507462687,4.952830188679247,0
688,57.31,16.0,4.032,0.0,8.0,M1043V,R333Vfs*12,0,0,0,68.2,1,1,0,1.0,3.0,2,3,6,3,0.0,1.0,1,0,0,3.0,4.0,4.88134328358209,1.386481802426343,0
689,56.42,20.0,4.04,0.0,23.0,0,0,0,0,0,10.86666667,1,0,0,1.0,3.0,2,0,1,2,0.0,1.0,1,0,0,3.0,4.0,4.884328358208955,1.8270401948842871,0
690,51.18,27.0,4.053999999999999,1.0,3.0,0,0,0,0,0,241.6,1,0,1,2.0,2.0,2,2,8,1,0.0,0.0,2,0,1,4.0,4.0,5.039552238805969,2.415026833631485,1
691,65.62,23.0,4.046,0.0,9.0,0,P191Lfs*53,0,0,0,179.43333330000002,1,0,0,1.0,3.0,2,6,1,2,0.0,0.0,1,0,0,3.0,4.0,4.886567164179104,1.3466042154566744,0
692,66.15,16.0,3.032,0.0,3.0,0,0,X308_splice,0,0,241.2666667,1,0,0,1.0,2.0,2,3,9,0,0.0,0.0,1,0,0,2.0,3.0,3.5082089552238807,0.6118546845124282,0
693,65.5,18.0,3.036,0.0,4.0,H1047R,0,0,L1410Hfs*8,X379_splice,87.53333333,1,0,1,1.0,2.0,2,2,4,1,0.0,0.0,2,0,0,2.0,3.0,3.5097014925373133,0.7058823529411765,0
694,60.99,20.0,4.04,0.0,5.0,H1047R,0,0,0,E512Dfs*16,113.8333333,1,1,1,1.0,3.0,1,2,6,3,0.0,0.0,2,0,0,3.0,4.0,4.884328358208955,1.4292520247737017,0
695,53.36,20.0,5.04,3.0,3.0,H1047R,0,0,0,0,236.6333333,1,0,1,2.0,3.0,0,2,8,1,0.0,0.0,2,0,0,6.0,5.0,7.2074626865671645,2.245508982035928,2
696,61.26,40.0,4.08,0.0,1.0,0,0,0,0,0,136.2333333,1,1,0,1.0,3.0,2,3,6,3,0.0,0.0,1,0,1,3.0,4.0,4.899253731343284,2.8222013170272815,0
697,38.49,28.0,6.056,5.0,8.0,0,R175H,0,0,0,23.2,0,0,0,3.0,3.0,1,6,1,1,0.0,1.0,0,1,1,9.0,6.0,9.136567164179105,42.0,2
698,40.06,35.0,5.07,3.0,6.0,0,R248Q,0,0,0,55.63333333,0,1,0,2.0,3.0,2,1,0,3,0.0,1.0,0,0,1,6.0,5.0,7.218656716417911,50.0,2
699,59.3,20.0,5.04,1.0,5.0,E545K,R249M,0,0,0,228.6,1,0,1,2.0,3.0,2,3,9,0,0.0,0.0,2,0,0,6.0,5.0,6.407462686567165,1.5544041450777204,1
700,63.34,20.0,4.04,0.0,2.0,0,0,0,0,0,240.7,1,0,0,1.0,3.0,2,3,7,0,0.0,0.0,1,0,0,3.0,4.0,4.884328358208955,1.2853470437017993,0
701,52.45,15.0,4.03,0.0,6.0,0,Y220C,0,0,0,243.7666667,0,0,0,1.0,3.0,2,6,1,2,0.0,0.0,0,1,0,3.0,4.0,4.880597014925373,1.80722891566265,0
702,59.29,25.0,5.05,3.0,12.0,C420R,A69Vfs*54,0,0,0,226.7333333,0,0,0,2.0,3.0,2,0,3,2,0.0,0.0,0,1,1,6.0,5.0,7.211194029850747,1.944012441679627,2
703,41.17,28.0,5.056,3.0,4.0,H1047R,0,0,0,0,50.03333333,1,0,1,2.0,3.0,2,3,0,0,0.0,1.0,2,0,1,6.0,5.0,7.213432835820896,35.89743589743584,2
704,50.92,17.0,4.034,1.0,4.0,*1069Lfs*5,0,0,0,0,138.33333330000002,1,0,1,2.0,2.0,1,2,3,1,0.0,0.0,2,0,0,4.0,4.0,5.032089552238806,1.5567765567765566,1
705,55.28,26.0,6.0520000000000005,5.0,6.0,N345K,0,0,G330*,0,228.8,1,0,0,3.0,3.0,2,2,9,1,0.0,0.0,1,0,1,9.0,6.0,9.135074626865672,2.5523560209424083,2
706,59.16,20.0,3.04,0.0,7.0,0,0,0,0,0,103.4666667,1,0,1,1.0,2.0,2,3,8,0,0.0,0.0,2,0,0,2.0,3.0,3.5111940298507465,1.0438413361169103,0
707,49.08,26.0,4.052,1.0,3.0,0,0,0,0,0,243.5,1,0,0,2.0,2.0,1,5,4,1,0.0,0.0,1,0,1,4.0,4.0,5.038805970149253,2.863436123348018,1
708,68.86,25.0,5.05,1.0,7.0,E453_G460delinsD,0,0,0,0,219.7666667,1,0,1,2.0,3.0,2,2,3,0,0.0,0.0,2,0,1,6.0,5.0,6.411194029850746,1.2993762993762994,1
709,37.05,30.0,5.06,1.0,9.0,E545K,0,0,0,0,25.43333333,0,1,0,2.0,3.0,2,1,6,3,0.0,1.0,0,0,1,6.0,5.0,6.414925373134329,45.0,1
710,38.2,49.5,6.26,5.0,4.0,H1047Y,0,0,G172E,0,50.76666667,1,0,1,3.0,3.0,2,3,0,1,0.0,1.0,2,0,1,9.0,6.0,9.212686567164178,50.0,2
711,70.52,21.0,4.042,0.0,2.0,0,0,0,0,0,108.76666670000002,1,0,1,1.0,3.0,1,3,4,0,0.0,0.0,2,0,0,3.0,4.0,4.885074626865672,1.0321100917431194,0
712,43.67,17.0,4.034,1.0,16.0,E542K D1045N Q1064H,0,0,0,0,188.7333333,1,0,1,2.0,2.0,1,2,9,1,0.0,0.0,2,0,0,4.0,4.0,5.032089552238806,4.632152588555856,1
713,51.52,17.0,3.034,0.0,3.0,E542K,0,0,0,0,240.4666667,1,0,1,1.0,2.0,2,2,9,1,0.0,0.0,2,0,0,2.0,3.0,3.508955223880597,1.475694444444444,0
714,64.04,30.0,4.06,0.0,7.0,0,C229Yfs*10,0,0,0,119.8666667,1,0,0,1.0,3.0,2,5,2,1,0.0,1.0,1,0,1,3.0,4.0,4.891791044776119,1.871880199667221,0
715,51.36,35.0,5.07,1.0,14.0,E545K,G262V,0,0,0,32.83333333,0,0,0,2.0,3.0,2,0,1,2,0.0,1.0,0,1,1,6.0,5.0,6.418656716417911,4.621478873239437,1
716,57.66,20.0,3.04,0.0,5.0,E542K,0,0,0,0,241.4,1,0,1,1.0,2.0,2,6,8,0,0.0,0.0,2,0,0,2.0,3.0,3.5111940298507465,1.1325028312570784,0
717,40.92,16.0,4.032,2.0,7.0,0,0,X308_splice,0,0,234.2333333,1,0,1,2.0,2.0,1,2,3,1,0.0,0.0,2,0,0,4.0,4.0,5.431343283582089,16.0,1
718,55.3,15.0,4.03,0.0,8.0,0,0,0,0,0,234.1333333,1,0,1,1.0,3.0,2,1,2,0,0.0,0.0,2,0,0,3.0,4.0,4.880597014925373,1.470588235294118,0
719,21.93,35.0,5.07,5.0,5.0,0,C229Yfs*10,0,0,0,38.8,0,1,0,3.0,2.0,2,1,6,3,0.0,1.0,0,0,1,6.0,5.0,7.768656716417911,35.0,2
720,56.4,49.5,5.11,2.0,3.0,0,R248G,0,0,0,62.53333333,0,1,0,2.0,3.0,2,1,6,3,0.0,1.0,0,0,1,6.0,5.0,6.833582089552238,4.527439024390244,1
721,68.59,17.0,4.034,0.0,4.0,0,C238G,0,0,0,159.06666669999998,0,0,0,1.0,3.0,2,6,1,2,0.0,0.0,0,1,0,3.0,4.0,4.882089552238806,0.8919202518363063,0
722,60.3,22.0,5.044,1.0,1.0,0,0,0,0,0,231.6666667,1,0,1,2.0,3.0,1,6,4,2,0.0,0.0,2,0,0,6.0,5.0,6.408955223880597,1.6256157635467985,1
723,43.58,27.0,4.053999999999999,0.0,6.0,0,0,0,0,0,237.1333333,1,0,0,1.0,3.0,2,3,0,0,0.0,0.0,1,0,1,3.0,4.0,4.88955223880597,11.31284916201118,0
724,41.1,49.5,4.1,0.0,2.0,0,Q52Lfs*68,0,0,0,27.46666667,1,1,0,2.0,3.0,2,1,6,3,0.0,1.0,1,0,1,6.0,5.0,5.656716417910448,50.0,1
725,45.74,20.0,3.04,0.0,18.0,R88Q H1047R,0,0,0,0,102.4,1,0,1,1.0,2.0,2,3,3,0,0.0,1.0,2,0,0,2.0,3.0,3.5111940298507465,3.484320557491288,0
726,62.09,20.0,5.04,1.0,8.0,E545K,0,0,0,0,118.1333333,1,0,1,2.0,3.0,1,3,0,0,0.0,1.0,2,0,0,6.0,5.0,6.407462686567165,1.3580805794477135,1
727,53.5,31.0,6.062,5.0,7.0,0,0,0,0,0,15.5,0,1,0,3.0,3.0,2,1,6,3,0.0,1.0,0,0,1,9.0,6.0,9.138805970149253,3.4444444444444446,2
728,66.91,30.0,4.06,0.0,12.0,0,W53* E51_Q52del,0,0,0,239.3,0,0,0,1.0,3.0,1,0,1,2,0.0,0.0,0,1,1,3.0,4.0,4.891791044776119,1.6722408026755855,0
729,50.79,27.0,5.053999999999999,3.0,4.0,0,R273H,0,0,0,229.3333333,0,0,0,2.0,3.0,1,0,1,2,0.0,0.0,0,1,1,6.0,5.0,7.212686567164178,3.7534754402224286,2
730,39.28,16.0,5.032,1.0,6.0,0,0,P432Tfs*75,0,0,240.8333333,1,0,1,2.0,3.0,2,3,0,0,0.0,0.0,2,0,0,6.0,5.0,6.404477611940299,24.0,1
731,67.6,20.0,3.04,1.0,8.0,H450_I459del,0,0,0,0,59.6,1,0,1,2.0,3.0,2,2,8,1,0.0,0.0,2,0,0,6.0,5.0,3.661194029850746,0.3623188405797102,0
732,65.56,27.0,6.053999999999999,5.0,26.0,0,0,0,0,0,236.7,1,0,0,3.0,3.0,2,3,0,0,0.0,0.0,1,0,1,9.0,6.0,9.135820895522388,1.584507042253521,2
733,60.3,22.0,5.044,3.0,3.0,H1047R,R282W,0,0,0,86.06666667,1,0,0,2.0,3.0,0,5,7,1,0.0,1.0,1,0,0,6.0,5.0,7.208955223880597,1.6256157635467985,2
734,71.03,25.0,4.05,0.0,7.0,F909L,0,0,0,0,113.6666667,0,1,0,1.0,3.0,2,1,6,3,0.0,0.0,0,0,1,3.0,4.0,4.888059701492537,1.2085078955849178,0
735,70.94,26.0,4.052,1.0,20.0,H1047R,0,0,0,0,112.96666670000002,1,0,1,2.0,2.0,2,1,9,0,0.0,0.0,2,0,1,4.0,4.0,5.038805970149253,0.8403361344537815,1
736,48.12,15.0,5.03,5.0,8.0,H1047R,Q192*,0,0,0,86.23333333,1,0,0,3.0,2.0,2,5,6,0,0.0,1.0,1,0,0,6.0,5.0,7.753731343283582,1.8472906403940892,2
737,49.84,21.0,4.042,0.0,5.0,H1047R,D393Tfs*29,0,0,0,232.7333333,1,0,1,1.0,3.0,1,2,8,1,0.0,1.0,2,0,0,3.0,4.0,4.885074626865672,3.201219512195121,0
738,66.85,20.0,4.04,1.0,4.0,0,0,0,0,F39Lfs*17,234.5333333,1,0,1,2.0,2.0,2,2,3,0,0.0,0.0,2,0,0,4.0,4.0,5.034328358208955,0.7448789571694601,1
739,51.76,49.5,5.16,2.0,8.0,0,0,0,0,0,38.03333333,0,1,0,2.0,3.0,2,1,0,0,0.0,1.0,0,0,1,6.0,5.0,6.852238805970149,6.313775510204082,1
740,55.95,25.0,4.05,0.0,4.0,0,Y126N,0,0,0,236.0333333,0,0,0,2.0,3.0,2,6,0,2,0.0,0.0,0,1,1,6.0,5.0,5.638059701492537,2.351097178683385,1
741,53.04,37.0,4.074,0.0,8.0,0,M340Ifs*7,0,0,0,24.86666667,1,0,0,1.0,3.0,2,1,7,0,0.0,1.0,1,0,1,3.0,4.0,4.897014925373134,4.256134969325154,0
742,63.97,49.5,1.12,0.0,2.0,H1047R,0,0,0,0,229.3666667,1,0,1,1.0,3.0,2,6,5,2,0.0,0.0,2,0,1,3.0,4.0,3.794776119402985,3.0976220275344186,0
743,60.15,12.0,4.024,1.0,9.0,0,0,0,P1053Afs*4,0,214.7,1,0,1,2.0,2.0,2,3,10,0,0.0,0.0,2,0,0,4.0,4.0,5.028358208955224,0.5955334987593053,1
744,68.61,40.0,4.08,0.0,8.0,E545K,Q331Rfs*14,0,0,0,110.6333333,0,1,0,1.0,3.0,2,1,6,3,0.0,0.0,0,0,1,3.0,4.0,4.899253731343284,2.097168822090178,0
745,63.95,34.0,5.0680000000000005,3.0,4.0,0,0,W328Lfs*25,0,0,235.4,1,0,1,2.0,3.0,1,3,0,0,0.0,0.0,2,0,1,6.0,5.0,7.217910447761194,2.1294363256784967,2
746,37.16,5.5,5.011,1.0,5.0,0,L257Q,0,0,0,230.4666667,0,0,0,2.0,3.0,1,6,1,2,0.0,0.0,0,1,0,6.0,5.0,6.396641791044776,8.25,1
747,55.71,18.0,4.0360000000000005,0.0,4.0,0,R213*,0,0,0,38.8,0,0,0,1.0,3.0,2,0,1,2,0.0,1.0,0,1,0,3.0,4.0,4.882835820895522,1.7186505410566517,0
748,70.77,25.0,5.05,1.0,2.0,E542K,E285K,0,0,0,228.7666667,1,0,0,2.0,3.0,2,6,4,1,0.0,1.0,1,0,1,6.0,5.0,6.411194029850746,1.2187195320117,1
749,41.52,20.0,2.04,0.0,7.0,0,0,D160E,P938T,0,222.1,1,0,1,1.0,3.0,2,2,3,1,0.0,0.0,2,0,0,3.0,4.0,2.138059701492537,6.578947368421039,0
750,51.01,15.0,4.03,0.0,6.0,0,R306*,0,0,0,228.0,1,0,1,1.0,3.0,1,2,4,1,0.0,0.0,2,0,0,3.0,4.0,4.880597014925373,2.0435967302452323,0
751,49.98,15.0,4.03,0.0,4.0,0,R196*,0,0,0,75.33333333,0,0,0,1.0,3.0,2,6,5,2,0.0,1.0,0,1,0,3.0,4.0,4.880597014925373,2.2545090180360727,0
752,57.01,25.0,4.05,0.0,6.0,N345K,0,0,0,0,92.73333333,1,0,0,1.0,3.0,1,3,0,0,0.0,1.0,1,0,1,3.0,4.0,4.888059701492537,2.2045855379188715,0
753,48.16,18.0,3.036,0.0,5.0,H1047R,0,0,0,0,224.5666667,1,0,1,1.0,2.0,2,2,9,1,0.0,0.0,2,0,0,2.0,3.0,3.5097014925373133,2.2058823529411775,0
754,68.72,24.0,1.048,0.0,6.0,0,0,X308_splice,0,0,228.3333333,1,0,1,1.0,3.0,2,2,9,0,0.0,0.0,2,0,1,3.0,4.0,3.767910447761194,1.253481894150418,0
755,49.45,22.0,4.044,0.0,8.0,H1047L P449T,I162Tfs*14,0,0,0,126.46666670000002,1,0,1,1.0,3.0,2,3,2,0,0.0,1.0,2,0,0,3.0,4.0,4.885820895522388,3.492063492063491,0
756,60.45,23.0,4.046,0.0,5.0,0,0,0,0,0,134.4666667,1,0,1,1.0,3.0,2,3,9,0,0.0,1.0,2,0,0,3.0,4.0,4.886567164179104,1.687041564792176,0
757,53.89,16.0,3.032,0.0,5.0,0,R110H,0,0,0,287.2333333,1,0,0,1.0,2.0,2,3,7,0,0.0,0.0,1,0,0,2.0,3.0,3.5082089552238807,1.1519078473722102,0
758,54.6,24.0,5.048,1.0,8.0,0,0,0,0,0,226.0666667,1,0,0,2.0,3.0,2,3,0,0,0.0,0.0,1,0,1,6.0,5.0,6.41044776119403,2.4657534246575343,1
759,65.89,20.0,3.04,0.0,8.0,H1047R,0,0,0,F57Lfs*26,72.3,1,1,1,1.0,2.0,1,2,4,1,0.0,0.0,2,0,0,2.0,3.0,3.5111940298507465,0.772499034376207,0
760,43.56,23.0,4.046,0.0,4.0,R88Q,L194R,0,0,0,225.5,1,1,1,1.0,3.0,2,2,4,0,0.0,0.0,2,0,0,3.0,4.0,4.886567164179104,9.69101123595505,0
761,63.82,12.0,2.024,0.0,8.0,G1049R,0,0,0,E58*,99.23333333,1,0,1,1.0,3.0,2,2,3,1,0.0,0.0,2,0,0,3.0,4.0,2.132089552238806,0.2518891687657431,0
762,49.37,15.0,2.03,0.0,4.0,0,0,0,0,0,199.9666667,1,0,0,1.0,3.0,1,6,3,1,0.0,0.0,1,0,0,3.0,4.0,2.134328358208955,0.8004268943436502,0
763,54.29,12.0,4.024,0.0,9.0,0,R196*,0,0,0,225.5,0,1,0,1.0,3.0,2,1,6,3,0.0,0.0,0,0,0,3.0,4.0,4.878358208955223,1.2596221133659904,0
764,62.03,26.0,4.052,1.0,6.0,N345K S161R,0,0,E862* Y1237C,0,172.8,1,0,1,2.0,2.0,2,2,9,1,0.0,0.0,2,0,1,4.0,4.0,5.038805970149253,1.1802088061733997,1
765,35.5,15.0,3.03,0.0,6.0,E545K,R110H,0,0,0,186.4333333,1,0,1,1.0,2.0,1,2,8,1,0.0,0.0,2,0,0,2.0,3.0,3.5074626865671643,15.0,0
766,57.91,13.0,4.026,0.0,9.0,0,N200Ifs*47,0,0,0,100.8666667,0,1,0,1.0,3.0,2,1,6,3,0.0,1.0,0,0,0,3.0,4.0,4.87910447761194,1.0887772194304859,0
767,76.96,20.0,3.04,0.0,3.0,0,0,0,0,0,28.06666667,1,0,0,1.0,2.0,2,2,4,1,0.0,0.0,1,0,0,2.0,3.0,3.5111940298507465,0.5411255411255412,0
768,74.51,40.0,3.08,0.0,9.0,0,0,R329Gfs*17,0,0,49.66666667,1,0,0,2.0,2.0,2,2,8,0,0.0,1.0,1,0,1,4.0,4.0,4.276119402985074,1.159084323384526,0
769,70.31,20.0,3.04,0.0,6.0,0,M246*,0,0,0,106.5666667,1,0,1,1.0,2.0,2,1,7,0,0.0,1.0,2,0,0,2.0,3.0,3.5111940298507465,0.6598482349059716,0
770,61.16,15.0,4.03,0.0,8.0,0,0,0,0,0,256.8666667,1,0,1,1.0,3.0,2,3,10,0,0.0,1.0,2,0,0,3.0,4.0,4.880597014925373,1.063327032136106,0
771,66.37,18.0,3.036,0.0,4.0,0,R175H,0,0,0,188.3666667,1,0,1,1.0,2.0,1,6,3,1,0.0,0.0,2,0,0,2.0,3.0,3.5097014925373133,0.6825938566552899,0
772,64.91,35.0,5.07,3.0,4.0,E542K,0,0,0,0,44.73333333,1,0,1,2.0,3.0,1,3,2,1,0.0,1.0,2,0,1,6.0,5.0,7.218656716417911,2.107587314331594,2
773,73.15,25.0,4.05,0.0,9.0,0,0,0,0,0,11.7,1,0,1,2.0,3.0,0,1,7,1,0.0,0.0,2,0,1,6.0,5.0,5.638059701492537,1.1312217194570133,1
774,72.36,22.0,4.044,0.0,4.0,0,X261_splice,0,0,0,193.1666667,1,0,0,2.0,3.0,1,2,9,0,0.0,0.0,1,0,0,6.0,5.0,5.635820895522388,1.0197775030902347,1
775,63.23,25.0,3.05,0.0,11.0,P471L,0,0,0,0,277.3666667,0,1,0,2.0,3.0,2,1,9,1,0.0,0.0,0,0,1,6.0,5.0,5.264925373134329,1.6142918639690058,1
776,76.13,30.0,3.06,0.0,10.0,0,E180*,0,0,0,11.3,0,0,0,2.0,2.0,1,1,5,1,0.0,1.0,0,1,1,4.0,4.0,4.268656716417911,0.8303349017437034,0
777,76.17,40.0,5.08,3.0,6.0,0,0,0,0,0,139.3,1,0,0,2.0,3.0,2,3,7,0,0.0,0.0,1,0,1,6.0,5.0,7.222388059701492,1.6588332872546308,2
778,71.32,20.0,5.04,5.0,5.0,0,0,0,0,0,105.6666667,1,0,1,2.0,2.0,1,2,8,1,0.0,1.0,2,0,0,4.0,4.0,7.007462686567164,0.6385696040868456,2
779,56.14,25.0,4.05,0.0,7.0,0,G244C,0,0,0,124.1,0,0,0,2.0,3.0,2,0,0,1,0.0,0.0,0,1,1,6.0,5.0,5.638059701492537,2.323420074349442,1
780,82.17,22.0,5.044,5.0,9.0,0,E285* E271K,0,0,X722_splice,15.2,1,0,1,3.0,2.0,2,2,4,1,0.0,1.0,2,0,0,6.0,5.0,7.758955223880597,0.5216978894949016,2
781,59.24,13.0,3.026,0.0,8.0,E545K,0,0,0,N458I,298.03333330000004,1,0,1,1.0,2.0,1,1,9,0,0.0,0.0,2,0,0,2.0,3.0,3.505970149253731,0.6756756756756757,0
782,50.23,25.0,3.05,0.0,6.0,E542K,0,M293K,0,0,172.0,1,0,1,2.0,2.0,2,5,3,1,0.0,0.0,2,0,1,4.0,4.0,4.264925373134329,2.4437927663734125,0
783,63.17,22.0,4.044,0.0,24.0,E545K,V274L,0,0,0,351.0,1,0,1,2.0,3.0,2,1,8,1,0.0,0.0,2,0,0,6.0,5.0,5.635820895522388,1.4242555028053516,1
784,74.45,30.0,4.06,0.0,4.0,0,0,S407Lfs*98,0,0,281.3666667,1,0,1,2.0,3.0,1,2,4,1,0.0,0.0,2,0,1,6.0,5.0,5.641791044776119,1.3062409288824384,1
785,68.55,49.5,2.1,0.0,7.0,0,0,L428Vfs*78,0,0,176.3666667,1,0,0,2.0,3.0,2,1,8,1,0.0,0.0,1,0,1,6.0,5.0,4.91044776119403,2.600700525394046,0
786,65.46,20.0,4.04,1.0,7.0,0,0,0,R364W,0,67.8,1,0,0,2.0,2.0,1,1,8,1,0.0,1.0,1,0,0,4.0,4.0,5.034328358208955,0.7855459544383349,1
787,56.19,10.0,3.02,0.0,5.0,0,0,0,0,0,217.1,1,0,1,2.0,2.0,2,2,9,1,0.0,0.0,2,0,0,4.0,4.0,4.253731343283582,0.6176652254478073,0
788,73.2,30.0,1.06,0.0,10.0,G1049R,Y220C,0,0,0,174.8,1,0,1,2.0,3.0,1,1,8,1,0.0,0.0,2,0,1,6.0,5.0,4.522388059701493,1.355421686746988,0
789,54.35,40.0,6.08,5.0,8.0,0,H214_E221del,0,0,0,258.1666667,0,1,0,3.0,3.0,2,1,6,3,0.0,0.0,0,0,1,9.0,6.0,9.145522388059701,4.181184668989546,2
790,63.05,20.0,2.04,0.0,4.0,0,0,0,0,0,165.4,1,0,1,1.0,3.0,2,3,9,0,0.0,0.0,2,0,0,3.0,4.0,4.138059701492537,1.3015184381778744,0
791,71.17,23.0,4.046,0.0,13.0,0,0,0,0,0,114.5,1,0,0,2.0,3.0,2,2,9,1,0.0,0.0,1,0,0,6.0,5.0,5.636567164179104,1.1068334937439845,1
792,58.32,15.0,4.03,0.0,5.0,E542K,0,0,0,0,147.83333330000002,1,0,1,2.0,3.0,0,1,8,1,0.0,1.0,2,0,0,6.0,5.0,5.630597014925373,1.2281659388646289,1
793,60.33,20.0,1.04,0.0,9.0,0,H179Q H178Q,0,0,0,217.6333333,1,0,1,1.0,3.0,2,1,4,1,0.0,0.0,2,0,0,3.0,4.0,3.764925373134328,1.4756517461878997,0
794,43.06,20.0,6.04,5.0,5.0,0,0,0,0,0,15.63333333,0,0,0,2.0,3.0,1,0,5,2,0.0,1.0,0,1,0,6.0,5.0,8.380597014925373,9.803921568627445,2
795,57.85,35.0,5.07,5.0,3.0,0,0,0,0,0,63.03333333,1,0,1,2.0,2.0,1,3,10,0,0.0,1.0,2,0,1,4.0,4.0,7.018656716417911,1.9607843137254901,2
796,54.22,30.0,4.06,0.0,6.0,N1068Kfs*5,V217Gfs*29,0,0,0,49.56666667,1,0,1,2.0,3.0,1,3,4,0,0.0,0.0,2,0,1,6.0,5.0,5.641791044776119,3.1645569620253164,1
797,64.21,43.0,4.086,0.0,5.0,H1047R,0,0,0,I192Sfs*23,184.7,1,0,0,2.0,3.0,2,1,10,0,0.0,1.0,1,0,1,6.0,5.0,5.651492537313433,2.6641883519206946,1
798,74.31,10.0,4.02,2.0,3.0,0,0,0,0,0,160.33333330000002,1,0,1,2.0,2.0,1,2,8,1,0.0,0.0,2,0,0,4.0,4.0,5.4268656716417905,0.2914602156805596,1
799,60.99,23.0,2.0,1.0,7.0,0,G245S,0,0,0,355.2,1,0,1,2.0,3.0,2,1,2,1,0.0,0.0,2,0,0,6.0,5.0,5.273134328358209,1.6436398284897566,1
800,45.5,20.0,3.04,0.0,3.0,E545K,0,0,0,0,330.3666667,1,0,1,2.0,2.0,0,2,4,1,0.0,0.0,2,0,0,4.0,4.0,4.2611940298507465,3.6363636363636362,0
801,67.02,30.0,3.06,0.0,3.0,0,0,0,0,0,84.5,1,0,0,2.0,2.0,2,3,4,1,0.0,1.0,1,0,1,4.0,4.0,4.268656716417911,1.1102886750555145,0
802,58.8,40.0,2.08,0.0,5.0,H1047R,0,0,0,0,55.23333333,1,0,1,2.0,3.0,2,1,9,1,0.0,1.0,2,0,1,6.0,5.0,2.9029850746268657,1.0638297872340428,0
803,72.39,35.0,4.07,1.0,5.0,0,0,0,0,0,65.5,1,0,1,2.0,2.0,2,4,4,1,0.0,1.0,2,0,1,4.0,4.0,5.045522388059702,1.0805804260574252,1
804,75.87,49.5,3.1,0.0,5.0,H1047R,0,0,0,0,115.6,1,0,0,2.0,2.0,1,2,8,1,0.0,0.0,1,0,1,4.0,4.0,4.2835820895522385,1.379983272930025,0
805,54.01,30.0,5.06,5.0,11.0,0,N268Lfs*75,0,0,0,36.36666667,1,0,0,2.0,2.0,1,3,10,0,0.0,1.0,1,0,1,4.0,4.0,7.014925373134329,2.1413276231263385,2
806,68.25,40.0,4.08,0.0,5.0,0,0,X308_splice,0,0,253.5333333,1,0,1,2.0,3.0,1,2,4,1,0.0,0.0,2,0,1,6.0,5.0,5.649253731343284,2.1238938053097343,1
807,67.46,20.0,3.04,0.0,5.0,H1047R,0,0,V719Efs*4,0,335.7333333,1,0,0,1.0,2.0,1,0,1,1,0.0,1.0,1,0,0,2.0,3.0,3.5111940298507465,0.7283321194464678,0
808,73.91,18.0,5.0360000000000005,1.0,7.0,0,0,0,A726Kfs*14,F32Lfs*24,203.7,1,0,0,2.0,3.0,2,1,10,0,0.0,0.0,1,0,0,6.0,5.0,6.405970149253732,0.7962253022707166,1
809,80.81,49.5,4.11,1.0,5.0,0,R175H,0,0,0,100.1666667,1,0,0,3.0,2.0,1,2,3,1,0.0,0.0,1,0,1,6.0,5.0,5.81044776119403,1.2129380053908354,1
810,68.7,30.0,4.06,0.0,4.0,0,R282Gfs*63,0,0,0,178.4,0,0,0,2.0,3.0,2,0,1,1,0.0,0.0,0,1,1,6.0,5.0,5.641791044776119,1.56794425087108,1
811,72.17,20.0,4.04,1.0,8.0,0,0,T315Rfs*40,0,0,163.2,1,0,1,2.0,2.0,1,2,8,0,0.0,0.0,2,0,0,4.0,4.0,5.034328358208955,0.6216972334473111,1
812,28.04,45.0,4.09,0.0,1.0,0,0,0,0,0,33.9,1,0,0,2.0,3.0,2,2,7,0,0.0,1.0,1,0,1,6.0,5.0,5.652985074626866,50.0,1
813,37.85,18.0,5.0360000000000005,4.0,2.0,0,R175H,0,0,0,98.7,1,1,1,2.0,2.0,2,1,10,3,0.0,1.0,2,0,0,4.0,4.0,6.605970149253731,18.0,1
814,74.32,20.0,4.04,3.0,7.0,H1047R,0,0,0,0,59.93333333,1,0,1,2.0,2.0,2,3,9,0,0.0,1.0,2,0,0,4.0,4.0,5.834328358208955,0.5827505827505829,1
815,55.07,35.0,4.07,1.0,7.0,0,H178Pfs*2,0,0,0,132.2,1,1,1,2.0,2.0,2,1,6,3,0.0,1.0,2,0,1,4.0,4.0,5.045522388059702,2.3224950232249504,1
816,68.32,30.0,4.06,0.0,14.0,H1047R,0,M293R,R481K,0,244.2,1,0,1,2.0,3.0,1,1,3,1,0.0,0.0,2,0,1,6.0,5.0,5.641791044776119,1.588983050847458,1
817,60.0,23.0,5.046,1.0,8.0,E545K,L194R,0,0,0,260.03333330000004,1,0,0,2.0,3.0,1,1,10,0,0.0,0.0,1,0,0,6.0,5.0,6.409701492537314,1.7249999999999999,1
818,49.61,10.0,4.02,0.0,6.0,0,Q317*,0,0,0,34.1,1,0,1,1.0,3.0,2,2,10,1,0.0,0.0,2,0,0,3.0,4.0,4.876865671641791,1.5608740894901145,0
819,55.62,40.0,4.08,2.0,7.0,E545K,0,L343Afs*9,0,0,174.83333330000002,1,0,1,2.0,2.0,1,2,9,1,0.0,0.0,2,0,1,4.0,4.0,5.449253731343283,2.5608194622279132,1
820,65.49,20.0,2.04,0.0,5.0,0,0,0,0,I807Mfs*9,96.83333333,1,1,0,1.0,3.0,1,1,2,0,0.0,1.0,1,0,0,3.0,4.0,2.138059701492537,0.3923107100823853,0
821,58.8,25.0,4.05,0.0,6.0,0,0,0,0,0,335.6,1,0,1,2.0,3.0,1,2,9,1,0.0,0.0,2,0,1,6.0,5.0,5.638059701492537,1.99468085106383,1
822,54.16,30.0,3.06,0.0,6.0,E542K,0,X308_splice,0,0,219.1666667,1,0,0,2.0,2.0,1,2,9,1,0.0,0.0,1,0,1,4.0,4.0,4.268656716417911,2.1186440677966107,0
823,70.58,30.0,5.06,1.0,5.0,0,R209Kfs*6,0,0,0,189.0333333,1,0,0,2.0,3.0,1,1,7,1,0.0,0.0,1,0,1,6.0,5.0,6.414925373134329,1.471550032701112,1
824,66.91,15.0,4.03,0.0,12.0,0,D281A,0,0,0,89.03333333,0,0,0,1.0,3.0,1,0,5,1,0.0,0.0,0,1,0,3.0,4.0,4.880597014925373,0.8361204013377928,0
825,69.19,21.0,2.042,0.0,4.0,H1047R,0,0,M811V,0,234.7,1,0,1,2.0,3.0,2,2,3,1,0.0,0.0,2,0,0,6.0,5.0,2.888805970149254,0.3597122302158274,0
826,76.51,49.5,2.1,0.0,3.0,H1047R,0,S369Rfs*3,0,0,265.5666667,1,0,1,2.0,3.0,2,2,8,0,0.0,0.0,2,0,1,6.0,5.0,2.91044776119403,0.6778964667214461,0
827,58.02,40.0,6.08,5.0,10.0,E545K,0,0,G343Wfs*42 S297*,0,300.7,1,0,1,2.0,3.0,1,2,4,1,0.0,1.0,2,0,1,6.0,5.0,8.395522388059701,3.3296337402885676,2
828,51.93,49.5,3.1,0.0,4.0,0,A159V,0,0,0,177.9,1,1,1,2.0,2.0,1,1,6,1,0.0,0.0,2,0,1,4.0,4.0,4.2835820895522385,4.149203688181056,0
829,72.44,20.0,5.04,1.0,3.0,0,0,0,0,0,17.13333333,1,0,1,2.0,3.0,1,3,0,1,0.0,0.0,2,0,0,6.0,5.0,6.407462686567165,0.9247842170160296,1
830,63.39,30.0,4.06,1.0,6.0,E545K,0,0,0,0,196.4666667,1,0,0,2.0,2.0,2,2,8,1,0.0,0.0,1,0,1,4.0,4.0,5.041791044776119,1.2825994014536126,1
831,80.04,30.0,3.06,5.0,4.0,H1047R,0,0,F1149Lfs*23 X656_splice,0,126.6333333,1,0,1,2.0,3.0,2,2,9,0,0.0,0.0,2,0,1,6.0,5.0,7.268656716417911,1.1238761238761237,2
832,61.22,49.5,6.1,5.0,10.0,0,0,X260_splice,0,0,87.23333333,1,0,1,2.0,3.0,1,1,7,1,0.0,1.0,2,0,1,6.0,5.0,8.402985074626866,3.4990574929311977,2
833,64.12,30.0,4.06,1.0,5.0,0,P151T,0,0,0,199.2666667,1,0,1,2.0,2.0,0,2,8,1,0.0,0.0,2,0,1,4.0,4.0,5.041791044776119,1.2437810945273629,1
834,70.75,29.0,5.058,2.0,5.0,H1047R,0,0,0,L355Vfs*2,168.2666667,1,0,1,2.0,3.0,1,2,8,1,0.0,1.0,2,0,1,6.0,5.0,6.814179104477612,1.4146341463414633,1
835,63.34,20.0,5.04,2.0,3.0,0,0,0,0,0,235.5666667,1,0,0,2.0,3.0,1,1,0,1,0.0,0.0,1,0,0,6.0,5.0,6.807462686567164,1.2853470437017993,1
836,34.36,20.0,4.04,0.0,4.0,0,K132N,0,0,0,307.9333333,0,0,0,1.0,3.0,2,0,1,1,0.0,0.0,0,1,0,3.0,4.0,4.884328358208955,30.0,0
837,64.5,25.0,2.05,0.0,5.0,N345K,R175H,0,T1241I,0,207.9666667,1,0,0,2.0,3.0,1,2,3,1,0.0,0.0,1,0,1,6.0,5.0,2.8917910447761193,0.5102040816326531,0
838,74.98,20.0,3.04,0.0,8.0,0,0,0,0,0,173.6,1,0,1,1.0,2.0,2,3,9,1,0.0,1.0,2,0,0,2.0,3.0,3.5111940298507465,0.5717552887364208,0
839,35.14,40.0,6.08,5.0,5.0,0,W146*,0,0,0,33.7,0,1,0,2.0,3.0,1,1,6,1,0.0,1.0,0,0,1,6.0,5.0,8.395522388059701,50.0,2
840,73.2,49.5,2.124,3.0,6.0,H1047R,0,0,0,0,232.7666667,1,0,0,3.0,3.0,1,2,4,1,0.0,0.0,1,0,1,9.0,6.0,6.869402985074627,2.23644578313253,1
841,68.09,25.0,4.05,0.0,14.0,H1047R H1048R,R342*,0,0,0,198.6,1,0,0,2.0,3.0,1,1,4,1,0.0,0.0,1,0,1,6.0,5.0,5.638059701492537,1.3349946600213598,1
842,61.57,40.0,6.08,4.0,9.0,0,0,0,0,0,226.2,1,1,0,2.0,3.0,1,1,6,1,0.0,1.0,1,0,1,6.0,5.0,7.995522388059701,2.7816411682892905,2
843,35.64,15.0,5.03,3.0,2.0,0,R306*,0,0,0,31.06666667,0,1,0,2.0,3.0,1,1,6,1,0.0,1.0,0,0,0,6.0,5.0,7.203731343283582,22.5,2
844,70.27,20.0,4.04,0.0,9.0,0,V157F,0,0,0,68.13333333,0,0,0,1.0,3.0,1,1,0,1,0.0,1.0,0,1,0,3.0,4.0,4.884328358208955,0.9910802775024778,0
845,59.23,30.0,5.06,1.0,6.0,G118D,0,0,0,0,128.53333329999998,1,0,1,2.0,3.0,1,3,9,1,0.0,1.0,2,0,1,6.0,5.0,6.414925373134329,2.34009360374415,1
846,55.01,35.0,4.07,2.0,2.0,0,0,0,D1084G,0,15.36666667,0,0,0,2.0,2.0,1,1,0,1,0.0,1.0,0,1,1,4.0,4.0,5.445522388059701,2.3317788141239175,1
847,77.12,20.0,5.04,2.0,17.0,E542K,K132N,0,Q700*,N613Tfs*4,114.03333329999998,1,0,0,2.0,3.0,1,2,4,1,0.0,1.0,1,0,0,6.0,5.0,6.807462686567164,0.8081896551724137,1
848,59.16,8.0,4.016,0.0,9.0,E545K,G262V,0,0,0,11.86666667,0,1,0,3.0,3.0,1,1,6,1,0.0,1.0,0,0,0,9.0,6.0,6.375373134328358,0.6263048016701462,1
849,50.08,20.0,4.04,0.0,11.0,E542K E970K,0,0,Q519* M1442Wfs*19,0,267.2666667,1,0,1,1.0,3.0,0,5,4,1,0.0,0.0,2,0,0,3.0,4.0,4.884328358208955,2.9761904761904767,0
850,74.6,25.0,4.05,3.0,6.0,H1047R,0,0,0,0,119.46666670000002,1,0,1,2.0,2.0,2,2,9,1,0.0,1.0,2,0,1,4.0,4.0,5.838059701492537,0.7225433526011562,1
851,77.51,30.0,4.06,0.0,6.0,K111del,0,X308_splice,0,0,42.56666667,1,0,1,2.0,3.0,1,2,8,1,0.0,0.0,2,0,1,6.0,5.0,5.641791044776119,1.1996800853105838,1
852,40.04,16.0,3.032,0.0,5.0,0,0,E359*,0,0,291.1666667,1,0,1,1.0,2.0,1,5,3,1,0.0,0.0,2,0,0,2.0,3.0,3.5082089552238807,16.0,0
853,59.75,20.0,3.04,3.0,8.0,H1047R,0,0,L319Tfs*7 S281Wfs*19,0,61.46666667,1,0,1,2.0,3.0,2,5,8,1,0.0,1.0,2,0,0,6.0,5.0,4.461194029850747,0.5063291139240507,0
854,68.49,30.0,5.06,4.0,6.0,H1047R,0,0,0,0,164.33333330000002,1,0,1,2.0,2.0,2,2,9,1,0.0,0.0,2,0,1,4.0,4.0,6.614925373134328,1.0530010530010532,1
855,45.21,30.0,4.06,0.0,4.0,0,0,0,0,0,139.6,1,0,1,2.0,3.0,2,1,0,1,0.0,1.0,2,0,1,6.0,5.0,5.641791044776119,8.637236084452974,1
856,44.4,10.0,4.02,0.0,6.0,0,R248Q,0,A240V,0,83.36666667,0,0,0,1.0,3.0,1,0,1,1,0.0,1.0,0,1,0,3.0,4.0,4.876865671641791,3.40909090909091,0
857,71.66,20.0,4.04,0.0,9.0,0,R196*,0,0,0,206.5666667,0,0,0,2.0,3.0,2,0,10,2,0.0,0.0,0,1,0,6.0,5.0,5.634328358208955,0.9475679090334808,1
858,44.89,25.0,5.05,3.0,4.0,0,V122Cfs*27,0,0,0,241.6,0,0,0,2.0,3.0,1,6,5,1,0.0,1.0,0,1,1,6.0,5.0,7.211194029850747,7.668711656441717,2
859,68.16,32.0,4.064,0.0,8.0,E542K,R280T E326Q,0,0,0,16.7,0,0,0,2.0,3.0,1,0,1,1,0.0,0.0,0,1,1,6.0,5.0,5.643283582089552,1.7045454545454546,1
860,56.11,20.0,3.04,0.0,13.0,0,0,0,0,0,307.6333333,1,0,1,1.0,2.0,2,2,9,1,0.0,0.0,2,0,0,2.0,3.0,3.5111940298507465,1.2414649286157666,0
861,69.01,10.0,3.02,0.0,10.0,G106V,0,0,0,0,264.7666667,1,0,1,1.0,2.0,2,2,8,0,0.0,0.0,2,0,0,2.0,3.0,3.503731343283582,0.34470872113064455,0
862,70.84,45.0,5.09,1.0,9.0,H1047R,P153Afs*28,0,0,0,170.9,1,0,1,2.0,3.0,1,0,8,1,0.0,0.0,2,0,1,6.0,5.0,6.426119402985075,2.1887159533073928,1
863,74.84,25.0,5.05,1.0,1.0,0,0,0,0,0,148.1,1,0,0,2.0,3.0,1,1,10,1,0.0,1.0,1,0,1,6.0,5.0,6.411194029850746,1.076349024110218,1
864,47.29,15.0,3.03,0.0,4.0,0,0,X308_splice,0,0,296.8666667,1,0,1,1.0,2.0,2,2,9,1,0.0,0.0,2,0,0,2.0,3.0,3.5074626865671643,2.0576131687242802,0
865,66.23,49.5,4.11,0.0,7.0,H1047R P471A,0,0,0,E463Q,52.3,1,0,1,2.0,3.0,2,5,3,1,0.0,1.0,2,0,1,6.0,5.0,5.66044776119403,2.83072817384674,1
866,61.21,15.0,2.03,0.0,6.0,0,0,0,0,0,126.46666670000002,1,0,0,1.0,3.0,0,2,3,1,0.0,0.0,1,0,0,3.0,4.0,2.134328358208955,0.3536067892503536,0
867,50.42,1.0,5.002,1.0,2.0,0,C238R,0,0,0,322.8333333,0,1,0,2.0,3.0,1,1,5,1,0.0,0.0,0,0,0,6.0,5.0,6.393283582089552,0.1439539347408829,1
868,51.25,30.0,2.06,0.0,7.0,E542K,0,L354*,0,0,279.8,1,0,1,2.0,3.0,2,2,9,1,0.0,0.0,2,0,1,6.0,5.0,2.8955223880597014,1.3333333333333333,0
869,74.67,18.0,6.0360000000000005,5.0,5.0,0,0,0,K1041Nfs*41 T1275Lfs*7,0,210.4333333,1,0,1,2.0,3.0,2,2,8,1,0.0,0.0,2,0,0,6.0,5.0,8.379104477611941,0.7787712719930775,2
870,72.74,45.0,4.09,1.0,6.0,E542K,0,0,R763Cfs*35,0,197.3333333,1,0,1,2.0,2.0,2,2,8,1,0.0,0.0,2,0,1,4.0,4.0,5.052985074626865,1.3744654856444718,1
871,71.93,25.0,4.05,0.0,5.0,0,0,0,0,0,41.16666667,1,0,1,2.0,3.0,2,3,10,1,0.0,0.0,2,0,1,6.0,5.0,5.638059701492537,1.1744440964610083,1
872,48.44,15.0,3.03,0.0,3.0,0,0,L354*,0,0,140.2333333,1,0,1,1.0,2.0,1,2,9,1,0.0,0.0,2,0,0,2.0,3.0,3.5074626865671643,1.7772511848341237,0
873,67.92,25.0,5.05,5.0,3.0,E545K,0,0,0,0,119.3666667,1,0,1,2.0,2.0,1,3,9,1,0.0,1.0,2,0,1,4.0,4.0,7.011194029850746,0.8954154727793696,2
874,63.83,40.0,5.08,3.0,8.0,0,0,X308_splice,0,N431Kfs*6 V430del,191.1666667,1,0,1,2.0,3.0,2,2,9,1,0.0,0.0,2,0,1,6.0,5.0,7.222388059701492,2.5178346621905163,2
875,39.14,30.0,5.06,2.0,8.0,0,X261_splice,0,0,0,56.26666667,0,1,0,2.0,3.0,0,0,6,1,0.0,1.0,0,0,1,6.0,5.0,6.814925373134328,45.0,1
876,58.38,20.0,5.04,2.0,7.0,0,0,0,0,0,122.8,1,0,1,2.0,3.0,1,3,0,1,0.0,1.0,2,0,0,6.0,5.0,6.807462686567164,1.6322089227421106,1
877,42.79,15.0,3.03,0.0,10.0,H1047R,0,D335Gfs*21,0,0,239.2333333,1,0,1,1.0,2.0,1,5,9,1,0.0,0.0,2,0,0,2.0,3.0,3.5074626865671643,5.376344086021507,0
878,55.42,15.0,3.03,0.0,9.0,N345K F83C,0,0,0,0,121.73333329999998,1,0,0,1.0,2.0,1,2,9,1,0.0,0.0,1,0,0,2.0,3.0,3.5074626865671643,0.9727626459143968,0
879,71.47,20.0,3.04,0.0,5.0,H1047R,0,0,0,0,90.13333333,1,0,1,1.0,2.0,2,2,9,1,0.0,1.0,2,0,0,2.0,3.0,3.5111940298507465,0.6355258976803305,0
880,40.05,12.0,3.024,0.0,4.0,0,0,0,0,0,267.4,1,0,1,1.0,2.0,2,3,0,0,0.0,0.0,2,0,0,2.0,3.0,3.505223880597015,12.0,0
881,39.51,49.5,6.106,5.0,5.0,0,R213*,0,0,0,271.8666667,0,0,0,3.0,3.0,0,0,1,2,0.0,0.0,0,1,1,9.0,6.0,9.155223880597015,50.0,2
882,40.83,49.5,5.1,2.0,4.0,0,R248Q,0,0,0,282.8333333,0,0,0,2.0,3.0,2,6,1,2,0.0,0.0,0,1,1,6.0,5.0,6.829850746268656,50.0,1
883,61.88,10.0,5.02,4.0,5.0,0,A276P,0,0,0,292.03333330000004,1,0,0,2.0,2.0,2,2,3,0,0.0,0.0,1,0,0,4.0,4.0,6.6,0.45703839122486284,1
884,64.61,15.0,4.03,0.0,5.0,0,0,0,0,0,143.0,1,1,0,1.0,3.0,2,1,0,1,0.0,1.0,1,0,0,3.0,4.0,4.880597014925373,0.914262494920764,0
885,55.65,20.0,6.04,5.0,8.0,H1047R,0,0,0,0,186.6333333,1,0,1,2.0,3.0,1,2,3,0,0.0,0.0,2,0,0,6.0,5.0,8.380597014925373,1.916932907348243,2
886,67.48,35.0,3.07,0.0,7.0,0,0,0,K167E,N240Kfs*4,95.83333333,1,0,1,2.0,3.0,1,3,9,0,0.0,0.0,2,0,1,6.0,5.0,5.272388059701492,1.910480349344978,1
887,67.03,25.0,5.05,2.0,4.0,H1047R,0,0,0,0,318.2,1,0,1,2.0,3.0,1,2,4,1,0.0,0.0,2,0,1,6.0,5.0,6.811194029850746,1.3873473917869035,1
888,66.37,15.0,5.03,2.0,6.0,0,0,0,0,0,109.6,1,0,1,2.0,3.0,1,2,3,0,0.0,1.0,2,0,0,6.0,5.0,6.803731343283582,0.8532423208191124,1
889,71.17,30.0,4.06,0.0,3.0,H1047R,0,0,0,0,119.0,1,0,1,2.0,3.0,2,3,10,0,0.0,1.0,2,0,1,6.0,5.0,5.641791044776119,1.4436958614051971,1
890,61.59,25.0,4.05,0.0,6.0,0,I195T,0,0,0,200.6,0,0,0,2.0,3.0,1,1,8,0,0.0,0.0,0,1,1,6.0,5.0,5.638059701492537,1.7369152385363589,1
891,64.93,15.0,5.03,2.0,6.0,E545K,0,0,Q562* Y317C,W4*,148.56666669999998,1,0,1,2.0,3.0,1,2,3,1,0.0,0.0,2,0,0,6.0,5.0,6.803731343283582,0.9025270758122741,1
892,66.27,35.0,5.07,1.0,6.0,0,0,0,0,0,285.7,1,0,1,2.0,3.0,2,3,7,0,0.0,1.0,2,0,1,6.0,5.0,6.418656716417911,1.9984773505900268,1
893,78.21,15.0,4.03,0.0,6.0,0,R342P,0,0,0,41.46666667,0,1,0,1.0,3.0,0,1,6,3,0.0,1.0,0,0,0,3.0,4.0,4.880597014925373,0.5888510861031144,0
894,59.13,23.0,4.046,1.0,5.0,L113del,*394Tfs*76,0,0,0,90.0,1,1,0,2.0,2.0,2,3,6,3,0.0,1.0,1,0,0,4.0,4.0,5.036567164179104,1.2023000522739151,1
895,75.19,20.0,4.04,0.0,1.0,0,0,0,0,0,168.5333333,1,0,1,1.0,3.0,2,3,0,0,0.0,0.0,2,0,0,3.0,4.0,4.884328358208955,0.8525149190110828,0
896,61.67,25.0,3.05,0.0,15.0,H1047R,Q331*,0,0,0,16.83333333,1,0,0,2.0,2.0,2,3,3,0,0.0,0.0,1,0,1,4.0,4.0,4.264925373134329,1.1536686663590217,0
897,69.96,35.0,3.07,0.0,4.0,0,H193Qfs*53,0,0,0,30.3,1,0,0,2.0,2.0,2,3,7,0,0.0,1.0,1,0,1,4.0,4.0,4.272388059701492,1.1682242990654208,0
898,44.5,31.0,4.062,0.0,7.0,E542K,L257P,0,0,0,48.13333333,1,0,1,2.0,3.0,0,5,3,1,0.0,1.0,2,0,1,6.0,5.0,5.642537313432836,10.333333333333334,1
899,80.82,20.0,4.04,0.0,8.0,H1047R,0,0,0,0,64.3,1,0,1,1.0,3.0,2,3,9,0,0.0,0.0,2,0,0,3.0,4.0,4.884328358208955,0.7349338559529643,0
900,64.01,16.0,5.032,1.0,6.0,0,G244C,0,0,0,99.0,1,0,1,2.0,3.0,1,2,3,0,0.0,0.0,2,0,0,6.0,5.0,6.404477611940299,0.9995835068721364,1
901,37.53,28.0,6.056,5.0,9.0,0,I255F,0,0,0,39.86666667,0,0,0,2.0,3.0,2,0,10,1,0.0,1.0,0,1,1,6.0,5.0,8.386567164179105,42.0,2
902,81.11,25.0,3.05,0.0,9.0,E545K,0,0,E839Rfs*24 L885Ffs*19,0,234.2333333,1,0,1,2.0,2.0,1,2,8,1,0.0,0.0,2,0,1,4.0,4.0,4.264925373134329,0.6081245439065921,0
903,61.97,40.0,4.08,0.0,5.0,H1047R,Y220C,0,0,0,239.3333333,0,1,0,2.0,3.0,1,0,1,3,0.0,0.0,0,0,1,6.0,5.0,5.649253731343284,2.7309968138370504,1
904,54.27,18.0,4.0360000000000005,0.0,3.0,0,0,0,0,0,260.2,1,0,1,1.0,3.0,2,2,4,1,0.0,0.0,2,0,0,3.0,4.0,4.882835820895522,1.8920812894183596,0
905,57.98,15.0,6.03,5.0,5.0,N345K,R248W,0,0,0,111.5666667,1,0,0,2.0,3.0,1,2,8,0,0.0,1.0,1,0,0,6.0,5.0,8.376865671641792,1.2513904338153505,2
906,65.58,20.0,4.04,0.0,40.0,0,E271K,H15del,Q1406*,Y835* F833V,295.3333333,0,0,0,1.0,3.0,2,1,5,2,0.0,0.0,0,1,0,3.0,4.0,4.884328358208955,1.1727912431587177,0
907,68.82,20.0,4.04,0.0,6.0,0,0,0,0,E138*,119.46666670000002,1,0,0,1.0,3.0,0,3,7,0,0.0,0.0,1,0,0,3.0,4.0,4.884328358208955,1.0409437890353923,0
908,61.0,20.0,3.04,0.0,7.0,0,0,0,0,0,67.8,1,0,1,1.0,2.0,1,2,8,1,0.0,1.0,2,0,0,2.0,3.0,3.5111940298507465,0.9523809523809523,0
909,72.48,30.0,4.06,0.0,2.0,0,0,0,0,0,34.7,1,0,1,2.0,3.0,2,3,2,0,0.0,1.0,2,0,1,6.0,5.0,5.641791044776119,1.3854679802955663,1
910,58.78,25.0,4.05,0.0,7.0,0,0,0,L1122Ifs*16 K1272N,0,220.9333333,1,0,1,2.0,3.0,1,2,8,0,0.0,0.0,2,0,1,6.0,5.0,5.638059701492537,1.9968051118210859,1
911,63.27,20.0,4.04,2.0,1.0,0,0,0,0,0,87.0,1,0,0,3.0,2.0,1,3,10,0,0.0,1.0,1,0,0,6.0,5.0,6.184328358208955,0.8594757198109152,1
912,75.26,40.0,4.08,3.0,9.0,0,0,0,0,0,81.06666667,1,0,1,2.0,2.0,2,2,8,1,0.0,1.0,2,0,1,4.0,4.0,5.849253731343284,1.1344299489506522,1
913,59.23,18.0,4.0360000000000005,0.0,7.0,N345K,0,X308_splice,0,0,263.03333330000004,1,0,1,1.0,3.0,1,2,9,1,0.0,0.0,2,0,0,3.0,4.0,4.882835820895522,1.4040561622464902,0
914,64.11,15.0,4.03,0.0,4.0,0,Y107*,0,0,0,292.6666667,0,0,0,1.0,3.0,0,0,1,2,0.0,0.0,0,1,0,3.0,4.0,4.880597014925373,0.9332227291580257,0
915,60.66,17.0,1.034,0.0,8.0,0,0,0,I487M,0,251.8,1,0,0,1.0,3.0,1,2,3,1,0.0,1.0,1,0,0,3.0,4.0,3.762686567164179,1.234269119070668,0
916,65.5,20.0,4.04,0.0,2.0,R115L,0,0,0,0,139.5333333,1,0,1,2.0,3.0,1,2,10,0,0.0,1.0,2,0,0,6.0,5.0,5.634328358208955,1.1764705882352942,1
917,73.6,49.5,6.1,5.0,2.0,0,0,0,0,0,43.3,1,0,0,2.0,3.0,2,3,7,0,0.0,0.0,1,0,1,6.0,5.0,8.402985074626866,2.209821428571429,2
918,53.03,35.0,5.07,3.0,2.0,P471_C472insML,0,0,0,0,48.43333333,1,0,0,2.0,3.0,1,2,3,1,0.0,1.0,1,0,1,6.0,5.0,7.218656716417911,4.029163468917881,2
919,81.98,20.0,5.04,1.0,4.0,N345K,P318Afs*19,0,0,0,74.1,1,0,0,2.0,3.0,1,2,4,0,0.0,0.0,1,0,0,6.0,5.0,6.407462686567165,0.7146260123868509,1
920,71.17,45.0,5.09,5.0,7.0,0,0,0,0,0,85.3,1,1,1,3.0,2.0,2,3,6,3,0.0,1.0,2,0,1,6.0,5.0,7.776119402985074,1.4436958614051971,2
921,49.76,10.0,4.02,0.0,16.0,E542K,P128Lfs*42,X308_splice,0,0,282.5666667,1,0,0,1.0,3.0,1,2,8,1,0.0,1.0,1,0,0,3.0,4.0,4.876865671641791,1.5368852459016396,0
922,58.49,25.0,2.05,0.0,6.0,H1047R,0,0,0,0,107.26666670000002,1,0,1,2.0,3.0,2,2,9,1,0.0,0.0,2,0,1,6.0,5.0,2.8917910447761193,0.6760411032990805,0
923,76.06,20.0,4.04,0.0,5.0,0,X125_splice,0,0,0,198.3,1,0,0,1.0,3.0,2,0,1,2,0.0,0.0,1,0,0,3.0,4.0,4.884328358208955,0.8319467554076538,0
924,61.12,49.5,4.1,2.0,6.0,N1044K,0,0,0,0,21.3,1,0,0,2.0,2.0,0,5,4,1,0.0,0.0,1,0,1,4.0,4.0,5.456716417910448,2.3437500000000004,1
925,49.98,45.0,4.09,0.0,8.0,0,X307_splice,0,0,0,255.2666667,0,0,0,2.0,3.0,0,6,1,2,0.0,0.0,0,1,1,6.0,5.0,5.652985074626866,6.763527054108218,1
926,79.01,30.0,1.06,0.0,12.0,N345K E726K,0,0,0,0,118.0,1,0,0,2.0,3.0,2,4,3,1,0.0,0.0,1,0,1,6.0,5.0,4.522388059701493,1.153550371699564,0
927,59.18,20.0,5.04,1.0,6.0,E542K,0,0,0,0,170.66666669999998,1,0,1,2.0,3.0,2,2,3,1,0.0,1.0,2,0,0,6.0,5.0,6.407462686567165,1.5641293013555788,1
928,47.62,25.0,4.05,0.0,8.0,0,0,Y344Lfs*9,0,0,127.53333329999998,1,0,1,2.0,3.0,2,2,9,1,0.0,0.0,2,0,1,6.0,5.0,5.638059701492537,4.921259842519687,1
929,52.13,35.0,4.07,0.0,6.0,0,0,H434Rfs*66,0,0,300.8666667,1,0,0,2.0,3.0,2,3,10,0,0.0,0.0,1,0,1,6.0,5.0,5.645522388059701,4.328112118713931,1
930,67.79,49.0,4.098,0.0,3.0,0,0,0,0,T820Yfs*2,64.0,1,0,0,2.0,3.0,1,2,4,1,0.0,1.0,1,0,1,6.0,5.0,5.655970149253731,2.644836272040302,1
931,63.58,27.0,3.054,0.0,4.0,H1047R,0,0,0,0,213.1,1,0,1,2.0,2.0,0,2,3,1,0.0,0.0,2,0,1,4.0,4.0,4.266417910447761,1.1450381679389314,0
932,75.48,15.0,4.03,0.0,3.0,0,0,0,0,A719Lfs*3,55.66666667,1,0,1,1.0,3.0,2,2,3,1,0.0,0.0,2,0,0,3.0,4.0,4.880597014925373,0.6341600901916572,0
933,59.85,27.0,4.053999999999999,0.0,12.0,0,T125K,0,0,0,221.2,0,0,0,2.0,3.0,1,0,1,2,0.0,0.0,0,1,1,6.0,5.0,5.63955223880597,2.040302267002519,1
934,63.03,18.0,4.0360000000000005,0.0,11.0,E453K,0,0,0,0,227.9,1,0,0,1.0,3.0,1,2,3,1,0.0,0.0,1,0,0,3.0,4.0,4.882835820895522,1.1723838471558836,0
935,49.02,20.0,3.04,0.0,4.0,H1047R,0,0,0,0,146.7666667,1,0,1,1.0,2.0,1,2,9,1,0.0,0.0,2,0,0,2.0,3.0,3.5111940298507465,2.2172949002217286,0
936,77.12,19.0,4.038,0.0,12.0,0,0,R364K,0,*3*,57.66666667,1,0,1,1.0,3.0,1,2,3,1,0.0,0.0,2,0,0,3.0,4.0,4.883582089552239,0.7677801724137929,0
937,56.07,49.5,6.198,5.0,4.0,0,W91*,0,0,0,31.46666667,0,1,0,3.0,3.0,0,6,6,2,0.0,1.0,0,0,1,9.0,6.0,9.18955223880597,4.620410703173615,2
938,46.59,49.5,4.1,0.0,4.0,H1047R,C176Y,0,0,0,249.5333333,1,0,0,2.0,3.0,2,5,10,0,0.0,0.0,1,0,1,6.0,5.0,5.656716417910448,11.267071320182088,1
939,64.68,1.0,6.002000000000001,5.0,7.0,0,R248Q,0,0,0,83.66666667,0,0,0,2.0,3.0,2,0,1,2,0.0,0.0,0,1,0,6.0,5.0,8.366417910447762,0.060777957860615864,2
940,67.8,45.0,5.09,1.0,7.0,0,R273C,0,0,0,35.23333333,0,0,0,2.0,3.0,2,0,9,2,0.0,1.0,0,1,1,6.0,5.0,6.426119402985075,2.428057553956835,1
941,52.98,28.0,4.056,0.0,7.0,0,0,0,0,0,76.13333333,1,0,1,2.0,3.0,2,2,3,1,0.0,1.0,2,0,1,6.0,5.0,5.640298507462687,3.2357473035439144,1
942,43.51,25.0,4.05,0.0,3.0,0,C124*,0,0,0,42.9,0,0,0,2.0,3.0,2,0,1,2,0.0,1.0,0,1,1,6.0,5.0,5.638059701492537,10.68376068376069,1
943,44.27,49.5,2.198,0.0,4.0,H1047R,0,0,0,Y37Hfs*19,198.3333333,1,0,1,2.0,3.0,1,5,4,1,0.0,1.0,2,0,1,6.0,5.0,2.9470149253731344,5.796252927400464,0
944,67.27,22.0,5.044,4.0,9.0,0,E11Q,0,0,0,81.56666667,1,0,1,2.0,2.0,2,2,9,1,0.0,0.0,2,0,0,4.0,4.0,6.608955223880597,0.8067473414008068,1
945,66.39,49.5,4.12,5.0,7.0,0,0,0,0,0,23.73333333,1,0,0,3.0,3.0,1,2,9,1,0.0,1.0,1,0,1,9.0,6.0,6.414179104477612,0.9378552482000758,1
946,64.02,25.0,3.05,0.0,6.0,E542K,0,X350_splice,0,0,86.1,1,0,1,2.0,3.0,2,2,9,1,0.0,0.0,2,0,1,6.0,5.0,5.264925373134329,1.5611990008326397,1
947,64.76,15.0,4.03,0.0,4.0,E542K,0,0,0,0,211.9666667,1,0,0,1.0,3.0,1,3,0,0,0.0,0.0,1,0,0,3.0,4.0,4.880597014925373,0.9087237479806136,0
948,60.44,20.0,4.04,0.0,6.0,H1047R,I50Mfs*73,0,0,0,146.06666669999998,0,1,0,1.0,3.0,2,1,5,3,0.0,0.0,0,0,0,3.0,4.0,4.884328358208955,1.467710371819961,0
949,65.83,26.0,5.052,1.0,7.0,0,R273G,0,0,0,98.76666667,1,1,1,2.0,3.0,1,1,6,3,0.0,1.0,2,0,1,6.0,5.0,6.411940298507463,1.5098722415795587,1
950,75.41,25.0,5.05,1.0,6.0,0,R158L,0,0,0,28.0,1,1,0,2.0,3.0,1,2,6,3,0.0,0.0,1,0,1,6.0,5.0,6.411194029850746,1.0590228748940977,1
951,51.29,49.5,4.136,0.0,10.0,N345K,0,X350_splice,0,0,131.3,1,0,1,2.0,3.0,2,2,9,1,0.0,0.0,2,0,1,6.0,5.0,5.670149253731343,6.576616474756422,1
952,49.43,49.5,5.12,1.0,5.0,0,R282W,0,0,0,44.86666667,0,1,0,2.0,3.0,2,1,6,3,0.0,1.0,0,0,1,6.0,5.0,6.437313432835821,7.873806998939555,1
953,26.72,45.0,5.09,3.0,3.0,0,I195T,0,0,0,149.8666667,0,0,0,2.0,3.0,2,0,1,2,0.0,0.0,0,1,1,6.0,5.0,7.226119402985074,50.0,2
954,56.27,18.0,6.0360000000000005,4.0,6.0,H1047R,G154S,0,0,0,19.73333333,0,0,0,2.0,3.0,1,6,5,2,0.0,1.0,0,1,0,6.0,5.0,7.97910447761194,1.6594960049170249,2
955,54.18,40.0,3.08,0.0,3.0,0,0,0,0,0,297.8,1,0,1,2.0,2.0,1,2,9,1,0.0,0.0,2,0,1,4.0,4.0,4.276119402985074,2.8208744710860367,0
956,52.29,46.0,5.092,1.0,6.0,0,0,D335Gfs*17,0,0,122.2,1,0,0,2.0,3.0,1,3,0,0,0.0,0.0,1,0,1,6.0,5.0,6.426865671641791,5.614320585842149,1
957,42.27,20.0,3.04,0.0,5.0,H1047R,0,0,0,0,176.06666669999998,1,0,1,1.0,2.0,0,5,3,1,0.0,0.0,2,0,0,2.0,3.0,3.5111940298507465,8.810572687224658,0
958,56.08,15.0,3.03,0.0,9.0,E545K P104R,0,0,0,0,161.66666669999998,1,0,1,1.0,2.0,2,2,3,1,0.0,0.0,2,0,0,2.0,3.0,3.5074626865671643,0.9328358208955225,0
959,53.02,20.0,4.04,1.0,6.0,E542K,0,0,X475_splice,X55_splice,56.5,1,0,0,2.0,2.0,2,3,9,1,0.0,1.0,1,0,0,4.0,4.0,5.034328358208955,1.5360983102918584,1
960,76.42,35.0,3.07,5.0,6.0,H1047R,0,0,L572* N1374S,0,83.13333333,1,0,1,2.0,3.0,1,2,9,1,0.0,0.0,2,0,1,6.0,5.0,7.272388059701492,1.441515650741351,2
961,52.61,15.0,3.03,0.0,7.0,E545K M1004I,0,0,0,0,230.1666667,1,0,0,1.0,2.0,1,5,4,1,0.0,0.0,1,0,0,2.0,3.0,3.5074626865671643,1.189532117367169,0
962,64.21,16.0,5.032,2.0,7.0,0,0,K358del,0,0,153.0,1,0,1,2.0,3.0,2,3,9,1,0.0,1.0,2,0,0,6.0,5.0,6.804477611940298,0.9913258983890957,1
963,50.08,37.0,5.074,1.0,15.0,0,R248W,0,0,0,42.66666667,0,1,0,2.0,3.0,1,1,6,3,0.0,1.0,0,0,1,6.0,5.0,6.420149253731344,5.505952380952382,1
964,38.1,45.0,5.09,3.0,15.0,E542K M1043I,0,M293K,0,A408Gfs*11,244.4333333,1,0,1,2.0,3.0,0,5,3,0,0.0,0.0,2,0,1,6.0,5.0,7.226119402985074,50.0,2
965,70.57,22.0,4.044,0.0,14.0,Y1021H V105del,0,P77Yfs*227,0,G134*,51.46666667,1,0,1,2.0,3.0,1,2,9,0,0.0,0.0,2,0,0,6.0,5.0,5.635820895522388,1.079489695780177,1
966,73.21,25.0,4.05,1.0,6.0,H1047R,0,0,0,T115Nfs*53,37.73333333,1,0,1,2.0,2.0,0,3,9,0,0.0,1.0,2,0,1,4.0,4.0,5.0380597014925375,0.7527853056308342,1
967,63.7,49.5,4.12,1.0,3.0,0,X307_splice,0,0,0,125.26666670000002,1,0,0,3.0,2.0,2,2,7,1,0.0,1.0,1,0,1,6.0,5.0,5.8141791044776125,2.0886075949367084,1
968,38.93,10.0,5.02,3.0,7.0,0,E349* L348F,0,0,0,27.4,0,0,0,2.0,3.0,2,0,1,2,0.0,1.0,0,1,0,6.0,5.0,7.2,15.0,2
969,45.77,10.0,4.02,0.0,7.0,0,R248W,0,0,0,211.9333333,0,0,0,2.0,3.0,1,0,1,2,0.0,0.0,0,1,0,6.0,5.0,5.626865671641791,2.599653379549392,1
970,48.41,15.0,2.03,1.0,4.0,E542K,0,0,0,0,124.8,1,0,1,2.0,3.0,1,2,4,1,0.0,1.0,2,0,0,6.0,5.0,5.284328358208955,2.6753864447086815,1
971,67.82,15.0,3.03,0.0,6.0,H1047R,0,0,F327Sfs*2 R364W,0,252.1,1,0,1,1.0,2.0,2,2,8,1,0.0,0.0,2,0,0,2.0,3.0,3.5074626865671643,0.5391804457225019,0
972,44.07,30.0,5.06,1.0,4.0,H1047R,R248Q,0,0,0,102.1,0,1,0,2.0,3.0,1,1,6,3,0.0,0.0,0,0,1,6.0,5.0,6.414925373134329,11.056511056511056,1
973,57.95,49.5,4.1,0.0,4.0,E542K E726K,0,0,0,Q449*,245.5,1,0,1,2.0,3.0,1,2,3,1,0.0,0.0,2,0,1,6.0,5.0,5.656716417910448,4.1364902506963785,1
974,74.86,40.0,5.08,1.0,4.0,0,0,0,0,0,47.13333333,1,0,1,2.0,3.0,2,3,10,0,0.0,1.0,2,0,1,6.0,5.0,6.422388059701493,1.721170395869191,1
975,65.86,35.0,4.07,0.0,11.0,K724del,0,0,0,N166_E167del,21.7,0,0,0,2.0,3.0,2,0,0,2,0.0,1.0,0,1,1,6.0,5.0,5.645522388059701,2.0301624129930396,1
976,70.22,13.0,4.026,0.0,10.0,0,R248W,0,0,0,152.06666669999998,0,1,0,1.0,3.0,2,1,1,2,0.0,0.0,0,0,0,3.0,4.0,4.87910447761194,0.6452680344142953,0
977,47.86,30.0,3.06,0.0,3.0,E545K,0,0,0,0,297.2333333,1,0,1,2.0,2.0,1,2,9,1,0.0,0.0,2,0,1,4.0,4.0,4.268656716417911,3.816793893129771,0
978,78.62,25.0,3.05,0.0,11.0,0,0,0,0,0,206.1333333,1,0,1,2.0,2.0,1,2,4,1,0.0,0.0,2,0,1,4.0,4.0,4.264925373134329,0.6473329880890729,0
979,53.39,13.0,4.026,2.0,7.0,N345K,0,0,R1487Vfs*2 L359del,0,101.5666667,1,0,1,2.0,2.0,1,2,3,1,0.0,0.0,2,0,0,4.0,4.0,5.42910447761194,0.970873786407767,1
980,43.85,23.0,5.0,0.0,4.0,0,0,0,0,0,251.0666667,1,0,1,2.0,2.0,2,5,4,2,0.0,0.0,2,0,0,4.0,4.0,4.992537313432836,5.974025974025972,0
981,63.35,20.0,4.04,0.0,4.0,0,0,P408Afs*99,0,0,145.7333333,1,0,0,2.0,3.0,1,5,0,1,0.0,0.0,1,0,0,6.0,5.0,5.634328358208955,1.284796573875803,1
982,75.46,28.0,3.056,0.0,5.0,0,0,X308_splice,0,0,121.6666667,1,0,1,2.0,2.0,2,2,9,1,0.0,1.0,2,0,1,4.0,4.0,4.267164179104477,0.7896221094190639,0
983,68.85,30.0,3.06,0.0,8.0,N345K,0,Y290Ffs*5,0,0,81.06666667,1,0,1,2.0,2.0,1,2,7,0,0.0,0.0,2,0,1,4.0,4.0,4.268656716417911,1.0398613518197575,0
984,43.73,28.0,3.056,0.0,6.0,0,0,0,0,0,70.46666667,1,0,0,2.0,2.0,1,2,8,0,0.0,1.0,1,0,1,4.0,4.0,4.267164179104477,7.506702412868639,0
985,83.49,20.0,2.04,0.0,46.0,E970K M1043I,E285K,0,0,0,173.83333330000002,1,0,0,1.0,3.0,1,3,4,0,0.0,0.0,1,0,0,3.0,4.0,2.138059701492537,0.22993791676247416,0
986,49.92,20.0,5.04,2.0,6.0,0,G245C,0,0,0,40.63333333,0,0,0,2.0,3.0,0,0,1,2,0.0,1.0,0,1,0,6.0,5.0,6.807462686567164,3.024193548387096,1
987,72.49,49.5,4.1,0.0,7.0,0,I195Tfs*52,0,0,0,83.36666667,0,0,0,2.0,3.0,2,0,1,1,0.0,0.0,0,1,1,6.0,5.0,5.656716417910448,2.2853185595567873,1
988,89.0,35.0,2.07,3.0,5.0,0,0,D160E,0,0,45.5,1,0,1,2.0,3.0,2,2,8,0,0.0,0.0,2,0,1,6.0,5.0,6.099253731343284,1.0714285714285714,1
989,53.18,25.0,3.05,0.0,4.0,0,0,N319Lfs*32,0,0,128.2666667,1,1,0,2.0,2.0,2,3,6,3,0.0,0.0,1,0,1,4.0,4.0,4.264925373134329,1.8968133535660092,0
990,81.06,20.0,3.04,0.0,2.0,0,0,0,0,X721_splice,99.36666667,1,0,0,1.0,2.0,2,2,2,0,0.0,0.0,1,0,0,2.0,3.0,3.5111940298507465,0.48709206039941544,0
991,44.51,25.0,3.05,0.0,5.0,0,0,X308_splice,0,0,257.1666667,1,0,1,2.0,2.0,2,5,3,1,0.0,0.0,2,0,1,4.0,4.0,4.264925373134329,5.543237250554326,0
992,61.3,25.0,4.05,0.0,8.0,L113Sfs*32 K111Dfs*16,0,0,0,0,110.9333333,1,0,1,2.0,3.0,1,2,7,0,0.0,1.0,2,0,1,6.0,5.0,5.638059701492537,1.7605633802816902,1
993,65.83,35.0,6.07,5.0,12.0,H450_P458del H1065Y Q1064H,0,0,X1222_splice T1148* Q1221del,0,130.36666670000002,1,0,1,2.0,3.0,1,2,9,0,0.0,0.0,2,0,1,6.0,5.0,8.39179104477612,2.032520325203252,2
994,71.67,40.0,3.08,0.0,7.0,E81K D1017H,0,0,0,Q23*,43.9,1,0,0,2.0,2.0,1,3,9,0,0.0,1.0,1,0,1,4.0,4.0,4.276119402985074,1.2630249447426587,0
995,45.39,35.0,4.07,0.0,6.0,0,0,0,0,0,129.8,1,0,1,2.0,3.0,1,2,8,0,0.0,1.0,2,0,1,6.0,5.0,5.645522388059701,9.740259740259738,1
996,49.77,10.0,4.02,1.0,4.0,0,0,0,K1234_D1240del,0,201.7666667,1,0,1,2.0,2.0,1,2,3,1,0.0,0.0,2,0,0,4.0,4.0,5.026865671641791,1.0235414534288636,1
997,43.77,14.0,4.0280000000000005,0.0,4.0,0,Q144*,0,0,0,286.0666667,1,0,0,1.0,3.0,2,0,1,2,0.0,0.0,1,0,0,3.0,4.0,4.879850746268657,5.5702917771883245,0
998,39.92,49.5,3.1,0.0,3.0,H1047L,R273P,0,0,0,73.46666667,1,0,1,2.0,2.0,1,5,4,1,0.0,1.0,2,0,1,4.0,4.0,4.2835820895522385,49.5,0
999,75.74,49.5,4.114,1.0,5.0,0,0,0,0,0,76.23333333,1,0,0,3.0,2.0,2,3,3,1,0.0,0.0,1,0,1,6.0,5.0,5.811940298507463,1.3850027979854507,1
1000,67.19,16.0,2.032,2.0,5.0,0,0,R366Q,0,0,57.3,1,0,1,2.0,3.0,2,2,2,1,0.0,1.0,2,0,0,6.0,5.0,5.6850746268656716,0.8826774549466716,1
1001,76.88,10.0,3.02,0.0,4.0,E545K,0,N331Cfs*20,0,0,91.63333333,1,0,1,1.0,2.0,1,2,4,1,0.0,1.0,2,0,0,2.0,3.0,3.503731343283582,0.27114967462039047,0
1002,65.93,10.0,3.02,0.0,6.0,0,0,0,0,0,214.4333333,1,0,1,1.0,2.0,1,2,9,1,0.0,0.0,2,0,0,2.0,3.0,3.503731343283582,0.3856536829926725,0
1003,78.54,22.0,3.044,0.0,5.0,H1047R,0,0,0,0,45.7,1,0,0,2.0,2.0,2,2,3,1,0.0,0.0,1,0,0,4.0,4.0,4.262686567164179,0.5708354955889984,0
1004,78.87,49.5,5.16,2.0,8.0,0,0,0,0,L705*,42.5,1,0,0,3.0,3.0,2,3,0,2,0.0,1.0,1,0,1,9.0,6.0,7.602238805970149,1.9102135322871105,2
1005,83.27,10.0,2.02,1.0,6.0,H1047R,0,0,0,T115Nfs*53,176.2666667,1,0,0,2.0,3.0,1,3,8,0,0.0,0.0,1,0,0,6.0,5.0,5.280597014925373,0.3466605038132656,1
1006,45.44,11.0,2.022,0.0,4.0,H1047R,0,0,0,0,141.7333333,1,0,1,1.0,3.0,1,2,3,1,0.0,1.0,2,0,0,3.0,4.0,2.1313432835820896,1.0110294117647063,0
1007,49.61,25.0,5.05,2.0,11.0,0,0,0,0,0,36.16666667,1,0,0,2.0,3.0,2,3,0,0,0.0,1.0,1,0,1,6.0,5.0,6.811194029850746,3.902185223725286,1
1008,55.66,16.0,4.032,0.0,11.0,N345K,0,W328Lfs*29,0,0,23.43333333,1,0,1,2.0,3.0,1,1,4,0,0.0,1.0,2,0,0,6.0,5.0,5.63134328358209,1.5325670498084296,1
1009,74.39,49.5,3.198,0.0,5.0,0,C238S,0,0,0,200.7666667,1,0,0,3.0,2.0,2,3,9,1,0.0,0.0,1,0,1,6.0,5.0,5.070149253731343,1.4393719104390812,1
1010,67.26,12.0,1.024,0.0,3.0,0,0,0,0,0,299.4,1,0,1,2.0,3.0,1,3,3,0,0.0,0.0,2,0,0,6.0,5.0,4.508955223880597,0.6603081438004401,0
1011,54.35,30.0,2.06,0.0,12.0,H1047R E726K E453Q,0,0,Q1406* X345_splice,0,265.1333333,1,0,1,2.0,3.0,1,2,9,1,0.0,0.0,2,0,1,6.0,5.0,4.895522388059701,3.13588850174216,0
1012,86.75,20.0,3.04,5.0,2.0,N345K,0,0,0,0,25.46666667,1,0,1,2.0,3.0,1,2,9,1,0.0,1.0,2,0,0,6.0,5.0,7.2611940298507465,0.6417112299465241,2
1013,63.07,25.0,3.05,0.0,6.0,E545G,0,0,0,Q610*,101.6333333,1,1,1,2.0,2.0,0,3,6,3,0.0,1.0,2,0,1,4.0,4.0,4.264925373134329,1.083658430862592,0
1014,81.52,30.0,4.06,0.0,5.0,N345K,0,0,0,0,45.33333333,1,0,0,2.0,3.0,1,2,9,0,0.0,1.0,1,0,1,6.0,5.0,5.641791044776119,1.083815028901734,1
1015,73.95,25.0,4.05,1.0,7.0,H1047R,0,0,Q1028Nfs*54,0,90.26666667,1,0,1,2.0,2.0,1,2,2,0,0.0,1.0,2,0,1,4.0,4.0,5.0380597014925375,0.7363770250368188,1
1016,62.35,16.0,3.032,0.0,6.0,0,0,X308_splice,0,Q610*,265.9333333,1,0,1,1.0,3.0,1,2,9,1,0.0,0.0,2,0,0,3.0,4.0,4.50820895522388,1.0738255033557045,0
1017,74.8,30.0,5.06,2.0,9.0,0,V272L,X308_splice,0,0,41.46666667,1,0,1,2.0,3.0,2,2,8,1,0.0,0.0,2,0,1,6.0,5.0,6.814925373134328,1.293103448275862,1
1018,74.56,15.0,4.03,0.0,3.0,0,R342*,0,0,0,129.3333333,1,1,0,2.0,3.0,2,2,6,3,0.0,0.0,1,0,0,6.0,5.0,5.630597014925373,0.6510416666666666,1
1019,74.29,17.0,3.034,0.0,4.0,H1047R,0,0,0,0,157.8,0,0,0,1.0,2.0,0,6,4,2,0.0,0.0,0,1,0,2.0,3.0,3.508955223880597,0.4957713619130941,0
1020,44.95,10.0,3.02,0.0,6.0,E545K,R175H,0,0,D257*,234.6,1,0,1,1.0,2.0,0,2,3,1,0.0,0.0,2,0,0,2.0,3.0,3.503731343283582,2.020202020202019,0
1021,64.32,23.0,4.046,0.0,10.0,0,P390Lfs*32,0,0,0,187.3,1,0,1,2.0,3.0,2,3,0,0,0.0,0.0,2,0,0,6.0,5.0,5.636567164179104,1.4185855263157898,1
1022,50.7,35.0,4.07,0.0,8.0,0,R175H,0,0,0,229.9,0,0,0,2.0,3.0,0,6,1,2,0.0,0.0,0,1,1,6.0,5.0,5.645522388059701,4.906542056074765,1
1023,43.86,20.0,2.04,0.0,2.0,0,0,0,0,0,224.3,1,0,1,1.0,3.0,2,2,4,3,0.0,0.0,2,0,0,3.0,4.0,2.138059701492537,2.590673575129534,0
1024,47.03,25.0,3.05,0.0,5.0,E542K,0,0,0,0,221.9,1,0,1,2.0,2.0,1,2,3,1,0.0,0.0,2,0,1,4.0,4.0,4.264925373134329,3.556187766714082,0
1025,67.12,30.0,4.06,2.0,6.0,H1047R P471L R108H,0,0,0,0,29.3,1,0,1,2.0,2.0,2,2,9,1,0.0,1.0,2,0,1,4.0,4.0,5.441791044776119,1.1061946902654864,1
1026,57.33,25.0,2.05,0.0,4.0,0,0,0,0,0,229.0666667,1,0,1,2.0,3.0,0,2,3,1,0.0,0.0,2,0,1,6.0,5.0,2.8917910447761193,0.7212925562608195,0
1027,74.53,40.0,3.08,0.0,8.0,H1047R,0,0,0,0,39.8,0,1,0,2.0,2.0,2,5,6,3,0.0,1.0,0,0,1,4.0,4.0,4.276119402985074,1.1584129742253113,0
1028,58.69,20.0,4.04,1.0,3.0,S629C,0,0,0,0,157.1,1,0,1,2.0,2.0,1,2,3,1,0.0,0.0,2,0,0,4.0,4.0,5.034328358208955,1.0700909577314073,1
1029,64.47,30.0,5.06,5.0,9.0,H1047R,0,P191L,0,0,117.6666667,1,0,1,3.0,2.0,1,3,9,1,0.0,1.0,2,0,1,6.0,5.0,7.764925373134329,1.2259910093992645,2
1030,42.45,28.0,3.056,0.0,5.0,0,0,0,0,0,150.6,1,0,0,2.0,2.0,0,6,4,2,0.0,1.0,1,0,1,4.0,4.0,4.267164179104477,11.428571428571415,0
1031,79.35,25.0,3.05,0.0,5.0,H1047R,0,0,0,0,22.46666667,1,1,0,2.0,2.0,1,2,6,3,0.0,1.0,1,0,1,4.0,4.0,4.264925373134329,0.6353240152477765,0
1032,49.34,18.0,4.0360000000000005,0.0,10.0,0,P278S,0,0,0,79.96666667,0,1,0,1.0,3.0,2,1,6,3,0.0,0.0,0,0,0,3.0,4.0,4.882835820895522,2.8907922912205555,0
1033,69.68,27.0,4.053999999999999,0.0,9.0,0,Y107*,0,0,0,210.9666667,0,0,0,2.0,3.0,2,0,10,2,0.0,0.0,0,1,1,6.0,5.0,5.63955223880597,1.3645552560646896,1
1034,37.05,35.0,4.07,0.0,11.0,0,C242Y,0,0,0,274.2,0,0,0,2.0,3.0,2,0,1,2,0.0,0.0,0,1,1,6.0,5.0,5.645522388059701,50.0,1
1035,76.71,7.0,2.014,0.0,4.0,H1047R,0,0,0,0,266.1,1,0,1,1.0,3.0,0,2,3,1,0.0,0.0,2,0,0,3.0,4.0,2.1283582089552238,0.09534186870062655,0
1036,57.93,20.0,3.04,0.0,8.0,H1047R,0,0,0,0,268.9,1,0,1,1.0,2.0,1,2,8,1,0.0,0.0,2,0,0,2.0,3.0,3.5111940298507465,1.1154489682097044,0
1037,43.42,45.0,5.09,1.0,13.0,0,S260Pfs*85,0,0,0,48.16666667,0,1,0,2.0,3.0,1,1,6,3,0.0,1.0,0,0,1,6.0,5.0,6.426119402985075,19.73684210526315,1
1038,52.09,33.0,5.066,3.0,11.0,H1047R,I255Nfs*9,0,L73M,0,35.4,1,0,0,2.0,3.0,1,5,4,1,0.0,1.0,1,0,1,6.0,5.0,7.217164179104477,4.094292803970222,2
1039,63.95,16.0,4.032,0.0,8.0,0,E258*,0,0,0,230.5,0,0,0,1.0,3.0,2,6,5,2,0.0,0.0,0,1,0,3.0,4.0,4.88134328358209,1.0020876826722336,0
1040,33.04,20.0,5.04,3.0,6.0,0,R213*,0,0,0,176.7,0,0,0,2.0,3.0,0,6,1,2,0.0,0.0,0,1,0,6.0,5.0,7.2074626865671645,30.0,2
1041,47.71,35.0,4.07,0.0,4.0,0,H179Y,0,0,0,232.4,1,0,1,2.0,3.0,1,2,9,0,0.0,0.0,2,0,1,6.0,5.0,5.645522388059701,6.809338521400778,1
1042,41.53,30.0,4.06,0.0,5.0,0,G245V,0,0,0,64.86666667,0,1,0,2.0,3.0,0,0,6,3,0.0,1.0,0,0,1,6.0,5.0,5.641791044776119,29.411764705882334,1
1043,40.04,1.0,2.002,0.0,5.0,V344G,0,0,0,0,197.4333333,1,0,1,1.0,3.0,0,5,4,1,0.0,0.0,2,0,0,3.0,4.0,2.1238805970149253,0.5,0
1044,63.63,10.0,3.02,0.0,5.0,H1047L,0,0,0,P160Sfs*54,117.9,1,0,1,2.0,2.0,1,2,8,1,0.0,1.0,2,0,0,4.0,4.0,4.253731343283582,0.42319085907744386,0
1045,40.25,20.0,3.04,0.0,8.0,H1047L,0,X308_splice,0,0,275.7333333,1,0,1,1.0,2.0,2,2,3,1,0.0,0.0,2,0,0,2.0,3.0,3.5111940298507465,20.0,0
1046,47.61,18.0,3.036,0.0,5.0,0,A159V,0,0,0,224.6,1,0,0,1.0,2.0,2,3,7,0,0.0,0.0,1,0,0,2.0,3.0,3.5097014925373133,2.3653088042049935,0
1047,64.3,23.0,5.0,1.0,6.0,N345K,0,0,0,0,129.2333333,0,0,0,3.0,3.0,1,6,6,3,0.0,0.0,0,1,0,9.0,6.0,7.142537313432836,1.4197530864197532,2
1048,73.03,26.0,3.052,2.0,3.0,0,0,0,0,0,233.8666667,1,0,1,2.0,3.0,1,2,10,0,0.0,0.0,2,0,1,6.0,5.0,4.065671641791044,0.39358159249167424,0
1049,69.87,40.0,5.08,3.0,9.0,0,Q317*,0,0,0,47.9,1,1,1,2.0,3.0,1,3,6,3,0.0,1.0,2,0,1,6.0,5.0,7.222388059701492,2.008704385671242,2
1050,43.51,15.0,5.03,2.0,4.0,0,C238Y,0,0,0,31.43333333,0,0,0,2.0,3.0,2,0,1,2,0.0,1.0,0,1,0,6.0,5.0,6.803731343283582,6.410256410256414,1
1051,78.19,28.0,4.056,3.0,3.0,H1047R,0,0,0,0,50.0,1,0,1,2.0,2.0,2,3,9,0,0.0,1.0,2,0,1,4.0,4.0,5.840298507462687,0.7331762241424458,1
1052,76.54,25.0,4.05,1.0,1.0,0,0,0,0,0,102.7666667,1,0,1,2.0,2.0,1,3,8,1,0.0,0.0,2,0,1,4.0,4.0,5.0380597014925375,0.6841817186644772,1
1053,75.2,22.0,5.044,1.0,10.0,E542K,V157_R158del,0,0,0,220.0333333,0,0,0,2.0,3.0,1,1,6,1,0.0,0.0,0,1,0,6.0,5.0,6.408955223880597,0.9375,1
1054,59.49,26.0,6.0520000000000005,5.0,10.0,0,E285K,0,0,0,40.0,0,1,0,2.0,3.0,1,1,6,3,0.0,1.0,0,0,1,6.0,5.0,8.385074626865672,2.0010261672652643,2
1055,62.43,30.0,5.06,2.0,6.0,H1047R,F134C,0,0,0,58.43333333,1,1,0,2.0,3.0,2,3,10,3,0.0,0.0,1,0,1,6.0,5.0,6.814925373134328,2.0062416406598302,1
1056,58.39,30.0,4.06,0.0,10.0,0,X10_splice,0,0,0,30.36666667,0,0,0,2.0,3.0,2,6,1,1,0.0,1.0,0,1,1,6.0,5.0,5.641791044776119,2.446982055464926,1
1057,50.78,30.0,3.06,0.0,2.0,0,0,S407Afs*99,0,0,272.9,1,0,0,2.0,2.0,2,2,4,0,0.0,0.0,1,0,1,4.0,4.0,4.268656716417911,2.7829313543599254,0
1058,74.85,28.0,5.056,4.0,10.0,0,0,0,0,0,70.23333333,1,0,1,2.0,2.0,2,3,8,0,0.0,0.0,2,0,1,4.0,4.0,6.613432835820895,0.8034433285509327,1
1059,36.35,23.0,5.046,3.0,4.0,0,0,0,0,0,194.2,0,1,0,2.0,3.0,1,1,6,3,0.0,0.0,0,0,0,6.0,5.0,7.209701492537313,34.5,2
1060,41.09,20.0,4.04,0.0,5.0,0,0,0,0,A634T,77.23333333,1,0,1,1.0,3.0,2,3,7,0,0.0,1.0,2,0,0,3.0,4.0,4.884328358208955,27.52293577981643,0
1061,33.92,25.0,4.05,1.0,30.0,E545K,0,0,0,0,70.6,0,0,0,2.0,2.0,2,0,1,2,0.0,1.0,0,1,1,4.0,4.0,5.0380597014925375,25.0,1
1062,57.32,20.0,3.04,0.0,3.0,0,0,0,0,0,58.63333333,1,0,1,1.0,2.0,1,2,4,1,0.0,1.0,2,0,0,2.0,3.0,3.5111940298507465,1.1547344110854503,0
1063,60.31,27.0,4.053999999999999,0.0,6.0,G1049R,X126_splice,0,0,0,124.1333333,0,0,0,2.0,3.0,0,6,1,2,0.0,0.0,0,1,1,6.0,5.0,5.63955223880597,1.9940915805022157,1
1064,77.77,18.0,3.036,0.0,5.0,E545K,0,K357N,0,0,237.2666667,1,0,1,1.0,2.0,2,3,2,0,0.0,0.0,2,0,0,2.0,3.0,3.5097014925373133,0.47656870532168394,0
1065,65.53,19.0,5.038,1.0,6.0,0,R273C R342*,0,0,0,20.13333333,0,0,0,2.0,3.0,1,0,10,2,0.0,1.0,0,1,0,6.0,5.0,6.406716417910448,1.116333725029377,1
1066,69.75,22.0,4.044,0.0,16.0,H1047R,R175H,0,P774R,0,216.9666667,1,0,0,2.0,3.0,1,3,0,1,0.0,0.0,1,0,0,6.0,5.0,5.635820895522388,1.1092436974789917,1
1067,69.99,30.0,6.06,5.0,5.0,0,0,0,0,0,150.6,1,0,1,2.0,3.0,1,2,3,1,0.0,1.0,2,0,1,6.0,5.0,8.388059701492537,1.500500166722241,2
1068,67.15,21.0,4.042,0.0,10.0,0,G266V,D160E,0,0,184.4,0,1,0,2.0,3.0,1,1,5,3,0.0,0.0,0,0,0,6.0,5.0,5.635074626865672,1.1602209944751378,1
1069,69.31,49.5,6.12,4.0,2.0,0,0,0,0,0,69.3,1,0,0,3.0,3.0,2,3,0,0,0.0,1.0,1,0,1,9.0,6.0,8.76044776119403,2.5332650972364377,2
1070,70.38,20.0,3.04,0.0,3.0,0,0,0,E1187A,0,197.6666667,1,0,0,1.0,2.0,2,3,8,1,0.0,1.0,1,0,0,2.0,3.0,3.5111940298507465,0.6583278472679396,0
1071,76.93,13.0,2.026,0.0,8.0,Q546P *1069Wext*4,0,0,Y1276* D1388G,0,117.5666667,1,0,1,1.0,3.0,1,2,3,1,0.0,1.0,2,0,0,3.0,4.0,2.1328358208955223,0.17600866504197127,0
1072,56.94,25.0,3.05,0.0,10.0,H1047R E726K,0,0,R273Sfs*27 S1330Ifs*8,L355*,219.4666667,1,0,1,2.0,2.0,1,2,9,1,0.0,0.0,2,0,1,4.0,4.0,4.264925373134329,1.475796930342385,0
1073,72.44,14.0,4.0280000000000005,2.0,3.0,E545K,0,0,0,0,197.8333333,1,0,1,2.0,2.0,1,2,9,1,0.0,1.0,2,0,0,4.0,4.0,5.429850746268657,0.43156596794081387,1
1074,69.93,30.0,3.06,0.0,7.0,0,0,0,0,0,263.6,1,0,1,2.0,2.0,1,2,4,0,0.0,0.0,2,0,1,4.0,4.0,4.268656716417911,1.0023387905111925,0
1075,55.83,49.5,4.1,5.0,5.0,H1047R,0,0,0,G278R,49.3,1,0,1,2.0,3.0,2,3,3,1,0.0,1.0,2,0,1,6.0,5.0,5.656716417910448,1.5634870499052433,1
1076,61.16,15.0,4.03,1.0,6.0,H1047R E81K,0,0,P550Lfs*7 C1488Tfs*9,0,130.7,1,0,1,2.0,2.0,1,2,3,1,0.0,0.0,2,0,0,4.0,4.0,5.030597014925373,0.7088846880907373,1
1077,56.03,25.0,5.05,5.0,7.0,0,0,0,0,0,78.7,1,0,1,2.0,2.0,2,2,4,1,0.0,0.0,2,0,1,4.0,4.0,7.011194029850746,1.5595757953836555,2
1078,76.81,25.0,3.05,0.0,17.0,E545K E726K,0,0,X1223_splice L1489_P1498del,0,198.1,1,0,1,2.0,2.0,2,2,8,0,0.0,0.0,2,0,1,4.0,4.0,4.264925373134329,0.6791632708503124,0
1079,77.45,30.0,3.06,0.0,6.0,E545K,0,X308_splice,0,0,88.8,1,0,1,2.0,2.0,2,3,9,0,0.0,1.0,2,0,1,4.0,4.0,4.268656716417911,0.8010680907877169,0
1080,65.16,18.0,4.0360000000000005,0.0,5.0,N380S,G108Vfs*15,0,0,0,176.1,0,0,0,1.0,3.0,1,0,1,2,0.0,0.0,0,1,0,3.0,4.0,4.882835820895522,1.0731319554848968,0
1081,73.65,20.0,3.04,3.0,2.0,H1047R,0,0,0,0,224.1,1,0,1,2.0,3.0,2,2,9,1,0.0,0.0,2,0,0,6.0,5.0,4.461194029850747,0.2971768202080237,0
1082,72.54,22.0,6.044,5.0,6.0,0,0,0,0,N803Ifs*13,216.7333333,1,0,1,2.0,3.0,1,2,9,1,0.0,1.0,2,0,0,6.0,5.0,8.382089552238806,1.014136447449293,2
1083,58.89,20.0,2.04,0.0,5.0,0,0,0,0,I485Sfs*37,198.4333333,1,0,0,1.0,3.0,0,5,3,1,0.0,0.0,1,0,0,3.0,4.0,4.138059701492537,1.5881418740074111,0
1084,69.67,30.0,6.06,4.0,3.0,H1047R,0,0,0,0,180.7666667,1,0,1,2.0,3.0,2,2,3,1,0.0,1.0,2,0,1,6.0,5.0,7.988059701492537,1.5166835187057635,2
1085,62.99,17.0,6.034,5.0,5.0,H1047R,S166Hfs*4,0,0,0,19.16666667,0,0,0,2.0,3.0,1,1,4,2,0.0,1.0,0,1,0,6.0,5.0,8.378358208955223,1.1091779034362765,2
1086,41.0,49.5,3.1,0.0,8.0,0,0,0,0,0,79.8,1,0,0,2.0,2.0,2,2,10,0,0.0,1.0,1,0,1,4.0,4.0,4.2835820895522385,49.5,0
1087,76.37,20.0,3.04,0.0,7.0,0,0,0,0,P260*,221.7666667,1,0,0,1.0,2.0,0,2,9,1,0.0,0.0,1,0,0,2.0,3.0,3.5111940298507465,0.5499037668408028,0
1088,77.13,40.0,5.08,1.0,4.0,0,0,0,0,0,126.8666667,1,0,0,2.0,3.0,2,3,7,0,0.0,0.0,1,0,1,6.0,5.0,6.422388059701493,1.6159439806086726,1
1089,66.47,33.0,3.0660000000000003,0.0,9.0,0,0,0,0,E739Dfs*31,165.3666667,0,0,0,2.0,2.0,2,2,3,1,0.0,0.0,0,1,1,4.0,4.0,4.270895522388059,1.2466943709860219,0
1090,33.55,49.5,6.1,4.0,15.0,0,R174Sfs*67,0,0,0,75.23333333,0,0,0,2.0,3.0,2,1,5,2,0.0,1.0,0,1,1,6.0,5.0,8.002985074626865,50.0,2
1091,77.54,22.0,3.044,0.0,6.0,0,0,0,0,0,174.1333333,1,0,1,2.0,2.0,2,3,9,0,0.0,0.0,2,0,0,4.0,4.0,4.262686567164179,0.5860415556739477,0
1092,69.65,18.0,3.036,1.0,11.0,H1047R,0,0,0,0,99.76666667,1,0,1,2.0,3.0,0,2,8,1,0.0,0.0,2,0,0,6.0,5.0,3.6597014925373132,0.3035413153456998,0
1093,75.27,32.0,6.064,5.0,10.0,C420R,0,0,L755Sfs*9,Q23*,65.56666667,1,0,0,2.0,3.0,2,3,9,0,0.0,1.0,1,0,1,6.0,5.0,8.38955223880597,1.3609299688120218,2
1094,44.84,30.0,3.06,0.0,6.0,0,0,*444Lfs*63,0,0,187.9333333,1,0,1,2.0,2.0,1,2,8,1,0.0,0.0,2,0,1,4.0,4.0,4.268656716417911,6.198347107438012,0
1095,71.61,21.0,4.042,1.0,9.0,0,0,X349_splice,0,0,81.8,1,0,0,2.0,2.0,2,2,4,0,0.0,1.0,1,0,0,4.0,4.0,5.035074626865671,0.664346725719709,1
1096,42.84,37.0,5.074,2.0,17.0,0,I255del,0,0,0,216.7333333,1,0,0,2.0,3.0,2,1,5,1,0.0,0.0,1,0,1,6.0,5.0,6.820149253731343,19.54225352112674,1
1097,65.76,49.5,5.12,2.0,4.0,0,X225_splice,0,0,0,223.3,0,0,0,3.0,3.0,2,1,1,2,0.0,0.0,0,1,1,9.0,6.0,7.5873134328358205,2.882375776397515,2
1098,67.68,23.0,3.0460000000000003,0.0,4.0,H1047R,0,0,0,0,80.5,1,0,1,2.0,2.0,2,2,3,1,0.0,0.0,2,0,0,4.0,4.0,4.263432835820896,0.8309248554913293,0
1099,68.56,20.0,4.04,1.0,3.0,E545K,0,0,0,0,251.2,1,0,1,2.0,2.0,2,2,3,1,0.0,0.0,2,0,0,4.0,4.0,5.034328358208955,0.7002801120448179,1
1100,69.93,20.0,5.04,1.0,2.0,E365K,0,0,0,0,213.3666667,1,0,1,2.0,3.0,1,3,7,0,0.0,0.0,2,0,0,6.0,5.0,6.407462686567165,1.0023387905111925,1
1101,44.36,22.0,4.044,0.0,5.0,0,0,X308_splice,0,0,252.3,1,0,1,2.0,3.0,2,2,9,1,0.0,0.0,2,0,0,6.0,5.0,5.635820895522388,7.568807339449542,1
1102,65.86,14.0,6.028,5.0,4.0,0,G262V,0,0,0,144.93333330000002,1,0,0,2.0,3.0,1,6,4,0,0.0,0.0,1,0,0,6.0,5.0,8.376119402985074,0.8120649651972158,2
1103,72.12,30.0,4.06,3.0,3.0,0,0,0,0,0,108.6,1,0,1,2.0,2.0,2,2,9,0,0.0,0.0,2,0,1,4.0,4.0,5.841791044776119,0.9339975093399749,1
1104,49.88,12.0,4.024,0.0,4.0,H1047R,S183*,0,0,0,37.8,0,0,1,1.0,3.0,1,5,6,3,0.0,1.0,1,0,0,3.0,4.0,4.878358208955223,1.8218623481781373,0
1105,62.68,17.0,6.034,4.0,8.0,H1047L,0,P353_L354insPDYEEGRHPD,0,0,84.83333333,1,0,1,2.0,3.0,1,2,9,1,0.0,1.0,2,0,0,6.0,5.0,7.978358208955223,1.1243386243386244,2
1106,46.95,25.0,4.05,0.0,5.0,H1047R,0,X308_splice,0,0,189.8666667,1,0,1,2.0,3.0,1,2,3,1,0.0,0.0,2,0,1,6.0,5.0,5.638059701492537,5.395683453237408,1
1107,63.92,43.0,2.086,0.0,8.0,0,0,H423Afs*67,0,0,52.73333333,1,0,0,2.0,3.0,1,3,0,0,0.0,1.0,1,0,1,6.0,5.0,2.9052238805970148,0.898829431438127,0
1108,56.47,49.5,4.11,0.0,19.0,E542K E726K,0,M293K,0,0,213.2,1,0,1,2.0,3.0,2,2,3,0,0.0,1.0,2,0,1,6.0,5.0,5.66044776119403,4.508196721311476,1
1109,67.7,49.5,5.11,1.0,2.0,0,0,D335Gfs*17,0,0,62.13333333,1,1,0,3.0,3.0,2,3,0,0,0.0,1.0,1,0,1,9.0,6.0,7.183582089552239,2.6805054151624548,2
1110,72.73,40.0,4.08,0.0,4.0,0,0,0,0,0,79.16666667,1,0,0,2.0,3.0,2,3,7,0,0.0,0.0,1,0,1,6.0,5.0,5.649253731343284,1.833180568285976,1
1111,45.4,20.0,4.04,0.0,2.0,0,R337C,0,0,0,173.93333330000002,0,0,0,1.0,3.0,1,6,2,2,0.0,0.0,0,1,0,3.0,4.0,4.884328358208955,5.555555555555557,0
1112,70.42,40.0,6.08,5.0,5.0,E110del,0,0,S1108Rfs*3 L877Ffs*50,0,128.36666670000002,1,0,1,3.0,3.0,1,2,9,1,0.0,1.0,2,0,1,9.0,6.0,9.145522388059701,1.972386587771203,2
1113,55.56,17.0,3.034,0.0,2.0,0,0,0,0,0,139.43333330000002,1,0,0,1.0,2.0,2,3,4,0,0.0,0.0,1,0,0,2.0,3.0,3.508955223880597,1.0925449871465294,0
1114,70.11,25.0,4.05,0.0,13.0,0,A74Pfs*49,0,0,0,168.3,1,0,1,2.0,3.0,2,2,4,0,0.0,0.0,2,0,1,6.0,5.0,5.638059701492537,1.2454334108269678,1
1115,44.12,16.0,3.032,0.0,8.0,E545K,0,*444Lfs*63,0,0,86.36666667,1,0,1,1.0,2.0,1,2,8,0,0.0,1.0,2,0,0,2.0,3.0,3.5082089552238807,3.8834951456310702,0
1116,61.76,17.0,3.034,0.0,3.0,0,0,0,0,0,255.3,1,0,1,1.0,2.0,1,3,9,0,0.0,0.0,2,0,0,2.0,3.0,3.508955223880597,0.7812500000000001,0
1117,55.04,15.0,3.03,0.0,9.0,H1047R,0,0,F1149* K1371E,0,184.3333333,1,0,1,1.0,2.0,1,2,3,1,0.0,0.0,2,0,0,2.0,3.0,3.5074626865671643,0.9973404255319149,0
1118,76.66,35.0,5.07,2.0,3.0,N345K,S183*,0,0,0,34.56666667,0,0,0,2.0,3.0,1,6,4,2,0.0,0.0,0,1,1,6.0,5.0,6.818656716417911,1.4320785597381345,1
1119,68.21,21.0,3.042,0.0,5.0,E542K,0,0,0,Y663*,150.6,1,0,1,2.0,2.0,1,2,3,1,0.0,0.0,2,0,0,4.0,4.0,4.261940298507462,0.7444168734491317,0
1120,52.57,1.0,4.002,0.0,4.0,E545K,R248Q,0,0,0,187.7,0,1,0,1.0,3.0,0,0,6,3,0.0,0.0,0,0,0,3.0,4.0,4.870149253731343,0.11933174224343676,0
1121,39.25,15.0,4.03,0.0,12.0,0,N239*,0,0,0,56.33333333,0,0,0,1.0,3.0,2,0,1,2,0.0,1.0,0,1,0,3.0,4.0,4.880597014925373,22.5,0
1122,61.04,15.0,6.03,5.0,6.0,H419_P421del,L194P,0,L78P,0,178.7333333,0,0,0,2.0,3.0,2,5,8,2,0.0,1.0,0,1,0,6.0,5.0,8.376865671641792,1.0693916349809887,2
1123,53.69,17.0,3.034,0.0,8.0,0,0,X308_splice,0,0,257.6333333,1,0,1,1.0,2.0,2,2,9,1,0.0,0.0,2,0,0,2.0,3.0,3.508955223880597,1.2417823228634042,0
1124,75.01,25.0,4.05,1.0,6.0,H1047L,0,0,0,0,150.1,1,0,0,2.0,2.0,2,3,9,0,0.0,0.0,1,0,1,4.0,4.0,5.0380597014925375,0.714081690945444,1
1125,71.05,25.0,4.05,2.0,1.0,0,0,0,0,0,39.43333333,1,0,1,2.0,2.0,2,3,8,0,0.0,0.0,2,0,1,4.0,4.0,5.438059701492537,0.8051529790660226,1
1126,75.55,20.0,5.04,1.0,7.0,0,0,H434Pfs*73,0,0,168.2666667,1,1,0,2.0,3.0,2,3,0,3,0.0,0.0,1,0,0,6.0,5.0,6.407462686567165,0.8438818565400845,1
1127,41.54,20.0,5.04,1.0,6.0,0,Y163C,0,0,0,215.1666667,0,1,0,2.0,3.0,2,1,6,3,0.0,0.0,0,0,0,6.0,5.0,6.407462686567165,19.48051948051949,1
1128,63.4,20.0,3.04,0.0,11.0,0,0,0,0,0,91.5,1,0,1,1.0,2.0,2,2,4,1,0.0,0.0,2,0,0,2.0,3.0,3.5111940298507465,0.8547008547008548,0
1129,68.66,16.0,4.032,0.0,3.0,0,C275F,0,0,0,184.8,0,0,0,1.0,3.0,1,6,5,2,0.0,0.0,0,1,0,3.0,4.0,4.88134328358209,0.8374040474528962,0
1130,53.58,25.0,4.05,1.0,5.0,E545K,0,I122Sfs*73,0,0,94.7,1,0,1,2.0,2.0,1,2,3,1,0.0,0.0,2,0,1,4.0,4.0,5.0380597014925375,1.8409425625920472,1
1131,71.19,15.0,3.03,0.0,5.0,0,0,0,0,0,182.5,1,0,1,2.0,2.0,2,2,4,1,0.0,0.0,2,0,0,4.0,4.0,4.257462686567164,0.4809233728759218,0
1132,47.38,30.0,5.06,2.0,7.0,0,0,0,0,0,213.9,0,0,0,2.0,3.0,2,0,1,2,0.0,0.0,0,1,1,6.0,5.0,6.814925373134328,6.097560975609754,1
1133,52.23,30.0,5.06,1.0,12.0,H1047R E542A,N239I,0,0,0,50.23333333,0,0,0,2.0,3.0,2,1,5,2,0.0,1.0,0,1,1,6.0,5.0,6.414925373134329,3.6794766966475887,1
1134,67.87,49.5,3.1,0.0,7.0,0,0,0,0,0,194.1666667,1,0,1,2.0,3.0,1,6,4,1,0.0,0.0,2,0,1,6.0,5.0,5.2835820895522385,2.664155005382131,1
1135,70.59,25.0,4.05,0.0,5.0,0,0,X308_splice,0,I650Yfs*13,221.6,1,0,0,2.0,3.0,2,2,3,0,0.0,0.0,1,0,1,6.0,5.0,5.638059701492537,1.2258908139915003,1
1136,56.33,24.0,4.048,1.0,6.0,0,X187_splice,0,Q700*,0,87.1,1,1,0,2.0,2.0,1,3,6,3,0.0,1.0,1,0,1,4.0,4.0,5.037313432835821,1.469687691365585,1
1137,66.38,15.0,3.03,0.0,7.0,E545G,0,0,0,0,199.9333333,1,0,1,1.0,2.0,0,2,9,1,0.0,0.0,2,0,0,2.0,3.0,3.5074626865671643,0.5686125852918879,0
1138,43.63,16.0,3.032,0.0,8.0,0,V173M,0,0,0,58.0,1,0,1,2.0,2.0,1,5,10,0,0.0,1.0,2,0,0,4.0,4.0,4.25820895522388,4.407713498622586,0
1139,49.0,20.0,3.04,0.0,5.0,0,0,0,0,0,198.1,1,0,0,1.0,2.0,1,2,9,1,0.0,1.0,1,0,0,2.0,3.0,3.5111940298507465,2.2222222222222223,0
1140,65.41,10.0,2.02,0.0,5.0,N345K,0,0,0,0,84.23333333,1,0,1,1.0,3.0,1,2,9,1,0.0,0.0,2,0,0,3.0,4.0,4.130597014925373,0.590318772136954,0
1141,72.38,30.0,3.06,0.0,7.0,H1047L C420R,0,0,0,0,199.3666667,1,0,0,2.0,2.0,1,2,9,1,0.0,0.0,1,0,1,4.0,4.0,4.268656716417911,0.926497838171711,0
1142,76.37,20.0,5.04,1.0,7.0,N1044K,0,0,0,V17Gfs*41,174.56666669999998,1,0,1,2.0,3.0,0,2,3,1,0.0,0.0,2,0,0,6.0,5.0,6.407462686567165,0.8248556502612041,1
1143,69.95,30.0,3.06,0.0,4.0,0,0,A395Vfs*106,0,0,142.43333330000002,1,0,0,2.0,2.0,2,1,0,0,0.0,0.0,1,0,1,4.0,4.0,4.268656716417911,1.001669449081803,0
1144,56.33,22.0,3.044,0.0,2.0,0,R248W,0,0,0,61.6,1,0,1,2.0,2.0,2,3,0,0,0.0,0.0,2,0,0,4.0,4.0,4.262686567164179,1.3472137170851195,0
1145,61.92,18.0,3.036,0.0,7.0,0,0,0,0,0,186.4,1,0,1,1.0,3.0,1,2,10,0,0.0,0.0,2,0,0,3.0,4.0,4.509701492537314,1.231751824817518,0
1146,32.74,20.0,6.04,5.0,6.0,0,R306*,0,0,0,19.9,0,0,0,2.0,3.0,1,6,1,2,0.0,1.0,0,1,0,6.0,5.0,8.380597014925373,30.0,2
1147,67.86,49.5,5.1,5.0,1.0,0,F134V,0,0,0,34.33333333,1,0,1,3.0,2.0,2,3,7,0,0.0,1.0,2,0,1,6.0,5.0,7.779850746268656,1.7767408470926058,2
1148,69.93,20.0,6.04,5.0,6.0,0,Y220C,0,0,0,30.36666667,0,0,0,2.0,3.0,2,0,1,1,0.0,1.0,0,1,0,6.0,5.0,8.380597014925373,1.0023387905111925,2
1149,63.24,11.0,3.022,0.0,2.0,H1047R,0,0,0,0,204.4333333,1,0,1,1.0,2.0,0,2,9,0,0.0,1.0,2,0,0,2.0,3.0,3.5044776119402985,0.4733218588640275,0
1150,61.06,41.0,4.082,0.0,3.0,K111E G320A,0,0,0,0,82.63333333,1,0,1,2.0,3.0,2,3,0,0,0.0,1.0,2,0,1,6.0,5.0,5.65,2.9202279202279198,1
1151,59.12,25.0,1.05,0.0,8.0,H1047L,0,0,0,D402V,21.9,1,0,0,2.0,3.0,1,5,3,1,0.0,1.0,1,0,1,6.0,5.0,4.518656716417911,1.9612970711297075,0
1152,43.8,17.0,3.034,0.0,2.0,0,0,0,0,0,175.6333333,1,0,0,1.0,2.0,1,5,0,1,0.0,0.0,1,0,0,2.0,3.0,3.508955223880597,4.4736842105263195,0
1153,57.87,40.0,4.08,0.0,6.0,0,R273L,0,0,0,15.36666667,0,1,0,2.0,3.0,1,0,6,3,0.0,1.0,0,0,1,6.0,5.0,5.649253731343284,3.3575825405707898,1
1154,40.57,30.0,5.06,1.0,3.0,0,0,0,0,0,77.4,0,0,0,2.0,3.0,2,0,1,2,0.0,0.0,0,1,1,6.0,5.0,6.414925373134329,45.0,1
1155,74.71,18.0,5.0360000000000005,5.0,6.0,0,0,0,0,0,71.76666667,1,0,1,2.0,2.0,2,3,2,0,0.0,1.0,2,0,0,4.0,4.0,7.005970149253732,0.5185825410544512,2
1156,51.09,30.0,3.06,0.0,5.0,0,0,X308_splice,0,0,209.2666667,1,0,1,2.0,2.0,1,2,9,0,0.0,0.0,2,0,1,4.0,4.0,4.268656716417911,2.7051397655545526,0
1157,72.14,12.0,3.024,0.0,5.0,0,0,0,0,0,211.7333333,1,0,1,1.0,2.0,1,2,3,1,0.0,0.0,2,0,0,2.0,3.0,3.505223880597015,0.37336652146857496,0
1158,75.33,20.0,3.04,0.0,7.0,E726K N1044K,H193R,0,0,0,59.76666667,1,0,0,1.0,2.0,1,2,8,1,0.0,0.0,1,0,0,2.0,3.0,3.5111940298507465,0.5660911406736485,0
1159,47.24,30.0,5.06,1.0,9.0,G1049R,P223Afs*2,0,0,0,27.8,0,1,0,2.0,3.0,2,1,6,3,0.0,1.0,0,0,1,6.0,5.0,6.414925373134329,6.215469613259666,1
1160,72.02,18.0,4.0360000000000005,0.0,7.0,D454N,0,0,0,A719Lfs*3,114.9,1,0,1,2.0,3.0,2,3,9,0,0.0,1.0,2,0,0,6.0,5.0,5.632835820895522,0.8432229856339789,1
1161,77.66,40.0,3.08,5.0,3.0,0,0,0,0,0,125.7,1,0,1,2.0,3.0,1,2,9,1,0.0,0.0,2,0,1,6.0,5.0,7.276119402985074,1.5932023366967605,2
1162,69.72,20.0,4.04,1.0,8.0,E545K,0,0,0,0,90.3,1,0,0,2.0,2.0,2,2,8,1,0.0,1.0,1,0,0,4.0,4.0,5.034328358208955,0.6729475100942127,1
1163,83.96,26.0,3.052,0.0,5.0,E545K,0,0,0,Q23*,124.2,1,0,1,3.0,2.0,2,3,7,0,0.0,1.0,2,0,1,6.0,5.0,5.0156716417910445,0.591446769790719,1
1164,63.48,10.0,5.02,1.0,3.0,0,M237I,0,0,0,27.3,0,0,0,2.0,3.0,1,0,1,2,0.0,1.0,0,1,0,6.0,5.0,6.4,0.6388415672913118,1
1165,74.98,30.0,4.06,0.0,2.0,0,0,0,0,0,191.4666667,1,0,1,2.0,3.0,0,3,0,0,0.0,0.0,2,0,1,6.0,5.0,5.641791044776119,1.2864493996569466,1
1166,58.61,15.0,4.03,0.0,13.0,H1047R,R280T,0,0,D183Tfs*32,255.0,1,0,1,1.0,3.0,0,2,8,0,0.0,0.0,2,0,0,3.0,4.0,4.880597014925373,1.2090274046211715,0
1167,46.58,10.0,3.02,0.0,7.0,H1047Y N345K,0,0,0,0,196.5333333,1,0,1,1.0,2.0,1,2,3,1,0.0,0.0,2,0,0,2.0,3.0,3.503731343283582,1.5197568389057754,0
1168,38.59,35.0,4.07,0.0,7.0,0,G108Vfs*13,0,0,0,37.36666667,0,0,0,2.0,3.0,1,0,1,1,0.0,1.0,0,1,1,6.0,5.0,5.645522388059701,50.0,1
1169,44.59,15.0,5.03,2.0,5.0,H1047R,R273H,0,M225V,0,37.0,0,0,0,2.0,3.0,2,0,1,2,0.0,1.0,0,1,0,6.0,5.0,6.803731343283582,4.901960784313722,1
1170,69.16,29.0,6.058,4.0,4.0,0,0,0,0,0,89.96666667,1,0,0,2.0,3.0,2,3,0,0,0.0,0.0,1,0,1,6.0,5.0,7.987313432835821,1.491769547325103,2
1171,78.8,20.0,3.04,0.0,5.0,E545K,0,0,0,0,127.9333333,1,0,1,1.0,2.0,1,2,4,1,0.0,0.0,2,0,0,2.0,3.0,3.5111940298507465,0.5154639175257733,0
1172,57.14,17.0,3.034,0.0,4.0,0,0,0,0,0,213.0333333,1,0,1,1.0,2.0,2,3,10,0,0.0,0.0,2,0,0,2.0,3.0,3.508955223880597,0.9918319719953326,0
1173,61.55,25.0,4.05,0.0,2.0,0,S185Tfs*62,0,0,0,159.2333333,0,0,0,2.0,3.0,1,5,10,2,0.0,1.0,0,1,1,6.0,5.0,5.638059701492537,1.7401392111368912,1
1174,54.61,25.0,4.05,0.0,11.0,H1047R,0,0,0,D349V,20.26666667,1,1,0,2.0,3.0,2,2,6,3,0.0,0.0,1,0,1,6.0,5.0,5.638059701492537,2.566735112936345,1
1175,76.72,20.0,4.04,0.0,4.0,K111E,0,0,0,0,245.2333333,0,0,0,1.0,3.0,0,1,4,2,0.0,0.0,0,1,0,3.0,4.0,4.884328358208955,0.8169934640522876,0
1176,69.29,1.0,3.002,0.0,1.0,0,0,0,0,0,110.8333333,1,0,1,1.0,2.0,0,5,4,1,0.0,1.0,2,0,0,2.0,3.0,3.497014925373134,0.03414134516899965,0
1177,76.19,17.0,4.034,1.0,16.0,0,0,0,0,0,115.9333333,1,0,1,2.0,2.0,2,2,8,0,0.0,0.0,2,0,0,4.0,4.0,5.032089552238806,0.4697430229345123,1
1178,31.87,1.0,4.002,0.0,2.0,0,G245C,0,0,0,170.83333330000002,0,1,0,1.0,3.0,0,5,3,2,0.0,0.0,0,0,0,3.0,4.0,4.870149253731343,1.5,0
1179,51.08,30.0,2.06,3.0,7.0,H1047R,0,A332Dfs*20,0,0,259.9333333,0,0,0,2.0,3.0,1,5,5,1,0.0,0.0,0,1,1,6.0,5.0,6.095522388059702,4.0613718411552355,1
1180,70.68,12.0,6.024,4.0,8.0,L334_R335insQNKNSLCNLRECKYSR,V173L,0,0,0,18.23333333,1,0,1,2.0,3.0,1,5,4,2,0.0,1.0,2,0,0,6.0,5.0,7.974626865671642,0.5867014341590612,2
1181,68.52,25.0,3.05,0.0,8.0,0,0,0,0,D155Lfs*12,87.73333333,1,0,1,2.0,2.0,2,3,9,0,0.0,1.0,2,0,1,4.0,4.0,4.264925373134329,0.8765778401122021,0
1182,44.41,12.0,3.024,0.0,4.0,H1047R,0,0,0,0,175.33333330000002,1,0,1,1.0,2.0,2,5,4,1,0.0,0.0,2,0,0,2.0,3.0,3.505223880597015,2.721088435374152,0
1183,53.38,15.0,3.03,0.0,3.0,0,0,0,0,0,164.33333330000002,0,0,0,1.0,2.0,0,6,5,2,0.0,0.0,0,1,0,2.0,3.0,3.5074626865671643,1.1210762331838562,0
1184,69.04,18.0,4.0360000000000005,0.0,7.0,H1047R,0,0,0,0,212.2,1,0,0,1.0,3.0,2,2,3,1,0.0,0.0,1,0,0,3.0,4.0,4.882835820895522,0.9297520661157022,0
1185,48.76,13.0,4.026,0.0,9.0,0,0,0,0,0,80.5,1,1,1,1.0,3.0,0,5,6,3,0.0,0.0,2,0,0,3.0,4.0,4.87910447761194,2.2260273972602747,0
1186,69.23,30.0,6.06,5.0,8.0,E545K,R280K,0,0,0,80.73333333,1,1,1,3.0,3.0,2,3,6,3,0.0,1.0,2,0,1,9.0,6.0,9.138059701492537,1.5395141977420457,2
1187,60.46,30.0,1.06,0.0,6.0,H1047R,0,0,0,R108*,208.4,1,0,1,2.0,3.0,1,3,9,0,0.0,0.0,2,0,1,6.0,5.0,4.522388059701493,2.19941348973607,0
1188,62.84,25.0,4.05,0.0,15.0,E542K E726K,0,0,0,0,51.96666667,1,0,1,2.0,3.0,1,3,3,0,0.0,1.0,2,0,1,6.0,5.0,5.638059701492537,1.6418563922942204,1
1189,46.79,11.0,3.022,0.0,3.0,0,0,0,0,0,185.0,1,0,1,1.0,2.0,0,5,4,1,0.0,1.0,2,0,0,2.0,3.0,3.5044776119402985,1.6200294550810017,0
1190,49.57,40.0,6.08,5.0,11.0,0,0,0,0,0,184.2666667,0,1,0,3.0,3.0,1,1,6,3,0.0,0.0,0,0,1,9.0,6.0,9.145522388059701,6.269592476489028,2
1191,69.05,49.5,4.1,0.0,8.0,0,R248W,0,0,0,22.13333333,0,0,0,2.0,3.0,2,0,1,2,0.0,1.0,0,1,1,6.0,5.0,5.656716417910448,2.555938037865749,1
1192,54.69,15.0,1.03,0.0,6.0,0,G245V,0,0,0,151.2,1,1,0,2.0,3.0,2,1,6,3,0.0,0.0,1,0,0,6.0,5.0,4.5111940298507465,1.5316541865214433,0
1193,50.08,18.0,2.036,3.0,2.0,0,R248Q,0,0,0,194.7,1,0,1,2.0,3.0,1,6,4,1,0.0,0.0,2,0,0,6.0,5.0,6.086567164179105,2.678571428571429,1
1194,53.96,15.0,3.03,0.0,19.0,0,0,0,0,0,112.6333333,1,0,0,1.0,2.0,2,6,4,0,0.0,0.0,1,0,0,2.0,3.0,3.5074626865671643,1.0744985673352434,0
1195,68.53,23.0,5.0,1.0,3.0,0,0,0,0,0,65.23333333,1,0,0,2.0,3.0,2,6,4,0,0.0,0.0,1,0,0,6.0,5.0,6.392537313432836,1.2092534174553102,1
1196,65.26,20.0,4.04,0.0,6.0,0,0,0,0,Q307*,184.3333333,1,0,0,1.0,3.0,0,5,7,1,0.0,0.0,1,0,0,3.0,4.0,4.884328358208955,1.1876484560570069,0
1197,68.6,15.0,4.03,0.0,9.0,H1047R I459T,R213*,0,0,R492Kfs*45,246.6,1,0,0,1.0,3.0,1,2,3,1,0.0,0.0,1,0,0,3.0,4.0,4.880597014925373,0.7867132867132869,0
1198,78.04,30.0,4.06,0.0,5.0,H1047R I354F,0,0,X385_splice,0,134.2666667,1,0,1,2.0,3.0,1,2,3,1,0.0,0.0,2,0,1,6.0,5.0,5.641791044776119,1.1829652996845423,1
1199,74.34,15.0,3.03,0.0,8.0,H1047R,0,0,0,D819Gfs*3,118.53333329999998,1,0,1,1.0,2.0,1,2,9,1,0.0,0.0,2,0,0,2.0,3.0,3.5074626865671643,0.436808386721025,0
1200,79.76,20.0,3.04,0.0,7.0,H1047R,0,0,0,G324_V328del,89.33333333,1,0,1,1.0,2.0,1,2,4,1,0.0,0.0,2,0,0,2.0,3.0,3.5111940298507465,0.5030181086519114,0
1201,61.88,35.0,4.07,0.0,7.0,E545K,0,0,L1321P,0,77.46666667,1,0,1,2.0,3.0,1,2,4,1,0.0,1.0,2,0,1,6.0,5.0,5.645522388059701,2.39945155393053,1
1202,42.84,10.0,1.02,0.0,13.0,0,R196*,0,0,0,203.2666667,1,1,1,1.0,3.0,0,2,7,0,0.0,0.0,2,0,0,3.0,4.0,3.7574626865671643,5.281690140845064,0
1203,65.44,25.0,5.05,1.0,2.0,0,0,0,0,0,19.4,1,0,0,2.0,3.0,2,0,1,2,0.0,1.0,1,0,1,6.0,5.0,6.411194029850746,1.474056603773585,1
1204,69.24,49.5,6.1,5.0,4.0,0,P278R,0,0,0,111.96666670000002,1,0,1,2.0,3.0,1,2,4,1,0.0,1.0,2,0,1,6.0,5.0,8.402985074626866,2.5393296853625174,2
1205,53.07,15.0,4.03,0.0,5.0,H1047R,R273C,0,0,0,242.5666667,0,1,0,1.0,3.0,0,0,5,1,0.0,0.0,0,0,0,3.0,4.0,4.880597014925373,1.7214996174445294,0
1206,54.75,20.0,4.04,0.0,8.0,0,0,0,0,X130_splice,142.16666669999998,1,0,1,1.0,3.0,1,2,9,1,0.0,0.0,2,0,0,3.0,4.0,4.884328358208955,2.0338983050847457,0
1207,88.8,30.0,3.06,1.0,6.0,Q546K,0,M356T,0,0,54.26666667,1,0,1,2.0,3.0,1,2,8,0,0.0,0.0,2,0,1,6.0,5.0,3.6686567164179102,0.3073770491803279,0
1208,72.16,15.0,4.03,0.0,5.0,0,K132E,0,0,0,196.8666667,1,1,1,1.0,3.0,1,2,6,3,0.0,1.0,2,0,0,3.0,4.0,4.880597014925373,0.6996268656716419,0
1209,52.98,15.0,3.03,0.0,13.0,E545K E542K,0,0,0,0,94.03333333,1,0,0,1.0,2.0,2,2,8,0,0.0,1.0,1,0,0,2.0,3.0,3.5074626865671643,1.1556240369799695,0
1210,62.11,25.0,4.05,3.0,1.0,0,0,0,0,0,223.8333333,1,0,0,2.0,2.0,2,2,10,0,0.0,1.0,1,0,1,4.0,4.0,5.838059701492537,1.1307100859339665,1
1211,65.35,15.0,4.03,0.0,2.0,0,V173L,0,0,0,204.4,0,1,0,1.0,3.0,0,0,6,3,0.0,0.0,0,0,0,3.0,4.0,4.880597014925373,0.8875739644970416,0
1212,70.23,15.0,4.03,0.0,5.0,N345K,0,0,0,0,52.3,1,0,0,1.0,3.0,1,3,0,0,0.0,1.0,1,0,0,3.0,4.0,4.880597014925373,0.7442937479325172,0
1213,73.17,20.0,3.04,0.0,2.0,H1047R,0,0,0,0,96.96666667,1,0,1,1.0,2.0,1,2,9,1,0.0,0.0,2,0,0,2.0,3.0,3.5111940298507465,0.6029544769369912,0
1214,76.91,24.0,2.048,3.0,6.0,H1047R,0,0,0,0,191.9333333,1,0,1,2.0,3.0,1,2,3,1,0.0,0.0,2,0,1,6.0,5.0,6.0910447761194035,0.9753454348415065,1
1215,50.24,35.0,5.07,3.0,9.0,0,K132E,0,0,0,185.3,1,0,0,2.0,3.0,2,0,10,2,0.0,0.0,1,0,1,6.0,5.0,7.218656716417911,5.126953124999999,2
1216,67.45,15.0,3.03,0.0,3.0,0,0,0,0,0,205.7333333,1,0,0,1.0,2.0,1,2,2,1,0.0,0.0,1,0,0,2.0,3.0,3.5074626865671643,0.5464480874316939,0
1217,52.43,27.0,4.053999999999999,0.0,7.0,0,S127F G325E,0,0,0,151.9,0,0,0,2.0,3.0,1,0,1,2,0.0,0.0,0,1,1,6.0,5.0,5.63955223880597,3.258246178600161,1
1218,79.17,49.5,4.12,0.0,6.0,0,R110P,0,0,0,175.1,0,0,0,2.0,3.0,1,0,5,2,0.0,0.0,0,1,1,6.0,5.0,5.664179104477612,1.8955833546081182,1
1219,68.42,30.0,4.06,0.0,7.0,E545K,0,0,0,0,247.8333333,1,0,1,2.0,3.0,2,3,8,0,0.0,0.0,2,0,1,6.0,5.0,5.641791044776119,1.5833919774806473,1
1220,80.17,35.0,4.07,0.0,4.0,0,0,0,0,0,179.1,1,1,0,2.0,3.0,2,3,6,3,0.0,0.0,1,0,1,6.0,5.0,5.645522388059701,1.3069454817027633,1
1221,74.98,25.0,6.05,5.0,9.0,H1047R,N131I,0,0,0,43.4,0,0,0,3.0,3.0,2,1,6,3,0.0,1.0,0,1,1,9.0,6.0,9.134328358208954,1.072041166380789,2
1222,66.57,20.0,3.04,0.0,1.0,0,0,0,0,0,107.3666667,1,0,1,1.0,2.0,0,5,2,1,0.0,0.0,2,0,0,2.0,3.0,3.5111940298507465,0.7527286413248025,0
1223,74.11,28.0,6.056,5.0,3.0,0,0,0,0,0,118.7,1,0,0,2.0,3.0,2,3,9,0,0.0,1.0,1,0,1,6.0,5.0,8.386567164179105,1.2313104661389622,2
1224,42.11,10.0,4.02,0.0,5.0,0,0,0,0,0,254.9666667,1,0,0,1.0,3.0,2,3,0,0,0.0,0.0,1,0,0,3.0,4.0,4.876865671641791,7.109004739336495,0
1225,63.53,20.0,2.04,0.0,6.0,H1047L,0,0,I322V,0,131.3,1,0,1,1.0,3.0,2,2,9,1,0.0,0.0,2,0,0,3.0,4.0,2.138059701492537,0.42498937526561836,0
1226,76.2,15.0,4.03,0.0,3.0,0,0,0,0,0,111.8333333,0,0,0,1.0,3.0,1,6,1,2,0.0,0.0,0,1,0,3.0,4.0,4.880597014925373,0.6215469613259668,0
1227,42.05,22.0,4.044,2.0,2.0,0,Y234C,0,0,0,144.66666669999998,0,0,0,2.0,2.0,1,6,5,2,0.0,1.0,0,1,0,4.0,4.0,5.4358208955223875,10.731707317073186,1
1228,90.23,20.0,5.04,1.0,9.0,H1047R,0,0,Q624Rfs*32 P666Lfs*27,Q610*,99.4,1,0,1,2.0,3.0,2,2,8,1,0.0,1.0,2,0,0,6.0,5.0,6.407462686567165,0.5972526378658172,1
1229,68.01,30.0,4.06,0.0,10.0,Y1021C,Q52Pfs*5,0,L78P M641V,0,43.26666667,0,0,0,2.0,3.0,2,0,1,2,0.0,1.0,0,1,1,6.0,5.0,5.641791044776119,1.6065690824705459,1
1230,75.53,15.0,4.03,0.0,5.0,0,0,V337Cfs*15,0,0,200.6,1,0,0,1.0,3.0,1,3,4,0,0.0,0.0,1,0,0,3.0,4.0,4.880597014925373,0.6332676611314382,0
1231,74.46,15.0,4.03,1.0,5.0,L293V,0,0,0,0,187.0333333,1,0,1,2.0,2.0,2,2,4,0,0.0,0.0,2,0,0,4.0,4.0,5.030597014925373,0.43528728961114344,1
1232,72.56,30.0,4.06,0.0,7.0,0,X225_splice,0,0,0,180.7333333,1,0,1,2.0,3.0,1,3,8,0,0.0,0.0,2,0,1,6.0,5.0,5.641791044776119,1.382063882063882,1
1233,39.99,25.0,5.05,1.0,8.0,E542K,L111Q,0,0,L798I,33.96666667,0,1,0,2.0,3.0,2,0,6,3,0.0,1.0,0,0,1,6.0,5.0,6.411194029850746,37.5,1
1234,48.17,15.0,3.03,0.0,6.0,0,0,0,Q409*,0,176.5,1,0,1,1.0,2.0,1,2,3,1,0.0,0.0,2,0,0,2.0,3.0,3.5074626865671643,1.8359853121175027,0
1235,61.28,25.0,3.05,0.0,5.0,0,S149Pfs*21,0,0,0,16.56666667,0,1,0,2.0,3.0,1,1,6,3,0.0,1.0,0,0,1,6.0,5.0,5.264925373134329,1.7622180451127818,1
1236,74.53,14.0,3.028,0.0,5.0,0,S314*,0,0,0,211.2,0,0,0,1.0,2.0,1,0,1,2,0.0,0.0,0,1,0,2.0,3.0,3.5067164179104475,0.40544454097885896,0
1237,79.59,30.0,3.06,0.0,4.0,H1047R,0,0,0,0,209.0333333,1,0,1,2.0,2.0,1,3,9,0,0.0,0.0,2,0,1,4.0,4.0,4.268656716417911,0.7577671129072998,0
1238,59.04,6.0,3.012,0.0,13.0,0,C141Y,0,V873I,0,204.2,0,0,0,1.0,2.0,1,0,10,2,0.0,1.0,0,1,0,2.0,3.0,3.5007462686567163,0.31512605042016806,0
1239,63.02,49.5,5.13,3.0,5.0,0,C242Afs*5,0,0,0,166.66666669999998,0,0,0,3.0,3.0,2,0,1,2,0.0,0.0,0,1,1,9.0,6.0,7.991044776119403,3.2254561251086002,2
1240,46.03,20.0,5.04,2.0,4.0,0,0,0,0,R598Q,44.13333333,1,1,0,2.0,3.0,1,5,6,3,0.0,1.0,1,0,0,6.0,5.0,6.807462686567164,4.975124378109452,1
1241,69.5,15.0,3.03,0.0,1.0,0,0,0,0,0,192.1333333,1,0,1,1.0,2.0,2,3,10,0,0.0,0.0,2,0,0,2.0,3.0,3.5074626865671643,0.5084745762711864,0
1242,56.92,12.0,3.024,0.0,5.0,0,0,0,0,0,103.8333333,1,0,1,1.0,2.0,2,2,8,1,0.0,0.0,2,0,0,2.0,3.0,3.505223880597015,0.7092198581560283,0
1243,62.79,49.5,3.11,2.0,7.0,0,G262_N263del,0,0,0,38.43333333,1,0,0,2.0,3.0,2,3,0,0,0.0,0.0,1,0,1,6.0,5.0,4.0873134328358205,1.0860026327336552,0
1244,69.2,40.0,4.08,0.0,5.0,E542K,0,M356V,0,0,216.8666667,1,0,1,2.0,3.0,2,3,7,0,0.0,1.0,2,0,1,6.0,5.0,5.649253731343284,2.054794520547945,1
1245,76.77,20.0,2.04,1.0,2.0,E545K,0,0,0,0,112.46666670000002,1,0,1,2.0,3.0,1,2,3,1,0.0,1.0,2,0,0,6.0,5.0,5.2880597014925375,0.8158825129181398,1
1246,69.59,30.0,3.06,0.0,4.0,H1047L,0,0,0,Q610*,102.0666667,1,0,1,2.0,2.0,1,2,3,1,0.0,0.0,2,0,1,4.0,4.0,4.268656716417911,1.013856032443393,0
1247,70.31,23.0,4.046,3.0,4.0,0,0,X308_splice,R763Cfs*35 V650Cfs*6,0,108.0666667,1,0,1,2.0,2.0,1,2,9,0,0.0,1.0,2,0,0,4.0,4.0,5.836567164179105,0.7588254701418673,1
1248,72.77,30.0,4.06,0.0,5.0,0,M246R,0,0,0,101.0666667,0,0,0,2.0,3.0,2,0,1,2,0.0,0.0,0,1,1,6.0,5.0,5.641791044776119,1.37320720170888,1
1249,41.28,35.0,5.07,1.0,10.0,E545K,R175H,0,0,0,46.16666667,0,1,0,2.0,3.0,2,1,6,3,0.0,1.0,0,0,1,6.0,5.0,6.418656716417911,41.015624999999964,1
1250,72.23,15.0,4.03,0.0,5.0,0,0,0,0,0,202.1,1,0,1,1.0,3.0,1,3,8,0,0.0,0.0,2,0,0,3.0,4.0,4.880597014925373,0.6981073533974557,0
1251,66.12,15.0,3.03,0.0,3.0,0,0,0,0,0,116.46666670000002,1,0,1,1.0,2.0,2,3,4,0,0.0,0.0,2,0,0,2.0,3.0,3.5074626865671643,0.57427258805513,0
1252,46.4,18.0,4.0360000000000005,0.0,7.0,0,0,X308_splice,0,0,199.3,1,0,1,1.0,3.0,2,2,9,1,0.0,0.0,2,0,0,3.0,4.0,4.882835820895522,4.218750000000001,0
1253,76.83,30.0,4.06,0.0,10.0,0,R248W,0,0,0,83.63333333,1,1,0,2.0,3.0,2,3,0,0,0.0,0.0,1,0,1,6.0,5.0,5.641791044776119,1.2218300298669562,1
1254,52.77,15.0,3.03,0.0,6.0,H1047R,0,0,0,0,71.06666667,1,0,1,1.0,2.0,1,2,2,1,0.0,1.0,2,0,0,2.0,3.0,3.5074626865671643,1.1746280344557554,0
1255,47.98,30.0,3.06,0.0,4.0,E545K,0,H434Pfs*73,0,0,186.1333333,1,0,1,2.0,2.0,1,2,3,1,0.0,0.0,2,0,1,4.0,4.0,4.268656716417911,3.759398496240603,0
1256,67.1,35.0,5.07,1.0,7.0,N345K N114S,0,X308_splice,0,0,187.8333333,1,0,1,2.0,3.0,2,2,9,0,0.0,0.0,2,0,1,6.0,5.0,6.418656716417911,1.9372693726937273,1
1257,58.25,40.0,3.08,0.0,10.0,0,P34Vfs*12,0,0,0,167.5,1,0,0,2.0,2.0,2,3,10,0,0.0,0.0,1,0,1,4.0,4.0,4.276119402985074,2.191780821917808,0
1258,40.71,20.0,4.04,0.0,10.0,E545K,H193Y,0,0,0,201.9333333,1,0,0,1.0,3.0,1,6,4,0,0.0,1.0,1,0,0,3.0,4.0,4.884328358208955,30.0,0
1259,60.33,20.0,4.04,0.0,2.0,0,0,0,0,0,60.86666667,1,0,1,1.0,3.0,2,3,7,0,0.0,1.0,2,0,0,3.0,4.0,4.884328358208955,1.4756517461878997,0
1260,72.19,23.0,3.0,0.0,80.0,E545K D1017H,0,M293K R305L,Q965* S413*,0,75.96666667,1,0,0,2.0,2.0,1,1,3,0,0.0,0.0,1,0,0,4.0,4.0,4.246268656716418,0.7145076110593352,0
1261,35.78,18.0,3.036,0.0,5.0,0,0,0,0,0,221.0666667,1,0,1,2.0,2.0,0,5,9,1,0.0,1.0,2,0,0,4.0,4.0,4.259701492537314,18.0,0
1262,47.92,20.0,1.04,0.0,2.0,0,0,0,0,0,99.96666667,1,0,1,1.0,3.0,1,5,4,1,0.0,1.0,2,0,0,3.0,4.0,3.764925373134328,3.787878787878787,0
1263,66.55,40.0,4.08,0.0,6.0,Q546K,0,M293R,W1243C,0,68.76666667,1,0,0,2.0,3.0,2,2,9,0,0.0,0.0,1,0,1,6.0,5.0,5.649253731343284,2.259887005649718,1
1264,45.85,2.0,4.004,0.0,9.0,H1047R,0,0,0,0,77.86666667,1,0,1,2.0,3.0,0,5,0,0,0.0,1.0,2,0,0,6.0,5.0,5.620895522388059,0.5128205128205127,1
1265,55.72,15.0,4.03,0.0,7.0,H1047R,0,0,0,0,79.3,0,0,0,1.0,3.0,1,2,5,1,0.0,0.0,0,1,0,3.0,4.0,4.880597014925373,1.4312977099236641,0
1266,68.18,40.0,6.08,5.0,9.0,0,0,0,I474Ffs*13 L755Vfs*3,0,65.33333333,1,0,1,2.0,3.0,1,2,3,1,0.0,0.0,2,0,1,6.0,5.0,8.395522388059701,2.1291696238466993,2
1267,69.46,20.0,3.04,0.0,5.0,E542K,0,0,0,T318Hfs*3,124.0,1,0,1,1.0,2.0,1,2,3,1,0.0,0.0,2,0,0,2.0,3.0,3.5111940298507465,0.6788866259334693,0
1268,70.1,35.0,4.07,2.0,22.0,E545K M1043I,E285K,M293K,W560*,0,128.4,1,0,0,2.0,2.0,2,3,3,0,0.0,0.0,1,0,1,4.0,4.0,5.445522388059701,1.162790697674419,1
1269,69.42,22.0,3.044,0.0,7.0,0,0,X350_splice,0,0,36.93333333,1,0,1,2.0,2.0,2,2,9,1,0.0,0.0,2,0,0,4.0,4.0,4.262686567164179,0.7477906186267844,0
1270,67.25,15.0,3.03,0.0,4.0,0,0,0,0,0,153.5333333,1,0,1,1.0,2.0,2,3,10,0,0.0,0.0,2,0,0,2.0,3.0,3.5074626865671643,0.5504587155963303,0
1271,82.06,5.0,3.01,0.0,5.0,E545K,R175H,0,0,0,48.43333333,1,1,0,2.0,2.0,1,3,6,0,0.0,1.0,1,0,0,4.0,4.0,4.25,0.11887779362815025,0
1272,70.86,30.0,3.06,0.0,10.0,H1047R,0,0,0,0,208.9666667,1,0,1,2.0,2.0,2,2,3,1,0.0,1.0,2,0,1,4.0,4.0,4.268656716417911,0.9721322099805574,0
1273,31.71,49.5,6.198,5.0,5.0,0,R175H,0,0,0,195.9333333,0,0,1,3.0,3.0,1,0,1,2,0.0,0.0,1,0,1,9.0,6.0,9.18955223880597,50.0,2
1274,60.51,25.0,3.05,0.0,10.0,0,G245D,0,0,0,75.7,0,0,0,2.0,2.0,0,0,1,2,0.0,0.0,0,1,1,4.0,4.0,4.264925373134329,1.218917601170161,0
1275,78.93,40.0,6.08,5.0,7.0,0,R213*,0,0,0,13.8,0,1,0,3.0,3.0,1,6,6,3,0.0,1.0,0,0,1,9.0,6.0,9.145522388059701,1.54122784484973,2
1276,49.63,23.0,6.046,5.0,3.0,0,M246R,0,0,0,84.9,0,0,0,2.0,3.0,2,0,1,2,0.0,1.0,0,1,0,6.0,5.0,8.382835820895522,3.5825545171339557,2
1277,53.35,40.0,5.08,2.0,8.0,Y361C,C176S,0,0,0,16.7,0,0,0,2.0,3.0,2,0,1,2,0.0,1.0,0,1,1,6.0,5.0,6.822388059701492,4.4943820224719095,1
1278,55.53,15.0,2.03,0.0,7.0,0,0,X308_splice,0,0,190.1666667,1,0,1,1.0,3.0,1,2,9,1,0.0,0.0,2,0,0,3.0,4.0,2.134328358208955,0.48293625241468124,0
1279,61.88,30.0,4.06,1.0,4.0,0,0,X308_splice,0,0,149.43333330000002,1,0,1,2.0,2.0,2,2,9,0,0.0,1.0,2,0,1,4.0,4.0,5.041791044776119,1.3711151736745886,1
1280,58.26,15.0,4.03,0.0,7.0,0,0,N331Efs*21,0,0,159.7333333,1,0,0,1.0,3.0,2,2,8,0,0.0,0.0,1,0,0,3.0,4.0,4.880597014925373,1.2322015334063527,0
1281,67.62,25.0,4.05,0.0,5.0,E545K,0,0,0,0,104.7666667,1,0,1,2.0,3.0,0,5,4,1,0.0,1.0,2,0,1,6.0,5.0,5.638059701492537,1.3577118030412743,1
1282,71.4,30.0,3.06,0.0,5.0,H1047R,0,0,0,0,153.3,1,0,0,2.0,2.0,2,2,3,1,0.0,0.0,1,0,1,4.0,4.0,4.268656716417911,0.9554140127388533,0
1283,73.01,27.0,3.054,0.0,8.0,0,0,X308_splice,0,0,57.66666667,1,0,1,2.0,2.0,2,6,4,2,0.0,1.0,2,0,1,4.0,4.0,4.266417910447761,0.8179339594062404,0
1284,50.6,49.5,6.12,5.0,2.0,0,0,0,0,0,37.9,0,1,0,3.0,3.0,2,1,6,3,0.0,1.0,0,0,1,9.0,6.0,9.16044776119403,7.004716981132074,2
1285,79.12,30.0,3.06,5.0,5.0,K111del,R273G,0,0,0,46.53333333,1,0,1,2.0,3.0,1,1,0,0,0.0,1.0,2,0,1,6.0,5.0,7.268656716417911,1.1503067484662575,2
1286,52.13,49.5,6.16,5.0,6.0,H1047R,N239D,0,0,0,43.03333333,0,1,0,3.0,3.0,2,1,5,3,0.0,1.0,0,0,1,9.0,6.0,9.175373134328359,6.12118713932399,2
1287,69.7,15.0,4.03,1.0,6.0,0,0,0,0,0,53.63333333,1,0,1,2.0,2.0,2,3,9,0,0.0,1.0,2,0,0,4.0,4.0,5.030597014925373,0.505050505050505,1
1288,60.96,18.0,4.0360000000000005,0.0,2.0,0,C229Yfs*10,0,0,0,14.16666667,1,0,0,1.0,3.0,1,3,6,3,0.0,1.0,1,0,0,3.0,4.0,4.882835820895522,1.2881679389312977,0
1289,66.58,23.0,4.046,1.0,7.0,P104T,0,0,R60del,0,102.3,1,0,0,2.0,2.0,1,2,2,0,0.0,1.0,1,0,0,4.0,4.0,5.036567164179104,0.8653122648607976,1
1290,31.26,15.0,4.03,0.0,3.0,0,0,0,A1194V,0,226.0666667,0,0,0,1.0,3.0,1,6,5,2,0.0,0.0,0,1,0,3.0,4.0,4.880597014925373,22.5,0
1291,64.01,10.0,3.02,0.0,14.0,H1047R,0,0,0,0,190.1,1,0,1,1.0,2.0,1,2,3,1,0.0,0.0,2,0,0,2.0,3.0,3.503731343283582,0.41649312786339016,0
1292,79.26,48.0,2.096,0.0,8.0,K111E M1043I,0,0,0,Q23*,96.2,1,0,0,2.0,3.0,1,5,4,1,0.0,0.0,1,0,1,6.0,5.0,2.908955223880597,0.6113092205807437,0
1293,66.94,25.0,3.05,0.0,7.0,0,C141*,0,0,0,163.5333333,0,1,0,2.0,2.0,2,1,6,3,0.0,0.0,0,0,1,4.0,4.0,4.264925373134329,0.9279881217520417,0
1294,74.57,49.5,4.1,1.0,3.0,0,0,0,0,0,14.2,1,0,0,2.0,2.0,2,3,0,0,0.0,0.0,1,0,1,4.0,4.0,5.056716417910447,1.4318773503037319,1
1295,64.64,49.5,6.13,5.0,14.0,H1047R,R280T,0,0,D183Tfs*32,45.73333333,1,0,0,3.0,3.0,2,2,2,1,0.0,1.0,1,0,1,9.0,6.0,9.164179104477611,3.0133928571428568,2
1296,70.49,25.0,3.05,0.0,12.0,0,0,0,E265Ifs*35 L1354Tfs*9,0,114.53333329999998,1,0,1,2.0,2.0,2,2,9,1,0.0,0.0,2,0,1,4.0,4.0,4.264925373134329,0.8199409642505741,0
1297,54.69,23.0,3.0460000000000003,0.0,6.0,0,0,0,0,0,124.1333333,1,1,0,2.0,2.0,1,2,2,3,0.0,1.0,1,0,0,4.0,4.0,4.263432835820896,1.56569094622192,0
1298,68.93,18.0,4.0360000000000005,1.0,8.0,Q546R,E204*,0,0,0,98.83333333,1,1,1,2.0,2.0,2,1,6,0,0.0,1.0,2,0,0,4.0,4.0,5.032835820895523,0.6221914967162114,1
1299,78.44,20.0,4.04,0.0,1.0,E545K,0,0,0,0,85.4,1,0,1,1.0,3.0,2,2,10,0,0.0,0.0,2,0,0,3.0,4.0,4.884328358208955,0.7804370447450573,0
1300,41.81,27.0,4.053999999999999,0.0,4.0,0,T125Vfs*23,0,0,0,25.23333333,0,0,0,2.0,3.0,2,0,1,2,0.0,1.0,0,1,1,6.0,5.0,5.63955223880597,22.37569060773478,1
1301,61.24,20.0,4.04,2.0,11.0,H1047R,S215G,0,0,0,51.66666667,1,0,0,2.0,2.0,2,3,0,0,0.0,1.0,1,0,0,4.0,4.0,5.434328358208955,0.9416195856873822,1
1302,71.78,15.0,5.03,2.0,4.0,0,0,0,0,0,195.8666667,1,0,0,2.0,3.0,2,4,3,0,0.0,0.0,1,0,0,6.0,5.0,6.803731343283582,0.7079924480805537,1
1303,56.37,20.0,3.04,0.0,8.0,0,0,0,0,0,250.8333333,1,0,1,1.0,2.0,2,3,2,0,0.0,0.0,2,0,0,2.0,3.0,3.5111940298507465,1.2217470983506415,0
1304,76.87,15.0,4.03,4.0,4.0,E545K,0,0,R763Cfs*35,0,216.0333333,1,0,1,2.0,3.0,1,5,4,1,0.0,1.0,2,0,0,6.0,5.0,5.230597014925372,0.2034174125305126,1
1305,52.09,49.5,5.16,3.0,9.0,0,V173G,0,0,0,194.3,0,0,0,2.0,3.0,2,0,1,1,0.0,0.0,0,1,1,6.0,5.0,7.2522388059701495,6.141439205955333,2
1306,56.89,25.0,5.05,1.0,6.0,0,0,0,0,0,211.9,1,0,1,2.0,3.0,2,3,3,0,0.0,1.0,2,0,1,6.0,5.0,6.411194029850746,2.2202486678507993,1
1307,41.27,15.0,5.03,1.0,3.0,0,I195Sfs*52,0,0,0,169.66666669999998,0,0,0,2.0,3.0,2,6,1,2,0.0,0.0,0,1,0,6.0,5.0,6.4037313432835825,17.71653543307082,1
1308,66.7,25.0,5.05,1.0,3.0,0,0,0,0,A634V,53.63333333,1,0,0,2.0,3.0,2,6,4,2,0.0,1.0,1,0,1,6.0,5.0,6.411194029850746,1.4044943820224718,1
1309,47.35,2.0,4.004,0.0,10.0,0,0,0,0,0,202.1,0,1,0,1.0,3.0,1,5,4,3,0.0,0.0,0,0,0,3.0,4.0,4.870895522388059,0.4081632653061224,0
1310,72.88,49.5,4.114,3.0,3.0,0,0,0,0,0,28.83333333,1,0,0,3.0,2.0,1,2,3,1,0.0,1.0,1,0,1,6.0,5.0,6.611940298507463,1.5054744525547448,1
1311,66.39,49.5,3.14,0.0,10.0,H1047R,0,0,A1396Vfs*21 Y317C,0,161.1333333,1,0,0,3.0,2.0,2,2,9,1,0.0,0.0,1,0,1,6.0,5.0,5.048507462686567,1.8757104964001516,1
1312,76.01,40.0,4.08,1.0,4.0,0,L194R,0,0,0,15.36666667,1,0,1,2.0,2.0,2,2,9,0,0.0,1.0,2,0,1,4.0,4.0,5.049253731343283,1.110802554845876,1
1313,56.89,15.0,4.03,0.0,5.0,0,0,0,0,0,125.76666670000002,1,0,1,1.0,3.0,1,5,3,1,0.0,1.0,2,0,0,3.0,4.0,4.880597014925373,1.3321492007104796,0
1314,79.29,25.0,4.05,2.0,8.0,E545K,0,0,C355Y,0,23.03333333,1,0,1,2.0,2.0,2,2,8,1,0.0,1.0,2,0,1,4.0,4.0,5.438059701492537,0.63629422244846,1
1315,75.56,40.0,5.08,1.0,2.0,H1047R,0,0,0,0,243.1666667,1,0,0,2.0,3.0,2,1,6,3,0.0,0.0,1,0,1,6.0,5.0,6.422388059701493,1.687289088863892,1
1316,77.15,15.0,5.03,1.0,8.0,E545K,0,0,0,0,100.1333333,1,0,1,2.0,3.0,0,5,4,1,0.0,0.0,2,0,0,6.0,5.0,6.4037313432835825,0.6056527590847913,1
1317,66.18,25.0,3.05,0.0,2.0,0,0,0,0,0,39.3,1,0,1,2.0,2.0,2,2,9,1,0.0,1.0,2,0,1,4.0,4.0,4.264925373134329,0.9549274255156606,0
1318,62.55,22.0,4.044,0.0,5.0,0,0,0,0,W4*,119.3,1,0,1,2.0,3.0,1,3,9,0,0.0,0.0,2,0,0,6.0,5.0,5.635820895522388,1.4634146341463417,1
1319,67.13,25.0,5.05,1.0,4.0,Q546R,0,0,0,0,2.5333333330000003,1,0,0,2.0,3.0,0,3,4,1,0.0,0.0,1,0,1,6.0,5.0,6.411194029850746,1.3822336896424625,1
1320,35.14,45.0,6.09,5.0,9.0,E110_R115delinsG,0,0,0,0,102.0,1,0,1,2.0,3.0,2,3,9,1,0.0,1.0,2,0,1,6.0,5.0,8.399253731343283,50.0,2
1321,57.99,45.0,5.09,3.0,6.0,0,R248Q,0,0,0,12.26666667,1,0,0,3.0,3.0,2,0,1,2,0.0,1.0,1,0,1,9.0,6.0,7.976119402985074,3.7520844913841014,2
1322,44.0,49.5,5.1,2.0,8.0,0,E198*,0,0,0,201.8333333,0,1,0,2.0,3.0,1,1,6,3,0.0,1.0,0,0,1,6.0,5.0,6.829850746268656,18.5625,1
1323,69.27,30.0,5.06,4.0,7.0,H1047R,0,V132Rfs*171,F1029Sfs*53 T457Qfs*30,0,116.23333329999998,1,0,1,2.0,2.0,2,2,8,1,0.0,0.0,2,0,1,4.0,4.0,6.614925373134328,1.0249402118209772,1
1324,83.9,49.5,4.15,3.0,5.0,E545G,0,0,0,0,113.6666667,1,0,1,2.0,2.0,1,2,9,1,0.0,1.0,2,0,1,4.0,4.0,5.875373134328358,1.1275626423690204,1
1325,61.05,13.0,3.026,0.0,6.0,0,0,0,0,0,71.16666667,1,0,1,2.0,2.0,2,2,0,0,0.0,0.0,2,0,0,4.0,4.0,4.255970149253731,0.6175771971496438,0
1326,65.86,20.0,3.04,0.0,5.0,Q546R,0,0,0,0,192.2,1,0,1,1.0,2.0,0,3,8,0,0.0,0.0,2,0,0,2.0,3.0,3.5111940298507465,0.7733952049497294,0
1327,69.8,15.0,3.03,0.0,3.0,H1047R,0,0,0,0,146.93333330000002,1,0,1,1.0,2.0,2,2,8,1,0.0,0.0,2,0,0,2.0,3.0,3.5074626865671643,0.5033557046979866,0
1328,64.76,31.0,3.062,0.0,8.0,0,0,0,0,0,124.76666670000002,1,0,1,2.0,2.0,2,2,8,0,0.0,0.0,2,0,1,4.0,4.0,4.269402985074627,1.2520193861066233,0
1329,37.27,13.0,6.026,5.0,5.0,0,L111Afs*11,0,0,0,30.93333333,0,0,0,3.0,3.0,2,0,1,2,0.0,1.0,0,1,0,9.0,6.0,9.125373134328358,19.5,2
1330,57.34,14.0,4.0280000000000005,0.0,10.0,H1047R,M246V,0,0,0,237.2666667,0,0,0,1.0,3.0,2,6,5,2,0.0,0.0,0,1,0,3.0,4.0,4.879850746268657,1.2110726643598615,0
1331,82.72,22.0,3.044,0.0,5.0,0,0,0,0,0,154.0,1,0,1,2.0,2.0,1,3,8,1,0.0,0.0,2,0,0,4.0,4.0,4.262686567164179,0.5149812734082397,0
1332,71.51,14.0,4.0280000000000005,0.0,6.0,H1047R,0,0,0,Q23*,165.16666669999998,1,0,1,1.0,3.0,2,2,3,1,0.0,0.0,2,0,0,3.0,4.0,4.879850746268657,0.6664550936210726,0
1333,61.84,14.0,4.0280000000000005,0.0,9.0,0,Q192*,0,0,Q641*,165.66666669999998,1,0,0,1.0,3.0,1,3,10,0,0.0,0.0,1,0,0,3.0,4.0,4.879850746268657,0.9615384615384615,0
1334,61.16,49.5,4.1,0.0,5.0,E545K,Y163C,0,0,0,172.8666667,1,0,1,2.0,3.0,2,2,3,0,0.0,1.0,2,0,1,6.0,5.0,5.656716417910448,3.5089792060491503,1
1335,71.01,20.0,5.04,4.0,3.0,H1047R,0,0,0,0,213.0,1,0,1,2.0,2.0,2,2,4,1,0.0,0.0,2,0,0,4.0,4.0,6.607462686567164,0.6449532408900354,1
1336,73.1,22.0,2.044,2.0,6.0,E542K,0,0,0,R48Efs*14,106.8,1,0,0,2.0,3.0,0,2,3,1,0.0,1.0,1,0,0,6.0,5.0,5.68955223880597,0.9969788519637464,1
1337,75.42,12.0,3.024,0.0,3.0,G118D T957P,0,0,Q1199*,0,70.16666667,1,0,1,1.0,2.0,1,2,8,1,0.0,0.0,2,0,0,2.0,3.0,3.505223880597015,0.3387916431394692,0
1338,81.76,16.0,3.032,0.0,5.0,E545K,0,D335Gfs*17,0,0,107.76666670000002,1,0,1,1.0,2.0,2,2,8,0,0.0,0.0,2,0,0,2.0,3.0,3.5082089552238807,0.38314176245210724,0
1339,85.94,25.0,5.05,5.0,1.0,0,0,0,0,0,95.73333333,1,0,1,2.0,2.0,2,2,9,1,0.0,0.0,2,0,1,4.0,4.0,7.011194029850746,0.544188071397475,2
1340,81.57,35.0,4.07,3.0,11.0,0,0,0,R364W,0,74.73333333,1,0,1,2.0,2.0,2,2,9,0,0.0,1.0,2,0,1,4.0,4.0,5.845522388059702,0.8419533317296128,1
1341,64.43,25.0,5.05,2.0,6.0,0,0,0,0,0,117.6,1,0,0,2.0,3.0,2,6,3,0,0.0,0.0,1,0,1,6.0,5.0,6.811194029850746,1.5349979533360618,1
1342,80.48,30.0,3.06,5.0,6.0,H1047R,0,0,0,0,97.43333333,1,0,1,2.0,3.0,2,3,10,1,0.0,1.0,2,0,1,6.0,5.0,7.268656716417911,1.1116600790513833,2
1343,36.03,1.0,4.002,0.0,9.0,0,0,X308_splice,0,0,205.6,1,0,1,1.0,3.0,0,2,9,1,0.0,0.0,2,0,0,3.0,4.0,4.870149253731343,1.5,0
1344,65.48,16.0,3.032,0.0,6.0,0,0,0,0,0,101.4,0,0,0,1.0,2.0,1,6,4,2,0.0,0.0,0,1,0,2.0,3.0,3.5082089552238807,0.6279434850863421,0
1345,51.62,22.0,6.044,5.0,9.0,H1047R,K132E,0,0,0,198.1333333,0,1,0,2.0,3.0,2,1,6,3,0.0,0.0,0,0,0,6.0,5.0,8.382089552238806,2.839931153184166,2
1346,66.45,30.0,4.06,0.0,7.0,H1047R,0,0,0,E739Kfs*32,202.7666667,1,0,1,2.0,3.0,2,2,9,1,0.0,0.0,2,0,1,6.0,5.0,5.641791044776119,1.7013232514177692,1
1347,43.61,18.0,5.0360000000000005,1.0,6.0,0,H179L,0,0,0,26.0,0,1,0,2.0,3.0,2,1,6,3,0.0,1.0,0,0,0,6.0,5.0,6.405970149253732,7.4792243767313025,1
1348,51.87,14.0,3.028,0.0,10.0,H1047R R108H,0,0,0,0,220.2333333,1,0,1,1.0,2.0,2,2,3,1,0.0,0.0,2,0,0,2.0,3.0,3.5067164179104475,1.1794439764111206,0
1349,61.14,25.0,5.05,1.0,2.0,0,H193L,0,0,0,140.6,1,1,0,2.0,3.0,2,3,10,3,0.0,0.0,1,0,1,6.0,5.0,6.411194029850746,1.7738883632923366,1
1350,45.8,49.5,6.12,4.0,10.0,H1047R,F54Kfs*67,0,0,0,107.0666667,0,1,0,3.0,3.0,2,1,6,3,0.0,0.0,0,0,1,9.0,6.0,8.76044776119403,12.801724137931041,2
1351,64.15,25.0,5.05,1.0,4.0,E545K,0,0,0,T578Nfs*10,207.1666667,1,1,1,2.0,3.0,2,3,6,3,0.0,0.0,2,0,1,6.0,5.0,6.411194029850746,1.5527950310559002,1
1352,71.49,20.0,4.04,0.0,5.0,0,0,0,0,0,193.9,1,1,0,1.0,3.0,0,0,6,3,0.0,0.0,1,0,0,3.0,4.0,4.884328358208955,0.9526833915528741,0
1353,68.0,20.0,4.04,0.0,4.0,0,C242Y,0,0,0,194.5666667,0,0,0,1.0,3.0,2,0,1,2,0.0,0.0,0,1,0,3.0,4.0,4.884328358208955,1.0714285714285714,0
1354,47.14,32.0,2.064,0.0,6.0,N345K,0,0,0,Y228*,46.06666667,1,0,1,2.0,3.0,1,2,7,1,0.0,1.0,2,0,1,6.0,5.0,2.897014925373134,2.2408963585434174,0
1355,66.42,13.0,3.026,0.0,4.0,H1047R,0,0,0,D198Efs*18,83.53333333,1,0,1,1.0,2.0,1,2,2,1,0.0,1.0,2,0,0,2.0,3.0,3.505970149253731,0.49205147615442846,0
1356,67.59,40.0,4.08,3.0,7.0,H1047R R108H,0,0,0,N613Mfs*16,49.46666667,1,0,1,2.0,2.0,2,2,8,1,0.0,1.0,2,0,1,4.0,4.0,5.849253731343284,1.4498006524102933,1
1357,53.69,25.0,6.05,5.0,4.0,0,X187_splice,0,A671V,0,34.63333333,0,1,1,2.0,3.0,0,0,1,3,0.0,1.0,1,0,1,6.0,5.0,8.384328358208954,2.7392257121986856,2
1358,83.68,25.0,3.05,0.0,6.0,0,K120E,0,0,0,155.7333333,0,0,0,2.0,2.0,1,0,10,2,0.0,0.0,0,1,1,4.0,4.0,4.264925373134329,0.5723443223443223,0
1359,55.36,15.0,3.03,0.0,5.0,H1047R,0,0,0,0,150.4666667,1,0,1,1.0,2.0,0,2,4,1,0.0,0.0,2,0,0,2.0,3.0,3.5074626865671643,0.9765625,0
1360,86.04,20.0,3.04,0.0,4.0,0,0,0,0,0,30.7,1,0,0,1.0,2.0,2,2,4,1,0.0,0.0,1,0,0,2.0,3.0,3.5111940298507465,0.4344048653344917,0
1361,49.91,15.0,3.03,0.0,9.0,0,A83Pfs*35,0,0,0,15.86666667,1,0,1,1.0,2.0,0,6,4,2,0.0,1.0,2,0,0,2.0,3.0,3.5074626865671643,1.5136226034308784,0
1362,61.0,22.0,4.044,1.0,3.0,0,0,0,E478*,0,98.5,1,0,1,2.0,2.0,2,2,8,0,0.0,0.0,2,0,0,4.0,4.0,5.035820895522388,1.0476190476190477,1
1363,69.37,30.0,3.06,0.0,4.0,0,0,0,0,0,176.3666667,1,0,1,2.0,2.0,2,2,8,0,0.0,1.0,2,0,1,4.0,4.0,4.268656716417911,1.0214504596527068,0
1364,71.07,49.5,5.11,1.0,18.0,P447_L455del,0,0,0,0,45.16666667,1,0,1,3.0,3.0,0,3,10,0,0.0,1.0,2,0,1,9.0,6.0,7.183582089552239,2.389765046668813,2
1365,77.09,25.0,1.05,0.0,2.0,0,0,0,0,0,104.0,1,0,1,2.0,3.0,1,3,10,0,0.0,0.0,2,0,1,6.0,5.0,4.518656716417911,1.011054192504718,0
1366,49.05,18.0,5.0360000000000005,1.0,8.0,0,N239D,0,0,0,196.6333333,0,0,0,2.0,3.0,2,6,1,2,0.0,0.0,0,1,0,6.0,5.0,6.405970149253732,2.9834254143646417,1
1367,90.08,35.0,4.07,0.0,12.0,H1047L,C135F,0,0,0,9.7,0,1,0,3.0,3.0,1,1,5,1,0.0,0.0,0,0,1,9.0,6.0,6.395522388059701,1.0483226837060702,1
1368,44.93,35.0,5.07,2.0,4.0,0,R249G,0,0,0,205.8,0,0,1,2.0,3.0,2,0,1,2,0.0,0.0,1,0,1,6.0,5.0,6.818656716417911,10.649087221095336,1
1369,49.58,15.0,2.03,0.0,6.0,0,0,X308_splice,0,0,240.4333333,1,0,1,2.0,3.0,0,2,8,1,0.0,0.0,2,0,0,6.0,5.0,2.884328358208955,0.7828810020876829,0
1370,51.25,25.0,5.05,1.0,7.0,R88Q C420R,0,0,H832Q,0,162.83333330000002,0,0,0,2.0,3.0,1,1,5,2,0.0,1.0,0,1,1,6.0,5.0,6.411194029850746,3.3333333333333335,1
1371,68.1,12.0,3.024,5.0,6.0,0,0,0,0,0,148.8666667,1,0,1,3.0,3.0,0,3,7,0,0.0,1.0,2,0,0,9.0,6.0,8.005223880597015,0.6405693950177938,2
1372,38.92,12.0,4.024,0.0,6.0,0,C141Y,0,0,0,190.2,0,0,0,1.0,3.0,0,6,1,2,0.0,0.0,0,1,0,3.0,4.0,4.878358208955223,18.0,0
1373,43.44,15.0,3.03,0.0,11.0,E542K,0,X308_splice,0,0,189.9,1,0,1,1.0,2.0,1,2,9,1,0.0,0.0,2,0,0,2.0,3.0,3.5074626865671643,4.360465116279073,0
1374,66.2,18.0,4.0360000000000005,3.0,6.0,H1047R,0,0,0,0,16.16666667,1,0,1,2.0,2.0,1,2,2,1,0.0,0.0,2,0,0,4.0,4.0,5.832835820895522,0.6870229007633587,1
1375,36.99,30.0,5.06,3.0,9.0,E545K,0,0,0,0,57.3,0,0,1,2.0,3.0,0,5,5,2,0.0,1.0,1,0,1,6.0,5.0,7.214925373134328,45.0,2
1376,55.57,30.0,6.06,4.0,6.0,0,R282W,0,0,0,50.66666667,1,0,0,2.0,3.0,1,3,1,0,0.0,1.0,1,0,1,6.0,5.0,7.988059701492537,2.8901734104046244,2
1377,73.24,10.0,4.02,2.0,9.0,0,0,0,0,0,61.8,1,0,0,2.0,2.0,1,2,4,1,0.0,0.0,1,0,0,4.0,4.0,5.4268656716417905,0.3008423586040915,1
1378,52.57,16.0,3.032,0.0,8.0,0,0,0,0,0,164.56666669999998,1,0,1,1.0,2.0,1,2,3,1,0.0,1.0,2,0,0,2.0,3.0,3.5082089552238807,1.2728719172633254,0
1379,54.96,25.0,5.05,1.0,7.0,H1047R,E285K,0,0,0,183.4333333,0,1,0,2.0,3.0,0,0,6,3,0.0,0.0,0,0,1,6.0,5.0,6.411194029850746,2.5066844919786093,1
1380,64.07,20.0,5.04,1.0,3.0,0,0,0,0,0,90.8,1,1,0,2.0,3.0,1,3,6,3,0.0,1.0,1,0,0,6.0,5.0,6.407462686567165,1.246364769422518,1
1381,71.91,48.0,3.096,5.0,3.0,0,0,0,0,X11_splice,58.13333333,1,0,1,2.0,3.0,2,3,10,0,0.0,0.0,2,0,1,6.0,5.0,7.282089552238806,2.2563459730492013,2
1382,65.58,18.0,2.036,2.0,3.0,0,0,0,0,0,116.53333329999998,1,0,1,2.0,3.0,1,2,4,1,0.0,0.0,2,0,0,6.0,5.0,5.686567164179104,1.055512118842846,1
1383,69.83,25.0,4.05,0.0,7.0,0,R213*,0,0,0,18.8,0,0,0,2.0,3.0,0,0,1,2,0.0,1.0,0,1,1,6.0,5.0,5.638059701492537,1.2571237009721759,1
1384,48.1,25.0,5.05,1.0,5.0,0,S106Rfs*41,0,0,0,99.36666667,0,1,0,2.0,3.0,2,0,1,2,0.0,0.0,0,0,1,6.0,5.0,6.411194029850746,4.629629629629629,1
1385,48.07,23.0,2.0,0.0,6.0,H1047R G106R,0,0,0,S232Lfs*12,42.06666667,1,0,1,2.0,3.0,1,0,10,0,0.0,1.0,2,0,0,6.0,5.0,2.873134328358209,1.4250309789343245,0
1386,67.54,13.0,4.026,0.0,10.0,E545D,R248Q,0,0,0,185.7666667,1,0,0,1.0,3.0,1,2,3,0,0.0,0.0,1,0,0,3.0,4.0,4.87910447761194,0.7080610021786491,0
1387,74.78,25.0,3.05,0.0,3.0,E542K,0,0,0,0,19.56666667,1,0,1,2.0,2.0,2,2,9,1,0.0,1.0,2,0,1,4.0,4.0,4.264925373134329,0.718803910293272,0
1388,72.61,35.0,6.07,5.0,3.0,E542K,0,0,0,0,125.9,1,0,1,2.0,3.0,2,2,3,1,0.0,0.0,2,0,1,6.0,5.0,8.39179104477612,1.6099356025758969,2
1389,46.26,35.0,5.07,1.0,9.0,0,L111P,0,0,0,226.7,0,1,0,2.0,3.0,1,6,6,3,0.0,0.0,0,0,1,6.0,5.0,6.418656716417911,8.386581469648565,1
1390,73.55,23.0,4.046,3.0,4.0,0,0,R366G,0,0,2.5333333330000003,1,0,1,2.0,2.0,2,3,2,1,0.0,0.0,2,0,0,4.0,4.0,5.836567164179105,0.6855439642324889,1
1391,59.02,35.0,3.07,0.0,5.0,0,0,0,0,0,110.46666670000002,1,0,1,2.0,2.0,2,3,3,0,0.0,0.0,2,0,1,4.0,4.0,4.272388059701492,1.8401682439537326,0
1392,72.23,20.0,6.04,5.0,3.0,H1047R,0,0,0,0,34.3,1,0,0,3.0,3.0,1,2,3,1,0.0,0.0,1,0,0,9.0,6.0,9.130597014925373,0.930809804529941,2
1393,57.62,30.0,5.06,1.0,4.0,E542K,E298*,0,0,0,46.36666667,1,0,0,2.0,3.0,2,3,7,0,0.0,1.0,1,0,1,6.0,5.0,6.414925373134329,2.5539160045402953,1
1394,40.75,16.0,5.032,2.0,6.0,H1047R E365K,R337C,0,0,0,17.66666667,1,0,0,2.0,3.0,1,0,1,2,0.0,1.0,1,0,0,6.0,5.0,6.804477611940298,24.0,1
1395,44.5,25.0,5.05,5.0,13.0,H1047R,R248W,0,0,0,42.43333333,0,1,0,2.0,2.0,2,1,6,3,0.0,1.0,0,0,1,4.0,4.0,7.011194029850746,5.555555555555555,2
1396,47.3,20.0,3.04,0.0,7.0,H1047R,0,0,0,E336=,238.5,1,0,1,1.0,2.0,1,2,8,1,0.0,0.0,2,0,0,2.0,3.0,3.5111940298507465,2.7397260273972615,0
1397,80.08,30.0,5.06,2.0,2.0,0,0,0,0,0,31.8,1,0,0,2.0,3.0,1,3,10,0,0.0,0.0,1,0,1,6.0,5.0,6.814925373134328,1.122754491017964,1
1398,75.65,25.0,4.05,0.0,13.0,P539R Q546P,0,0,0,0,123.3,1,0,1,2.0,3.0,2,3,10,0,0.0,1.0,2,0,1,6.0,5.0,5.638059701492537,1.0518934081346423,1
1399,53.6,15.0,3.03,0.0,3.0,H1047R,0,0,0,0,216.9666667,1,0,1,1.0,2.0,2,2,3,1,0.0,0.0,2,0,0,2.0,3.0,3.5074626865671643,1.102941176470588,0
1400,65.31,40.0,3.08,0.0,5.0,0,0,0,0,0,51.2,1,0,1,2.0,2.0,2,2,9,1,0.0,1.0,2,0,1,4.0,4.0,4.276119402985074,1.5804030027657052,0
1401,72.25,49.5,4.13,0.0,10.0,H1047R,0,0,0,0,65.83333333,1,0,1,2.0,3.0,1,3,9,0,0.0,1.0,2,0,1,6.0,5.0,5.667910447761194,2.302325581395349,1
1402,74.28,49.5,6.102,5.0,8.0,0,0,0,0,Q503*,23.36666667,1,0,0,2.0,3.0,0,2,3,1,0.0,1.0,1,0,1,6.0,5.0,8.403731343283582,2.1659859976662776,2
1403,69.84,49.5,4.102,0.0,9.0,R93L,G262Efs*9,0,0,D819Tfs*25,57.23333333,1,0,0,2.0,3.0,2,3,2,0,0.0,1.0,1,0,1,6.0,5.0,5.657462686567165,2.4882707774798924,1
1404,42.64,20.0,3.04,0.0,9.0,E545K,0,0,0,0,228.8,1,0,1,2.0,2.0,2,2,4,1,0.0,0.0,2,0,0,4.0,4.0,4.2611940298507465,7.575757575757574,0
1405,69.56,20.0,3.04,0.0,6.0,0,0,0,0,0,237.5,1,0,1,1.0,2.0,1,3,0,0,0.0,0.0,2,0,0,2.0,3.0,3.5111940298507465,0.6765899864682002,0
1406,64.1,15.0,4.03,0.0,6.0,0,V197Gfs*50,0,0,0,225.1666667,1,0,0,1.0,3.0,1,1,0,3,0.0,0.0,1,0,0,3.0,4.0,4.880597014925373,0.9336099585062243,0
1407,65.5,20.0,2.04,0.0,5.0,E110_I112delinsD,0,0,0,0,123.73333329999998,1,0,1,1.0,3.0,2,2,4,1,0.0,0.0,2,0,0,3.0,4.0,2.138059701492537,0.39215686274509803,0
1408,51.62,28.0,3.056,0.0,7.0,E545K,A159D,0,0,0,189.7333333,1,0,1,2.0,2.0,2,3,8,0,0.0,0.0,2,0,1,4.0,4.0,4.267164179104477,2.409638554216868,0
1409,74.26,15.0,3.03,0.0,7.0,E545K,0,0,0,0,164.6,1,0,1,1.0,2.0,1,3,3,0,0.0,1.0,2,0,0,2.0,3.0,3.5074626865671643,0.4378283712784588,0
1410,75.73,35.0,4.07,0.0,10.0,G1049R,0,0,L515Efs*41,0,103.1,1,0,1,2.0,3.0,1,2,3,1,0.0,1.0,2,0,1,6.0,5.0,5.645522388059701,1.4693534844668346,1
1411,54.18,20.0,4.04,0.0,13.0,H1047R E81A,C238Y,0,E581Q,0,158.9666667,0,0,1,1.0,3.0,2,1,1,2,0.0,0.0,1,0,0,3.0,4.0,4.884328358208955,2.1156558533145278,0
1412,86.55,29.0,5.058,4.0,7.0,H1047R,R209Kfs*6,0,0,0,36.63333333,1,0,1,2.0,2.0,0,0,7,0,0.0,1.0,2,0,1,4.0,4.0,6.6141791044776115,0.6229860365198712,1
1413,63.45,20.0,4.04,1.0,1.0,0,0,0,0,0,182.9,1,0,1,2.0,2.0,2,2,4,1,0.0,0.0,2,0,0,4.0,4.0,5.034328358208955,0.8528784648187632,1
1414,72.39,20.0,5.04,1.0,4.0,0,G374Afs*43,0,0,0,30.86666667,1,0,1,2.0,3.0,2,3,4,0,0.0,1.0,2,0,0,6.0,5.0,6.407462686567165,0.9262117937635073,1
1415,72.61,45.0,4.09,1.0,7.0,0,0,0,0,0,169.2333333,1,0,1,2.0,2.0,2,2,9,0,0.0,0.0,2,0,1,4.0,4.0,5.052985074626865,1.3799448022079117,1
1416,38.49,25.0,6.05,4.0,5.0,H1047R,C141Y,0,0,0,16.3,1,0,0,2.0,3.0,2,2,8,0,0.0,1.0,1,0,1,6.0,5.0,7.984328358208955,37.5,2
1417,69.27,45.0,4.09,0.0,10.0,E545K,0,M293K,0,0,124.8,1,0,0,2.0,3.0,2,3,4,0,0.0,0.0,1,0,1,6.0,5.0,5.652985074626866,2.306115476597199,1
1418,63.2,28.0,4.056,0.0,9.0,H1047R,R248Q,G431Wfs*46,0,0,2.0,1,0,0,2.0,3.0,1,3,8,0,0.0,0.0,1,0,1,6.0,5.0,5.640298507462687,1.8103448275862064,1
1419,45.42,20.0,4.04,0.0,10.0,V146I,R273C,0,0,0,151.06666669999998,0,0,0,1.0,3.0,2,0,1,2,0.0,0.0,0,1,0,3.0,4.0,4.884328358208955,5.535055350553504,0
1420,53.48,11.0,5.022,5.0,3.0,H1047R,0,0,0,0,180.5666667,0,1,0,2.0,2.0,2,6,5,2,0.0,0.0,0,0,0,4.0,4.0,7.000746268656716,0.8160237388724038,2
1421,40.21,35.0,5.07,2.0,5.0,0,C275Lfs*70,0,0,0,14.8,0,0,0,2.0,3.0,2,0,1,2,0.0,1.0,0,1,1,6.0,5.0,6.818656716417911,50.0,1
1422,50.61,25.0,5.05,2.0,6.0,0,0,0,0,0,185.9333333,1,0,1,2.0,3.0,0,0,8,0,0.0,0.0,2,0,1,6.0,5.0,6.811194029850746,3.5344015080113103,1
1423,66.56,15.0,3.03,0.0,7.0,0,R333Vfs*12,0,0,0,183.9666667,0,0,0,1.0,2.0,2,6,1,2,0.0,0.0,0,1,0,2.0,3.0,3.5074626865671643,0.5647590361445782,0
1424,69.66,30.0,4.06,2.0,3.0,0,0,0,0,0,79.86666667,1,0,0,2.0,2.0,2,2,8,0,0.0,1.0,1,0,1,4.0,4.0,5.441791044776119,1.0114632501685774,1
1425,71.64,20.0,5.04,1.0,7.0,H1047R,E171*,0,0,0,158.0333333,1,0,1,2.0,3.0,0,5,0,1,0.0,0.0,2,0,0,6.0,5.0,6.407462686567165,0.9481668773704173,1
1426,80.09,25.0,5.05,5.0,4.0,E545K,0,0,0,0,79.1,1,0,0,3.0,2.0,1,6,4,2,0.0,1.0,1,0,1,6.0,5.0,7.761194029850746,0.6235969069593414,2
1427,49.87,22.0,6.044,4.0,5.0,0,X261_splice,0,0,0,120.1333333,0,1,0,2.0,3.0,2,1,6,3,0.0,1.0,0,0,0,6.0,5.0,7.982089552238805,3.343465045592706,2
1428,76.53,20.0,6.04,4.0,7.0,0,P278S P278L,0,0,0,48.43333333,1,1,0,2.0,3.0,2,3,0,0,0.0,1.0,1,0,0,6.0,5.0,7.980597014925372,0.8212428141253763,2
1429,60.13,20.0,3.04,0.0,4.0,0,0,0,0,0,200.1333333,1,0,1,1.0,2.0,1,2,4,1,0.0,0.0,2,0,0,2.0,3.0,3.5111940298507465,0.9935419771485344,0
1430,79.11,40.0,4.08,0.0,8.0,E545K,Y107_F109del,0,0,0,34.43333333,1,0,1,2.0,3.0,0,2,3,1,0.0,0.0,2,0,1,6.0,5.0,5.649253731343284,1.534134492457172,1
1431,43.08,30.0,5.06,1.0,5.0,0,I255T,0,0,0,98.56666667,0,0,0,2.0,3.0,1,0,1,2,0.0,0.0,0,1,1,6.0,5.0,6.414925373134329,14.610389610389618,1
1432,62.43,49.5,4.1,0.0,3.0,0,P278R,0,0,0,25.33333333,0,0,0,2.0,3.0,2,6,1,2,0.0,0.0,0,1,1,6.0,5.0,5.656716417910448,3.3102987070887204,1
1433,54.83,20.0,4.04,2.0,6.0,0,D281H,0,0,0,88.93333333,0,1,0,2.0,2.0,1,1,0,2,0.0,1.0,0,0,0,4.0,4.0,5.434328358208955,1.3486176668914365,1
1434,84.3,26.0,3.052,0.0,3.0,0,0,0,0,0,171.3,1,0,1,2.0,2.0,1,2,3,0,0.0,0.0,2,0,1,4.0,4.0,4.2656716417910445,0.5869074492099323,0
1435,67.24,27.0,4.053999999999999,0.0,8.0,0,R213*,0,0,0,182.2333333,0,0,0,2.0,3.0,1,0,1,2,0.0,0.0,0,1,1,6.0,5.0,5.63955223880597,1.4867841409691631,1
1436,69.77,40.0,2.08,2.0,4.0,0,0,0,0,0,34.7,1,0,1,2.0,3.0,1,3,7,0,0.0,1.0,2,0,1,6.0,5.0,5.7029850746268655,2.015451797111186,1
1437,70.52,30.0,3.06,0.0,5.0,E545K,0,0,0,0,154.5,1,0,1,2.0,2.0,0,3,2,0,0.0,0.0,2,0,1,4.0,4.0,4.268656716417911,0.9829619921363042,0
1438,57.75,26.0,2.052,0.0,5.0,E545K,0,0,0,H233Qfs*11,229.8333333,1,0,1,2.0,3.0,1,2,2,0,0.0,0.0,2,0,1,6.0,5.0,2.892537313432836,0.7323943661971831,0
1439,53.56,20.0,4.04,0.0,9.0,0,0,F409Sfs*7 P408Sfs*8,0,0,225.4,1,0,0,1.0,3.0,2,3,0,0,0.0,0.0,1,0,0,3.0,4.0,4.884328358208955,2.212389380530973,0
1440,35.13,49.5,5.15,1.0,9.0,H1047R,G266V,0,0,0,25.03333333,0,1,1,3.0,3.0,0,0,6,3,0.0,0.0,1,0,1,9.0,6.0,7.1985074626865675,50.0,2
1441,42.12,48.0,5.096,1.0,4.0,0,R280G,0,0,0,18.83333333,1,0,1,2.0,3.0,0,0,1,2,0.0,1.0,2,0,1,6.0,5.0,6.428358208955224,33.96226415094344,1
1442,44.05,15.0,3.03,0.0,2.0,0,R175H,0,0,0,186.6,0,0,0,1.0,2.0,1,0,1,2,0.0,0.0,0,1,0,2.0,3.0,3.5074626865671643,3.7037037037037064,0
1443,73.93,15.0,3.03,0.0,2.0,0,0,0,0,0,102.9666667,1,0,1,1.0,2.0,1,3,2,0,0.0,0.0,2,0,0,2.0,3.0,3.5074626865671643,0.4420866489832006,0
1444,76.3,15.0,3.03,0.0,7.0,0,0,0,0,E497Rfs*25,117.6666667,1,0,0,1.0,2.0,0,2,3,1,0.0,0.0,1,0,0,2.0,3.0,3.5074626865671643,0.4132231404958678,0
1445,64.27,30.0,5.06,2.0,3.0,0,N200Ifs*47,0,0,0,194.1,0,0,1,2.0,3.0,2,6,1,2,0.0,0.0,1,0,1,6.0,5.0,6.814925373134328,1.8541409147095185,1
1446,38.44,32.0,6.064,5.0,3.0,0,R282Pfs*62,0,0,0,234.4,0,0,0,2.0,3.0,2,0,1,2,0.0,0.0,0,1,1,6.0,5.0,8.38955223880597,48.0,2
1447,74.95,20.0,3.04,0.0,5.0,E545K,0,G360Dfs*8,0,0,178.56666669999998,1,0,1,1.0,2.0,1,2,3,1,0.0,0.0,2,0,0,2.0,3.0,3.5111940298507465,0.5722460658082975,0
1448,78.84,25.0,4.05,1.0,5.0,0,0,0,0,0,153.8666667,1,0,1,2.0,2.0,2,2,8,1,0.0,1.0,2,0,1,4.0,4.0,5.0380597014925375,0.6436663233779608,1
1449,47.88,15.0,4.03,0.0,2.0,0,0,0,0,0,178.6333333,0,0,0,1.0,3.0,2,6,1,2,0.0,0.0,0,1,0,3.0,4.0,4.880597014925373,2.8553299492385777,0
1450,52.63,20.0,3.04,0.0,3.0,0,0,0,0,0,117.6666667,1,0,1,1.0,2.0,2,3,0,0,0.0,0.0,2,0,0,2.0,3.0,3.5111940298507465,1.5835312747426757,0
1451,67.79,20.0,4.04,0.0,10.0,0,0,0,0,0,194.0,1,0,1,1.0,3.0,1,3,0,0,0.0,0.0,2,0,0,3.0,4.0,4.884328358208955,1.0795250089960415,0
1452,68.64,49.5,6.12,5.0,9.0,0,V216M,0,0,0,55.4,0,0,0,3.0,3.0,2,6,3,0,0.0,1.0,0,1,1,9.0,6.0,9.16044776119403,2.592527932960894,2
1453,68.82,30.0,6.06,4.0,5.0,E545K,0,0,0,R749Pfs*24,90.6,1,0,1,2.0,3.0,1,2,2,1,0.0,1.0,2,0,1,6.0,5.0,7.988059701492537,1.5614156835530886,2
1454,75.28,25.0,3.05,0.0,9.0,H1047R,0,0,0,0,71.63333333,1,0,1,2.0,2.0,1,2,4,1,0.0,0.0,2,0,1,4.0,4.0,4.264925373134329,0.7086167800453514,0
1455,46.43,10.0,3.02,0.0,6.0,H1047R P104L,0,0,0,0,222.3333333,1,0,1,1.0,2.0,1,2,3,1,0.0,0.0,2,0,0,2.0,3.0,3.503731343283582,1.5552099533437014,0
1456,50.75,16.0,3.032,0.0,3.0,0,0,0,0,0,111.3666667,1,0,1,1.0,2.0,1,2,8,1,0.0,0.0,2,0,0,2.0,3.0,3.5082089552238807,1.4883720930232558,0
1457,69.55,20.0,4.04,0.0,23.0,H1047R,P301Qfs*44,H433Nfs*43,0,0,91.1,1,0,0,1.0,3.0,2,1,0,0,0.0,0.0,1,0,0,3.0,4.0,4.884328358208955,1.0152284263959392,0
1458,66.55,18.0,5.0360000000000005,2.0,3.0,0,R248W,0,0,0,81.13333333,1,0,0,2.0,3.0,1,6,4,2,0.0,1.0,1,0,0,6.0,5.0,6.8059701492537314,1.016949152542373,1
1459,70.86,20.0,3.04,0.0,5.0,H1047R,0,0,0,0,185.1333333,1,0,1,2.0,2.0,2,2,9,1,0.0,0.0,2,0,0,4.0,4.0,4.2611940298507465,0.6480881399870383,0
1460,64.93,26.0,4.052,0.0,12.0,E545K,S127F,0,0,0,17.83333333,1,0,1,2.0,3.0,1,3,4,0,0.0,0.0,2,0,1,6.0,5.0,5.638805970149253,1.564380264741275,1
1461,46.28,15.0,3.03,0.0,14.0,E542K,0,0,Q1199* I761Mfs*38,0,155.3666667,1,0,1,2.0,2.0,1,2,3,1,0.0,0.0,2,0,0,4.0,4.0,4.257462686567164,2.3885350318471334,0
1462,66.01,20.0,3.04,0.0,11.0,H1047R,0,W328*,0,P260T,26.33333333,1,0,1,2.0,2.0,0,3,9,0,0.0,0.0,2,0,0,4.0,4.0,4.2611940298507465,0.7689350249903881,0
1463,40.53,35.0,5.07,1.0,11.0,H1047R,-125fs,0,0,0,92.5,0,1,0,2.0,3.0,0,1,6,3,0.0,1.0,0,0,1,6.0,5.0,6.418656716417911,50.0,1
1464,54.27,30.0,5.06,5.0,11.0,0,0,0,0,0,167.93333330000002,1,0,1,2.0,2.0,1,2,3,1,0.0,1.0,2,0,1,4.0,4.0,7.014925373134329,2.1023125437981776,2
1465,75.38,30.0,4.06,1.0,8.0,0,0,0,0,0,32.73333333,1,0,1,2.0,2.0,1,2,3,1,0.0,0.0,2,0,1,4.0,4.0,5.041791044776119,0.8479366873940081,1
1466,62.88,20.0,4.04,3.0,5.0,H1047R P104R,0,0,S1077Qfs*5 N1374S,0,224.8666667,1,0,1,2.0,2.0,2,2,8,1,0.0,0.0,2,0,0,4.0,4.0,5.834328358208955,0.8741258741258741,1
1467,61.73,16.0,4.032,3.0,5.0,E545K,0,0,0,0,214.8,1,0,0,2.0,2.0,2,2,3,1,0.0,0.0,1,0,0,4.0,4.0,5.83134328358209,0.7363092498849518,1
1468,39.7,40.0,6.08,5.0,5.0,0,W91* P92T,0,0,0,224.4333333,0,0,0,2.0,3.0,2,0,1,2,0.0,0.0,0,1,1,6.0,5.0,8.395522388059701,50.0,2
1469,70.79,20.0,4.04,2.0,2.0,H1047R,0,0,0,0,171.6333333,1,0,0,2.0,2.0,2,2,2,1,0.0,0.0,1,0,0,4.0,4.0,5.434328358208955,0.6495615459564792,1
1470,66.88,25.0,4.05,2.0,5.0,0,0,0,S1472Ifs*51,0,145.6333333,1,0,1,2.0,2.0,2,3,0,0,0.0,0.0,2,0,1,4.0,4.0,5.438059701492537,0.930059523809524,1
1471,40.37,25.0,3.05,0.0,4.0,0,0,0,0,0,123.7,1,0,1,2.0,2.0,2,3,3,0,0.0,0.0,2,0,1,4.0,4.0,4.264925373134329,25.0,0
1472,80.21,49.5,4.1,1.0,7.0,0,Y205_T211del,0,0,0,212.3666667,1,0,1,3.0,2.0,2,3,1,0,0.0,0.0,2,0,1,6.0,5.0,5.806716417910448,1.2310370554588412,1
1473,62.87,17.0,4.034,0.0,9.0,H1047R,X187_splice,0,0,0,116.4333333,1,0,1,1.0,3.0,0,2,10,1,0.0,1.0,2,0,0,3.0,4.0,4.882089552238806,1.1149978137297771,0
1474,41.53,20.0,6.04,4.0,3.0,0,Y220C,0,0,0,180.6333333,0,0,0,2.0,3.0,1,6,1,2,0.0,0.0,0,1,0,6.0,5.0,7.980597014925372,19.60784313725489,2
1475,81.63,32.0,4.064,1.0,2.0,0,0,0,0,0,128.2,1,0,1,2.0,2.0,2,2,4,1,0.0,0.0,2,0,1,4.0,4.0,5.043283582089552,0.7686764352630315,1
1476,79.42,31.0,4.062,2.0,6.0,E726K,0,0,0,0,42.06666667,1,0,1,2.0,2.0,1,2,9,1,0.0,1.0,2,0,1,4.0,4.0,5.442537313432836,0.7864028411973617,1
1477,62.89,23.0,4.046,0.0,4.0,0,0,0,0,0,182.9333333,1,0,1,2.0,3.0,2,3,0,0,0.0,0.0,2,0,0,6.0,5.0,5.636567164179104,1.5072083879423328,1
1478,44.99,20.0,3.04,0.0,12.0,E545K E726K,0,M293K,S1077* R364Q,0,137.8,1,0,1,1.0,2.0,2,3,3,0,0.0,0.0,2,0,0,2.0,3.0,3.5111940298507465,4.008016032064127,0
1479,55.43,25.0,5.05,1.0,17.0,0,L45Cfs*78,0,0,0,136.0,0,0,0,2.0,3.0,2,0,1,1,0.0,0.0,0,1,1,6.0,5.0,6.411194029850746,2.430330524951393,1
1480,73.75,20.0,5.04,5.0,4.0,H1047R,0,0,Q345fs,0,82.96666667,1,0,0,2.0,2.0,2,2,9,1,0.0,0.0,1,0,0,4.0,4.0,7.007462686567164,0.5925925925925926,2
1481,65.06,23.0,6.0,4.0,6.0,Q546R,P153Afs*28,0,0,0,42.6,1,1,1,2.0,3.0,2,3,6,0,0.0,1.0,2,0,0,6.0,5.0,7.965671641791044,1.3766959297685553,2
1482,71.36,30.0,3.06,0.0,6.0,H1047Q,0,0,0,0,103.8,1,0,1,2.0,2.0,1,2,3,0,0.0,0.0,2,0,1,4.0,4.0,4.268656716417911,0.9566326530612245,0
1483,78.55,35.0,5.07,4.0,5.0,0,0,0,0,0,38.16666667,1,0,0,2.0,2.0,2,3,10,0,0.0,1.0,1,0,1,4.0,4.0,6.61865671641791,0.9079118028534372,1
1484,62.7,30.0,6.06,5.0,2.0,0,0,0,0,0,35.03333333,0,0,0,3.0,3.0,1,6,5,2,0.0,1.0,0,1,1,9.0,6.0,9.138059701492537,1.9823788546255505,2
1485,55.53,30.0,4.06,0.0,4.0,0,N239*,0,0,0,62.9,0,0,0,2.0,3.0,2,0,1,2,0.0,1.0,0,1,1,6.0,5.0,5.641791044776119,2.8976175144880876,1
1486,57.2,15.0,3.03,0.0,8.0,0,0,0,0,0,21.06666667,1,0,0,1.0,2.0,2,2,4,1,0.0,1.0,1,0,0,2.0,3.0,3.5074626865671643,0.8720930232558138,0
1487,68.49,30.0,2.06,2.0,4.0,0,0,0,Q345*,0,108.3,1,0,1,2.0,3.0,2,3,10,0,0.0,0.0,2,0,1,6.0,5.0,5.695522388059701,1.5795015795015797,1
1488,65.14,20.0,3.04,0.0,3.0,0,0,L347Afs*5,0,0,195.7,1,0,1,1.0,2.0,1,2,8,0,0.0,0.0,2,0,0,2.0,3.0,3.5111940298507465,0.7955449482895783,0
1489,58.0,1.0,3.002,0.0,5.0,0,0,0,0,0,172.3,1,0,1,1.0,2.0,0,5,4,1,0.0,0.0,2,0,0,2.0,3.0,3.497014925373134,0.05555555555555555,0
1490,78.64,22.0,4.044,0.0,3.0,H1047L,0,0,0,0,181.8666667,1,0,1,2.0,3.0,0,3,2,0,0.0,0.0,2,0,0,6.0,5.0,5.635820895522388,0.8540372670807455,1
1491,68.13,34.0,4.0680000000000005,1.0,4.0,0,0,0,L838Rfs*24 W1449Mfs*15,0,156.8,1,0,1,3.0,2.0,1,2,4,1,0.0,0.0,2,0,1,6.0,5.0,5.794776119402986,1.2086740135087097,1
1492,71.31,20.0,3.04,0.0,6.0,E545K,0,0,S422*,0,22.23333333,1,0,1,1.0,2.0,2,2,8,1,0.0,0.0,2,0,0,2.0,3.0,3.5111940298507465,0.6387735547748323,0
1493,58.4,30.0,4.06,0.0,7.0,0,0,0,0,0,167.1,1,0,0,2.0,3.0,1,3,0,0,0.0,0.0,1,0,1,6.0,5.0,5.641791044776119,2.445652173913044,1
1494,65.43,35.0,6.07,5.0,5.0,0,0,0,0,0,30.8,1,0,0,2.0,3.0,2,2,7,0,0.0,0.0,1,0,1,6.0,5.0,8.39179104477612,2.064490758946126,2
1495,51.98,26.0,5.052,1.0,7.0,0,I195T,0,0,0,21.0,0,0,0,2.0,3.0,1,6,3,2,0.0,1.0,0,1,1,6.0,5.0,6.411940298507463,3.255425709515861,1
1496,68.75,15.0,4.03,0.0,7.0,0,P190T,0,0,0,104.6666667,1,0,0,1.0,3.0,1,5,5,2,0.0,0.0,1,0,0,3.0,4.0,4.880597014925373,0.7826086956521738,0
1497,60.72,25.0,4.05,0.0,6.0,E542K,0,0,0,0,194.6,1,0,0,2.0,3.0,2,3,10,0,0.0,0.0,1,0,1,6.0,5.0,5.638059701492537,1.80984555984556,1
1498,82.94,49.5,4.11,1.0,6.0,E542K,0,0,0,0,173.0333333,1,0,1,2.0,2.0,2,3,9,0,0.0,0.0,2,0,1,4.0,4.0,5.0604477611940295,1.152771308802981,1
1499,67.57,25.0,4.05,0.0,9.0,0,I255del,0,0,0,191.8,0,0,0,2.0,3.0,2,0,1,2,0.0,0.0,0,1,1,6.0,5.0,5.638059701492537,1.3601741022850928,1
1500,74.76,16.0,3.032,0.0,11.0,E545K E542K H1047R,0,0,0,0,126.4,1,0,1,1.0,2.0,0,5,3,1,0.0,0.0,2,0,0,2.0,3.0,3.5082089552238807,0.4602991944764096,0
1501,68.7,15.0,3.03,0.0,4.0,0,F270L,0,0,0,135.3,1,0,0,2.0,2.0,1,2,3,1,0.0,0.0,1,0,0,4.0,4.0,4.257462686567164,0.5226480836236933,0
1502,86.61,16.0,2.032,0.0,10.0,H1047R E726K,0,0,I1249Dfs*24 Q345E,0,63.56666667,1,0,1,1.0,3.0,1,2,3,1,0.0,0.0,2,0,0,3.0,4.0,2.1350746268656717,0.1716369877708646,0
1503,70.65,25.0,3.05,0.0,20.0,H1047R E726K,R175H,0,0,E283* M282I,70.53333333,1,0,0,2.0,2.0,2,1,3,0,0.0,0.0,1,0,1,4.0,4.0,4.264925373134329,0.8156606851549754,0
1504,80.33,25.0,4.05,0.0,8.0,0,0,0,0,N166Kfs*47,69.1,1,0,1,2.0,3.0,2,3,10,0,0.0,1.0,2,0,1,6.0,5.0,5.638059701492537,0.9298289114802877,1
1505,70.28,15.0,4.03,0.0,7.0,0,R175H,0,0,0,218.2333333,1,0,0,2.0,3.0,2,3,1,0,0.0,0.0,1,0,0,6.0,5.0,5.630597014925373,0.7430647291941876,1
1506,59.22,25.0,1.05,0.0,7.0,0,0,K358R,0,0,211.1333333,1,0,0,2.0,3.0,2,3,0,0,0.0,1.0,1,0,1,6.0,5.0,4.518656716417911,1.951092611862643,0
1507,67.46,33.0,3.0660000000000003,0.0,8.0,G118D,0,N351Kfs*19,0,0,144.43333330000002,1,0,1,2.0,2.0,1,2,9,1,0.0,0.0,2,0,1,4.0,4.0,4.270895522388059,1.2017479970866718,0
1508,44.48,49.5,2.114,0.0,2.0,H1047R,0,0,W197Lfs*11,0,191.9333333,1,0,1,2.0,3.0,0,5,5,1,0.0,0.0,2,0,1,6.0,5.0,2.915671641791045,5.524553571428576,0
1509,87.32,23.0,3.0460000000000003,0.0,4.0,0,0,0,0,0,143.5333333,1,0,1,2.0,2.0,1,2,4,1,0.0,0.0,2,0,0,4.0,4.0,4.263432835820896,0.4860524091293323,0
1510,72.19,30.0,2.06,0.0,5.0,H1047R,0,X308_splice,0,0,70.9,1,0,1,2.0,3.0,1,2,3,1,0.0,0.0,2,0,1,6.0,5.0,2.8955223880597014,0.4659832246039143,0
1511,65.03,25.0,3.05,0.0,5.0,R88Q H1047R,0,0,0,0,143.16666669999998,1,0,1,2.0,2.0,0,2,9,1,0.0,1.0,2,0,1,4.0,4.0,4.264925373134329,0.9988014382740711,0
1512,67.0,49.5,3.14,0.0,9.0,H1047R E110del Y1021C,R248Q,0,0,0,13.53333333,1,0,0,2.0,2.0,2,5,4,1,0.0,0.0,1,0,1,4.0,4.0,4.298507462686567,1.8333333333333333,0
1513,51.94,23.0,3.0,0.0,4.0,H1047R N345K,0,0,0,0,301.2333333,1,0,1,2.0,2.0,2,2,3,1,0.0,0.0,2,0,0,4.0,4.0,4.246268656716418,1.9262981574539366,0
1514,90.0,49.5,4.1,2.0,6.0,E545A G1050S,0,0,0,0,52.06666667,1,0,1,2.0,2.0,2,3,9,0,0.0,1.0,2,0,1,4.0,4.0,5.456716417910448,0.99,1
1515,60.28,34.0,3.068,0.0,5.0,0,0,0,0,Q673Lfs*5,232.9666667,1,0,0,2.0,2.0,1,5,9,0,0.0,0.0,1,0,1,4.0,4.0,4.271641791044776,1.6765285996055226,0
1516,65.63,20.0,4.04,2.0,3.0,0,0,0,0,0,252.2666667,1,0,1,2.0,2.0,1,2,9,1,0.0,1.0,2,0,0,4.0,4.0,5.434328358208955,0.7803355442840423,1
1517,87.75,25.0,3.05,0.0,10.0,0,C176S,0,0,E604*,49.73333333,1,0,0,2.0,2.0,1,3,0,0,0.0,0.0,1,0,1,4.0,4.0,4.264925373134329,0.5235602094240838,0
1518,63.35,10.0,6.02,5.0,13.0,H1047R I69N,0,0,S431* M1193Hfs*19,0,278.3666667,1,0,1,2.0,3.0,2,2,8,1,0.0,1.0,2,0,0,6.0,5.0,8.373134328358208,0.6423982869379015,2
1519,66.76,20.0,2.04,0.0,6.0,H1047R R93W,0,0,K1119Nfs*4 R763Cfs*35,0,145.3666667,1,0,1,2.0,3.0,2,2,8,1,0.0,0.0,2,0,0,6.0,5.0,2.888059701492537,0.3736920777279521,0
1520,44.65,20.0,4.04,0.0,7.0,0,R175H,0,0,0,287.9333333,0,1,0,2.0,3.0,1,6,1,2,0.0,0.0,0,0,0,6.0,5.0,5.634328358208955,6.451612903225809,1
1521,65.96,35.0,5.07,1.0,5.0,Q546P,X307_splice,0,0,0,73.13333333,1,0,1,2.0,3.0,2,1,10,0,0.0,0.0,2,0,1,6.0,5.0,6.418656716417911,2.022342064714947,1
1522,70.12,30.0,3.06,0.0,9.0,E545K,0,0,X1419_splice,0,263.4333333,1,0,1,2.0,2.0,2,5,3,1,0.0,0.0,2,0,1,4.0,4.0,4.268656716417911,0.99601593625498,0
1523,70.64,30.0,3.06,0.0,6.0,H1047R,G334V,0,0,0,219.1,1,0,0,2.0,2.0,1,1,7,0,0.0,0.0,1,0,1,4.0,4.0,4.268656716417911,0.97911227154047,0
1524,72.94,15.0,5.03,5.0,14.0,C420R E970K,C242F,0,P15R,0,37.86666667,1,0,1,2.0,2.0,2,1,10,0,0.0,1.0,2,0,0,4.0,4.0,7.003731343283582,0.45537340619307837,2
1525,58.84,25.0,3.05,0.0,3.0,0,C124Afs*46,0,0,0,168.2,1,1,1,2.0,2.0,2,1,10,3,0.0,0.0,2,0,1,4.0,4.0,4.264925373134329,1.3269639065817407,0
1526,62.29,40.0,3.08,0.0,20.0,G1007R,R196*,0,0,0,264.2333333,1,1,1,2.0,2.0,2,1,6,3,0.0,0.0,2,0,1,4.0,4.0,4.276119402985074,1.7945266935845672,0
1527,51.07,20.0,3.04,0.0,3.0,G118D,0,0,0,0,192.2,1,0,1,2.0,2.0,2,2,9,1,0.0,0.0,2,0,0,4.0,4.0,4.2611940298507465,1.8066847335140017,0
1528,65.39,36.0,4.072,1.0,5.0,N345K,0,0,0,0,186.8333333,1,0,0,2.0,2.0,1,2,3,1,0.0,1.0,1,0,1,4.0,4.0,5.046268656716418,1.4178810555336747,1
1529,36.47,15.0,4.03,0.0,6.0,0,0,0,0,0,255.3666667,0,0,0,2.0,3.0,0,6,5,2,0.0,0.0,0,1,0,6.0,5.0,5.630597014925373,22.5,1
1530,69.39,26.0,3.052,2.0,4.0,H1047Y,C135Afs*35,D335Gfs*17,0,0,250.8,1,0,0,2.0,3.0,1,3,0,0,0.0,0.0,1,0,1,6.0,5.0,4.065671641791044,0.4423273222184416,0
1531,33.08,25.0,5.05,2.0,12.0,0,R248W,0,0,0,200.4333333,0,0,0,2.0,3.0,2,6,1,2,0.0,0.0,0,1,1,6.0,5.0,6.811194029850746,37.5,1
1532,41.79,18.0,4.0360000000000005,2.0,10.0,0,Y220C,0,0,0,22.66666667,0,0,0,2.0,2.0,2,0,1,2,0.0,1.0,0,1,0,4.0,4.0,5.432835820895522,10.055865921787714,1
1533,50.88,48.0,4.096,1.0,6.0,0,R175G,0,0,0,278.4666667,1,0,1,2.0,2.0,2,5,8,0,0.0,0.0,2,0,1,4.0,4.0,5.055223880597015,4.4117647058823515,1
1534,53.79,30.0,4.06,0.0,12.0,H1047R,0,0,0,0,38.03333333,1,0,1,2.0,3.0,2,3,6,0,0.0,0.0,2,0,1,6.0,5.0,5.641791044776119,3.2632342277012327,1
1535,31.6,22.0,4.044,0.0,7.0,0,E285K,0,0,0,282.3666667,0,0,0,2.0,3.0,2,6,1,2,0.0,0.0,0,1,0,6.0,5.0,5.635820895522388,33.0,1
1536,58.9,49.5,6.24,5.0,2.0,0,0,0,0,Q765=,15.6,0,1,0,2.0,3.0,2,5,6,3,0.0,1.0,0,0,1,6.0,5.0,8.455223880597014,3.928571428571429,2
1537,76.69,48.0,3.096,1.0,10.0,E545K,0,0,L676Tfs*21,0,188.5333333,1,0,1,2.0,3.0,2,2,9,1,0.0,0.0,2,0,1,6.0,5.0,3.6820895522388057,0.6541291905151267,0
1538,43.75,23.0,3.0,0.0,5.0,0,E294*,0,V569A,0,182.6,0,0,1,2.0,2.0,1,0,5,1,0.0,0.0,1,0,0,4.0,4.0,4.246268656716418,6.133333333333334,0
1539,75.55,20.0,5.04,5.0,5.0,E542K,0,0,P253Sfs*51 I1307del,0,258.1333333,1,0,1,2.0,2.0,1,2,8,1,0.0,0.0,2,0,0,4.0,4.0,7.007462686567164,0.5625879043600563,2
1540,72.81,34.0,5.0680000000000005,5.0,9.0,H1047R,R110H,K181Rfs*121,S1256del R364del,0,57.4,1,0,1,2.0,2.0,2,2,8,0,0.0,1.0,2,0,1,4.0,4.0,7.017910447761194,1.0362694300518134,2
1541,84.04,25.0,3.05,0.0,3.0,0,0,0,0,0,182.3333333,1,0,1,2.0,2.0,2,3,8,0,0.0,1.0,2,0,1,4.0,4.0,4.264925373134329,0.5676657584014532,0
1542,70.92,16.0,3.032,0.0,6.0,H1047R,0,0,0,0,170.2666667,1,0,1,2.0,2.0,0,4,8,0,0.0,0.0,2,0,0,4.0,4.0,4.25820895522388,0.517464424320828,0
1543,68.91,23.0,3.0,0.0,5.0,R93W,0,0,0,0,239.1666667,1,0,0,2.0,2.0,1,3,10,0,0.0,1.0,1,0,0,4.0,4.0,4.246268656716418,0.7955724662746455,0
1544,79.04,30.0,6.06,5.0,4.0,Q546R,R175H,0,0,0,54.1,1,0,1,3.0,3.0,2,3,4,0,0.0,1.0,2,0,1,9.0,6.0,9.138059701492537,1.1526639344262293,2
1545,46.47,49.5,5.14,5.0,15.0,0,0,0,0,0,102.5,1,1,0,2.0,2.0,0,5,8,1,0.0,1.0,1,0,1,4.0,4.0,7.044776119402985,7.650695517774344,2
1546,73.03,21.0,3.042,0.0,11.0,0,0,0,R248* I435Wfs*39,0,164.0333333,1,0,1,2.0,2.0,2,2,9,1,0.0,0.0,2,0,0,4.0,4.0,4.261940298507462,0.6357856494096276,0
1547,58.38,26.0,5.052,4.0,12.0,H1047R,0,0,R532Q,0,23.9,0,1,0,2.0,2.0,2,1,5,2,0.0,0.0,0,0,1,4.0,4.0,6.611940298507462,1.414581066376496,1
1548,80.59,21.0,3.042,0.0,6.0,0,0,0,0,0,2.3,1,0,0,2.0,2.0,1,5,3,1,0.0,0.0,1,0,0,4.0,4.0,4.261940298507462,0.5173688100517368,0
1549,68.59,8.0,4.016,1.0,6.0,0,0,0,0,0,159.7,1,0,0,2.0,2.0,2,2,9,0,0.0,0.0,1,0,0,4.0,4.0,5.025373134328358,0.27981811822315494,1
1550,28.29,49.5,5.16,1.0,6.0,0,S215Cfs*6,0,0,0,10.63333333,0,0,0,2.0,3.0,2,0,1,1,0.0,1.0,0,1,1,6.0,5.0,6.45223880597015,50.0,1
1551,53.45,30.0,4.06,2.0,4.0,0,G302Rfs*4,0,0,0,10.06666667,0,1,0,3.0,2.0,2,1,6,1,0.0,1.0,0,0,1,6.0,5.0,6.191791044776119,2.2304832713754643,1
1552,82.51,35.0,3.07,0.0,10.0,H1047R,0,X308_splice,0,0,77.5,1,0,1,2.0,2.0,2,5,8,1,0.0,0.0,2,0,1,4.0,4.0,4.272388059701492,0.8233356857210067,0
1553,66.28,23.0,3.0,0.0,4.0,H1047R,0,0,0,0,239.4,1,0,0,2.0,2.0,0,5,3,1,0.0,0.0,1,0,0,4.0,4.0,4.246268656716418,0.8751902587519026,0
1554,78.93,13.0,2.026,0.0,6.0,H1047R,0,C85Y,V1277Ifs*3,0,192.2,1,1,1,2.0,3.0,1,1,8,0,0.0,0.0,2,0,0,6.0,5.0,2.8828358208955223,0.16696634985872075,0
1555,71.38,23.0,4.0,0.0,13.0,H1047R,0,0,Q519*,E494Kfs*28,123.3333333,1,0,1,2.0,3.0,1,5,3,1,0.0,0.0,2,0,0,6.0,5.0,5.619402985074627,1.0994263862332698,1
1556,38.01,18.0,3.036,0.0,2.0,0,0,0,0,0,193.9666667,1,0,1,1.0,2.0,2,2,4,1,0.0,0.0,2,0,0,2.0,3.0,3.5097014925373133,18.0,0
1557,39.41,20.0,4.04,2.0,4.0,0,P152L D259Y,0,0,0,124.5666667,1,1,0,2.0,2.0,2,1,6,3,0.0,1.0,1,0,0,4.0,4.0,5.434328358208955,20.0,1
1558,70.76,28.0,5.056,5.0,6.0,0,Y234C,0,0,0,66.83333333,1,1,1,2.0,2.0,2,1,6,0,0.0,0.0,2,0,1,4.0,4.0,7.013432835820895,0.9102730819245772,2
1559,66.13,30.0,3.06,0.0,11.0,E542K,E62*,0,0,0,193.1333333,1,1,1,2.0,2.0,2,1,6,3,0.0,0.0,2,0,1,4.0,4.0,4.268656716417911,1.1481056257175661,0
1560,41.11,15.0,3.03,0.0,8.0,H1047R,0,X308_splice,R307Pfs*3,0,264.6,1,0,1,1.0,2.0,0,2,3,1,0.0,0.0,2,0,0,2.0,3.0,3.5074626865671643,13.513513513513521,0
1561,54.74,35.0,4.07,3.0,7.0,0,R213*,0,0,0,260.2,1,0,1,2.0,2.0,1,0,5,2,0.0,0.0,2,0,1,4.0,4.0,5.845522388059702,2.3744911804613293,1
1562,76.99,15.0,6.03,5.0,7.0,0,0,P408Afs*99,0,0,115.6333333,1,0,1,2.0,3.0,2,2,3,0,0.0,0.0,2,0,0,6.0,5.0,8.376865671641792,0.6082725060827252,2
1563,63.27,15.0,3.03,0.0,7.0,0,0,0,0,0,153.9,1,0,1,2.0,2.0,1,5,4,1,0.0,0.0,2,0,0,4.0,4.0,4.257462686567164,0.6446067898581864,0
1564,57.27,49.5,3.122,0.0,10.0,0,X224_splice,0,0,0,257.6666667,0,1,0,2.0,2.0,2,1,6,3,0.0,0.0,0,0,1,4.0,4.0,4.29179104477612,2.86624203821656,0
1565,74.6,39.0,3.0780000000000003,0.0,7.0,E365K,0,0,0,Q23*,61.8,1,0,0,2.0,2.0,2,2,3,0,0.0,1.0,1,0,1,4.0,4.0,4.275373134328358,1.1271676300578037,0
1566,69.38,15.0,4.03,1.0,7.0,H1047R,K305Sfs*40,0,0,0,78.6,1,0,1,2.0,2.0,2,3,10,0,0.0,0.0,2,0,0,4.0,4.0,5.030597014925373,0.5105513955071478,1
1567,85.85,37.0,6.074,4.0,6.0,H1047R,0,0,0,V202Cfs*7,25.63333333,1,0,0,2.0,3.0,1,3,3,1,0.0,1.0,1,0,1,6.0,5.0,7.993283582089552,1.2104689203925847,2
1568,79.84,23.0,6.0,4.0,1.0,0,0,0,0,0,78.86666667,1,0,0,2.0,3.0,2,3,9,0,0.0,0.0,1,0,0,6.0,5.0,7.965671641791044,0.8659638554216866,2
1569,60.6,46.0,4.092,0.0,6.0,0,R248Q,0,0,0,255.6,0,0,0,2.0,3.0,1,6,10,2,0.0,0.0,0,1,1,6.0,5.0,5.653731343283582,3.349514563106796,1
1570,64.55,20.0,3.04,0.0,1.0,0,R175H,0,0,0,254.9333333,0,0,0,2.0,2.0,2,6,1,2,0.0,0.0,0,1,0,4.0,4.0,4.2611940298507465,0.814663951120163,0
1571,60.41,45.0,4.09,3.0,3.0,0,0,0,0,0,34.33333333,1,0,0,2.0,2.0,2,3,8,0,0.0,1.0,1,0,1,4.0,4.0,5.852985074626866,2.204801567858893,1
1572,51.04,6.0,5.012,3.0,7.0,0,R158Pfs*12,0,0,0,89.6,1,0,1,2.0,3.0,2,1,4,0,0.0,1.0,2,0,0,6.0,5.0,7.197014925373134,0.8152173913043479,2
1573,76.01,15.0,2.03,0.0,6.0,0,0,0,0,0,238.0666667,1,0,1,2.0,3.0,0,6,4,1,0.0,0.0,2,0,0,6.0,5.0,2.884328358208955,0.20827547903360175,0
1574,70.9,26.0,2.052,0.0,4.0,0,0,0,0,0,74.93333333,1,0,1,2.0,3.0,2,2,8,0,0.0,0.0,2,0,1,6.0,5.0,2.892537313432836,0.4207119741100323,0
1575,59.47,21.0,3.042,0.0,7.0,E542K,0,S212A,0,0,77.66666667,1,0,0,2.0,2.0,2,3,4,0,0.0,0.0,1,0,0,4.0,4.0,4.261940298507462,1.078582434514638,0
1576,60.62,17.0,3.034,0.0,13.0,H1047R,P278S,0,0,0,228.9,0,0,0,2.0,2.0,2,0,1,2,0.0,0.0,0,1,0,4.0,4.0,4.258955223880597,0.8244422890397674,0
1577,71.74,25.0,3.05,0.0,4.0,0,0,0,0,S649Ffs*2,195.3,1,0,1,2.0,2.0,1,3,9,0,0.0,0.0,2,0,1,4.0,4.0,4.264925373134329,0.7876496534341526,0
1578,49.5,25.0,4.05,0.0,4.0,0,F134C,0,0,0,58.93333333,0,1,1,2.0,3.0,2,1,6,3,0.0,1.0,1,0,1,6.0,5.0,5.638059701492537,3.947368421052632,1
1579,86.29,35.0,6.07,5.0,4.0,0,R248W,0,0,0,15.86666667,1,1,0,2.0,3.0,1,0,6,3,0.0,1.0,1,0,1,6.0,5.0,8.39179104477612,1.1341542449773168,2
1580,46.23,23.0,4.0,1.0,4.0,0,R248G,0,0,0,247.3666667,0,1,0,2.0,2.0,1,1,10,3,0.0,0.0,0,0,0,4.0,4.0,5.019402985074627,3.6918138041733566,1
1581,71.62,35.0,5.07,5.0,5.0,E542K,0,0,0,0,88.66666667,1,0,1,2.0,2.0,2,2,9,0,0.0,0.0,2,0,1,4.0,4.0,7.018656716417911,1.1068943706514862,2
1582,77.45,13.0,5.026,5.0,8.0,H1047R H1048R,0,0,0,0,205.9,1,0,1,2.0,2.0,2,3,3,0,0.0,0.0,2,0,0,4.0,4.0,7.0022388059701495,0.3471295060080107,2
1583,75.02,15.0,5.03,5.0,7.0,0,0,0,0,E604*,122.8,1,0,0,2.0,2.0,2,2,9,1,0.0,0.0,1,0,0,4.0,4.0,7.003731343283582,0.4283266704740149,2
1584,64.95,20.0,3.04,0.0,8.0,H1047R,0,0,S427Ffs*5 G343delinsVR,0,225.7,1,0,1,2.0,2.0,2,2,8,1,0.0,0.0,2,0,0,4.0,4.0,4.2611940298507465,0.8016032064128256,0
1585,39.17,25.0,4.05,0.0,7.0,0,H193Y,0,0,0,84.73333333,0,1,0,2.0,3.0,1,0,4,2,0.0,0.0,0,0,1,6.0,5.0,5.638059701492537,37.5,1
1586,70.91,40.0,3.08,0.0,4.0,0,0,X308_splice,0,0,220.3,1,0,1,2.0,2.0,2,2,3,1,0.0,0.0,2,0,1,4.0,4.0,4.276119402985074,1.2940795858945326,0
1587,38.58,32.0,6.064,5.0,6.0,0,E51Lfs*73,0,0,0,33.13333333,0,0,0,2.0,3.0,1,0,1,2,0.0,1.0,0,1,1,6.0,5.0,8.38955223880597,48.0,2
1588,59.08,33.0,2.066,0.0,6.0,H1047R,G245S,0,0,0,58.46666667,1,0,1,2.0,3.0,2,2,9,0,0.0,1.0,2,0,1,6.0,5.0,2.897761194029851,0.8647798742138365,0
1589,83.09,15.0,3.03,1.0,5.0,0,0,L354*,0,0,54.93333333,1,0,1,2.0,3.0,2,2,9,0,0.0,0.0,2,0,0,6.0,5.0,3.657462686567164,0.17405430494314225,0
1590,56.47,21.0,4.042,0.0,14.0,G118D,C238Y,0,0,0,208.8,0,1,0,2.0,3.0,2,1,0,3,0.0,0.0,0,0,0,6.0,5.0,5.635074626865672,1.9125683060109289,1
1591,66.24,18.0,3.036,0.0,8.0,0,0,0,0,0,79.13333333,1,0,1,1.0,2.0,2,3,9,0,0.0,0.0,2,0,0,2.0,3.0,3.5097014925373133,0.6859756097560977,0
1592,35.02,49.5,6.1,5.0,5.0,H1047R,R280K,T355A,0,0,185.7,1,0,1,2.0,3.0,2,1,2,0,0.0,1.0,2,0,1,6.0,5.0,8.402985074626866,50.0,2
1593,75.44,16.0,2.032,0.0,6.0,H1047R,0,0,0,0,197.7333333,1,0,1,2.0,3.0,0,2,3,1,0.0,0.0,2,0,0,6.0,5.0,2.8850746268656717,0.22573363431151244,0
1594,70.35,49.5,4.158,0.0,2.0,0,0,0,0,0,37.76666667,1,0,1,2.0,3.0,0,6,4,2,0.0,0.0,2,0,1,6.0,5.0,5.678358208955224,2.446457990115322,1
1595,41.92,28.0,6.056,5.0,7.0,0,A159P,0,0,0,23.76666667,0,0,0,2.0,3.0,2,6,1,2,0.0,0.0,0,1,1,6.0,5.0,8.386567164179105,21.87499999999998,2
1596,56.25,42.0,3.084,0.0,4.0,0,0,0,0,0,240.2,1,0,1,2.0,2.0,1,3,8,0,0.0,0.0,2,0,1,4.0,4.0,4.277611940298508,2.5846153846153848,0
1597,79.24,28.0,4.056,3.0,7.0,0,0,R364T D160E,0,0,24.63333333,1,0,0,2.0,2.0,2,2,4,1,0.0,0.0,1,0,1,4.0,4.0,5.840298507462687,0.7135575942915393,1
1598,78.45,35.0,4.07,2.0,7.0,H1047R,E287Ifs*63,0,0,0,42.63333333,1,0,1,2.0,2.0,2,3,7,0,0.0,0.0,2,0,1,4.0,4.0,5.445522388059701,0.9102730819245773,1
1599,44.51,25.0,5.05,5.0,8.0,H1047R K111N,R280K,0,0,0,52.46666667,0,0,1,2.0,2.0,2,5,5,1,0.0,1.0,1,0,1,4.0,4.0,7.011194029850746,5.543237250554326,2
1600,66.01,23.0,3.0460000000000003,0.0,8.0,E545K,0,0,0,E534Rfs*23,202.2333333,1,0,0,2.0,2.0,2,2,3,1,0.0,0.0,1,0,0,4.0,4.0,4.263432835820896,0.8842752787389464,0
1601,65.52,30.0,5.06,1.0,3.0,H1047R,R213*,0,0,0,30.06666667,1,0,0,2.0,3.0,2,2,10,0,0.0,1.0,1,0,1,6.0,5.0,6.414925373134329,1.7633228840125397,1
1602,79.2,10.0,3.02,0.0,5.0,0,0,0,0,0,222.7,1,0,1,1.0,2.0,2,3,10,0,0.0,0.0,2,0,0,2.0,3.0,3.503731343283582,0.25510204081632654,0
1603,41.08,23.0,4.046,0.0,4.0,H1047R,H179R,0,0,0,56.76666667,1,0,1,2.0,3.0,2,5,4,1,0.0,0.0,2,0,0,6.0,5.0,5.636567164179104,31.944444444444493,1
1604,80.76,15.0,3.03,0.0,6.0,E542K T1025S,0,0,0,0,118.3,1,0,0,2.0,2.0,2,2,9,1,0.0,0.0,1,0,0,4.0,4.0,4.257462686567164,0.3680078508341511,0
1605,56.93,20.0,4.04,2.0,8.0,H1047R,0,0,0,0,221.2,1,0,0,2.0,2.0,2,5,3,0,0.0,0.0,1,0,0,4.0,4.0,5.434328358208955,1.1813349084465445,1
1606,82.1,23.0,3.0460000000000003,0.0,4.0,H1047R,0,0,0,0,42.3,1,0,1,2.0,2.0,2,2,9,1,0.0,0.0,2,0,0,4.0,4.0,4.263432835820896,0.5463182897862233,0
1607,61.81,15.0,3.03,0.0,4.0,E545K,0,0,I723Yfs*2 H1303del,0,224.2333333,1,0,1,1.0,2.0,2,2,8,1,0.0,0.0,2,0,0,2.0,3.0,3.5074626865671643,0.6877579092159559,0
1608,74.43,20.0,4.04,1.0,2.0,H1047R,0,0,0,0,174.5,1,0,1,2.0,2.0,2,2,3,1,0.0,0.0,2,0,0,4.0,4.0,5.034328358208955,0.5808887598024977,1
1609,47.51,23.0,3.0,3.0,6.0,0,0,0,0,0,211.5333333,1,0,1,2.0,3.0,1,3,10,0,0.0,0.0,2,0,0,6.0,5.0,4.446268656716418,1.531291611185087,0
1610,49.67,22.0,4.044,0.0,7.0,0,0,S426Ifs*81,0,0,147.7666667,1,0,0,2.0,3.0,2,2,0,1,0.0,1.0,1,0,0,6.0,5.0,5.635820895522388,3.412616339193381,1
1611,58.83,20.0,5.04,2.0,5.0,0,G245D,0,0,0,221.9333333,0,0,0,2.0,3.0,2,0,1,2,0.0,0.0,0,1,0,6.0,5.0,6.807462686567164,1.5932023366967605,1
1612,66.94,10.0,6.02,5.0,4.0,0,A84_S90del,0,0,0,35.46666667,0,1,1,2.0,3.0,2,1,6,2,0.0,1.0,1,0,0,6.0,5.0,8.373134328358208,0.556792873051225,2
1613,68.43,16.0,3.032,0.0,17.0,E545K,I254Sfs*91,0,0,0,117.8666667,1,0,1,1.0,2.0,2,2,8,1,0.0,0.0,2,0,0,2.0,3.0,3.5082089552238807,0.562785789658811,0
1614,73.37,37.0,3.074,0.0,5.0,E542K,0,0,0,0,35.36666667,1,0,1,2.0,2.0,1,5,9,0,0.0,0.0,2,0,1,4.0,4.0,4.273880597014926,1.1087803416242132,0
1615,37.33,20.0,5.04,3.0,5.0,0,R249S,0,0,0,200.1,0,0,1,2.0,3.0,1,6,5,2,0.0,0.0,1,0,0,6.0,5.0,7.2074626865671645,30.0,2
1616,75.33,15.0,2.03,0.0,5.0,E542K,0,0,0,0,0.1,1,0,1,1.0,3.0,2,2,9,1,0.0,1.0,2,0,0,3.0,4.0,2.134328358208955,0.21228417775261818,0
1617,77.96,20.0,4.04,0.0,7.0,0,0,0,0,0,72.56666667,1,0,1,2.0,3.0,2,5,3,1,0.0,0.0,2,0,0,6.0,5.0,5.634328358208955,0.7903055848261329,1
1618,71.22,30.0,5.06,4.0,11.0,0,0,0,0,0,85.0,1,0,1,2.0,2.0,2,2,3,1,0.0,0.0,2,0,1,4.0,4.0,6.614925373134328,0.9609224855861628,1
1619,70.65,20.0,2.04,0.0,9.0,0,0,0,0,0,201.1666667,1,0,1,1.0,3.0,2,3,9,1,0.0,0.0,2,0,0,3.0,4.0,2.138059701492537,0.32626427406199016,0
1620,66.35,23.0,3.0,0.0,4.0,H1047R,0,0,0,0,213.3666667,1,0,1,2.0,2.0,1,5,4,1,0.0,0.0,2,0,0,4.0,4.0,4.246268656716418,0.8728652751423152,0
1621,75.62,20.0,4.04,0.0,4.0,0,R175H,0,0,0,105.2,0,0,0,1.0,3.0,2,0,1,2,0.0,0.0,0,1,0,3.0,4.0,4.884328358208955,0.8422234699606961,0
1622,84.87,29.0,3.0580000000000003,0.0,6.0,0,0,G360Rfs*11,0,0,172.9666667,1,0,1,2.0,2.0,2,2,8,1,0.0,1.0,2,0,1,4.0,4.0,4.267910447761194,0.6463115667483842,0
1623,52.84,20.0,5.04,5.0,5.0,0,0,0,0,0,200.3333333,1,0,1,2.0,2.0,2,5,9,0,0.0,0.0,2,0,0,4.0,4.0,7.007462686567164,1.5576323987538936,2
1624,41.29,49.5,6.11,5.0,15.0,0,X225_splice,0,0,0,165.43333330000002,0,0,0,2.0,3.0,2,0,1,2,0.0,0.0,0,1,1,6.0,5.0,8.406716417910447,50.0,2
1625,47.01,20.0,4.04,0.0,5.0,0,0,0,0,0,177.6333333,0,0,0,2.0,3.0,2,0,1,2,0.0,0.0,0,1,0,6.0,5.0,5.634328358208955,4.279600570613411,1
1626,58.39,30.0,5.06,2.0,9.0,0,P322Hfs*23,0,0,0,52.9,0,1,0,2.0,3.0,2,1,6,3,0.0,0.0,0,0,1,6.0,5.0,6.814925373134328,2.446982055464926,1
1627,51.22,49.5,5.11,1.0,8.0,0,R248W,0,0,0,182.8333333,0,0,0,2.0,3.0,2,0,1,2,0.0,0.0,0,1,1,6.0,5.0,6.433582089552239,6.61764705882353,1
1628,48.59,30.0,5.06,1.0,6.0,0,R213*,0,0,0,14.7,0,0,0,2.0,3.0,2,0,1,1,0.0,1.0,0,1,1,6.0,5.0,6.414925373134329,5.238649592549474,1
1629,62.9,11.0,2.022,0.0,7.0,H1047R,0,0,0,0,194.3666667,1,0,1,2.0,3.0,2,2,9,1,0.0,0.0,2,0,0,6.0,5.0,2.8813432835820896,0.24017467248908297,0
1630,78.69,49.5,3.142,0.0,4.0,0,0,0,0,0,60.9,1,0,1,2.0,2.0,1,3,2,1,0.0,1.0,2,0,1,4.0,4.0,4.299253731343283,1.2794003618506076,0
1631,67.33,14.0,2.028,0.0,5.0,0,0,0,0,0,127.8333333,1,0,1,2.0,3.0,2,2,3,1,0.0,0.0,2,0,0,6.0,5.0,2.8835820895522386,0.2561287961946579,0
1632,49.38,16.0,4.032,0.0,3.0,0,0,0,0,0,91.0,1,0,1,2.0,3.0,2,3,9,0,0.0,0.0,2,0,0,6.0,5.0,5.63134328358209,2.558635394456289,1
1633,79.42,24.0,5.048,5.0,5.0,0,0,0,L1353Vfs*12 R1031Kfs*4,0,75.86666667,1,0,0,2.0,2.0,1,2,4,1,0.0,0.0,1,0,1,4.0,4.0,7.01044776119403,0.60882800608828,2
1634,64.4,25.0,3.05,0.0,11.0,0,C135F,0,0,0,157.7333333,1,0,0,2.0,2.0,2,2,8,1,0.0,0.0,1,0,1,4.0,4.0,4.264925373134329,1.024590163934426,0
1635,36.93,23.0,5.0,3.0,6.0,0,T125=,0,0,0,22.4,0,0,0,2.0,3.0,0,6,1,1,0.0,1.0,0,1,0,6.0,5.0,7.192537313432836,34.5,2
1636,43.08,16.0,4.032,1.0,9.0,0,W91*,0,0,0,189.4333333,1,0,1,2.0,2.0,2,2,3,1,0.0,0.0,2,0,0,4.0,4.0,5.031343283582089,5.194805194805197,1
1637,53.68,44.0,5.088,1.0,6.0,0,X126_splice,0,0,0,27.86666667,0,0,0,2.0,3.0,2,0,1,1,0.0,1.0,0,1,1,6.0,5.0,6.425373134328359,4.824561403508772,1
1638,75.1,5.0,5.01,5.0,6.0,0,L265Gfs*34,0,0,0,3.5,1,0,1,2.0,2.0,2,3,7,1,0.0,0.0,2,0,0,4.0,4.0,6.996268656716418,0.14245014245014248,1
1639,73.07,25.0,5.05,1.0,10.0,H1047L,0,V337Cfs*15,0,0,92.4,1,0,1,2.0,3.0,0,2,8,1,0.0,0.0,2,0,1,6.0,5.0,6.411194029850746,1.1339582703356519,1
1640,67.81,30.0,3.06,0.0,3.0,0,0,0,0,0,88.33333333,1,0,1,2.0,2.0,1,3,10,1,0.0,0.0,2,0,1,4.0,4.0,4.268656716417911,1.0787486515641855,0
1641,85.17,20.0,3.04,0.0,4.0,0,G245C,0,0,0,49.53333333,1,0,1,2.0,2.0,1,2,3,1,0.0,0.0,2,0,0,4.0,4.0,4.2611940298507465,0.44277175116227585,0
1642,58.08,35.0,5.07,1.0,5.0,H1047R,0,0,0,S649Yfs*13,35.2,1,0,1,2.0,3.0,1,3,0,1,0.0,1.0,2,0,1,6.0,5.0,6.418656716417911,2.903761061946903,1
1643,74.33,23.0,4.046,0.0,5.0,0,E198*,0,0,0,100.3,1,0,1,2.0,3.0,2,3,7,1,0.0,1.0,2,0,0,6.0,5.0,5.636567164179104,1.00495193708127,1
1644,52.55,30.0,3.06,0.0,6.0,0,0,0,E235*,0,170.8666667,1,0,0,2.0,2.0,2,2,9,1,0.0,0.0,1,0,1,4.0,4.0,4.268656716417911,2.3904382470119527,0
1645,62.92,15.0,4.03,1.0,6.0,0,0,X308_splice,0,0,63.83333333,1,0,1,2.0,2.0,2,3,3,1,0.0,0.0,2,0,0,4.0,4.0,5.030597014925373,0.6544502617801047,1
1646,67.78,27.0,6.053999999999999,5.0,4.0,0,0,0,0,0,125.8666667,1,0,0,2.0,3.0,2,3,10,0,0.0,0.0,1,0,1,6.0,5.0,8.385820895522388,1.4578833693304536,2
1647,52.85,30.0,5.06,3.0,9.0,0,X126_splice,0,0,0,89.53333333,0,0,0,2.0,3.0,2,6,1,2,0.0,1.0,0,1,1,6.0,5.0,7.214925373134328,3.5019455252918283,2
1648,78.22,29.0,4.058,0.0,5.0,0,0,0,0,0,64.6,1,0,1,2.0,3.0,2,3,0,0,0.0,0.0,2,0,1,6.0,5.0,5.6410447761194025,1.1381475667189953,1
1649,81.75,23.0,5.046,5.0,7.0,E545A,0,0,Q1207* S1087Rfs*31,0,151.93333330000002,1,0,1,2.0,2.0,2,2,9,1,0.0,0.0,2,0,0,4.0,4.0,7.009701492537314,0.5508982035928144,2
1650,85.02,39.0,4.078,0.0,7.0,0,0,S404Afs*99,0,0,162.7666667,1,0,0,2.0,3.0,2,3,10,0,0.0,0.0,1,0,1,6.0,5.0,5.648507462686567,1.2994224788982676,1
1651,68.57,14.0,3.028,0.0,5.0,0,0,P432Tfs*75,0,0,134.83333330000002,1,1,0,2.0,2.0,2,1,0,3,0.0,0.0,1,0,0,4.0,4.0,4.2567164179104475,0.49002450122506136,0
1652,86.9,49.5,5.106,3.0,7.0,0,Y205N,K358E,X346_splice G1401Wfs*19,0,29.23333333,1,0,1,2.0,3.0,1,3,2,0,0.0,0.0,2,0,1,6.0,5.0,7.232089552238806,1.5831556503198292,2
1653,81.37,35.0,4.07,0.0,14.0,0,Q331*,0,0,0,109.23333329999998,0,0,0,2.0,3.0,2,1,1,2,0.0,0.0,0,1,1,6.0,5.0,5.645522388059701,1.2690355329949237,1
1654,57.9,49.5,5.124,5.0,2.0,0,0,0,0,0,154.7,1,0,1,2.0,2.0,2,5,3,1,0.0,0.0,2,0,1,4.0,4.0,7.038805970149253,2.7653631284916202,2
1655,80.93,25.0,5.05,5.0,11.0,N345K,0,0,L319Tfs*7 I1307delinsNF,0,80.36666667,1,0,0,2.0,2.0,2,3,4,0,0.0,0.0,1,0,1,4.0,4.0,7.011194029850746,0.6107989249938919,2
1656,76.56,49.5,4.12,5.0,6.0,0,0,0,R273Sfs*27 V863Gfs*11,0,18.26666667,1,0,0,2.0,3.0,2,3,8,0,0.0,1.0,1,0,1,6.0,5.0,5.664179104477612,0.6769693654266958,1
1657,75.89,30.0,2.06,0.0,2.0,H1047R,0,0,0,0,126.6666667,1,0,1,2.0,3.0,2,2,2,0,0.0,0.0,2,0,1,6.0,5.0,2.8955223880597014,0.4179437169127891,0
1658,68.48,23.0,4.046,0.0,7.0,0,R337H,0,0,0,81.5,1,0,1,2.0,3.0,2,3,10,0,0.0,0.0,2,0,0,6.0,5.0,5.636567164179104,1.2113764044943818,1
1659,36.81,20.0,4.04,2.0,4.0,H1047L,0,0,0,0,140.33333330000002,0,1,0,2.0,2.0,2,1,5,3,0.0,0.0,0,0,0,4.0,4.0,5.434328358208955,20.0,1
1660,60.12,21.0,4.042,0.0,6.0,H1047R,E198*,0,0,0,128.1,1,1,1,2.0,3.0,2,1,10,3,0.0,0.0,2,0,0,6.0,5.0,5.635074626865672,1.5656063618290261,1
1661,63.22,25.0,6.05,5.0,2.0,0,R273H,0,0,0,17.2,0,0,0,2.0,3.0,1,0,2,2,0.0,1.0,0,1,1,6.0,5.0,8.384328358208954,1.6149870801033592,2
1662,58.25,49.5,6.11,5.0,7.0,0,G266V,0,0,0,110.8666667,0,1,0,2.0,3.0,2,0,6,3,0.0,0.0,0,0,1,6.0,5.0,8.406716417910447,4.068493150684931,2
1663,82.0,49.5,3.12,0.0,9.0,0,R306*,0,0,0,152.93333330000002,1,0,0,2.0,2.0,1,3,0,0,0.0,1.0,1,0,1,4.0,4.0,4.291044776119403,1.1785714285714286,0
1664,63.2,22.0,3.044,0.0,3.0,0,0,0,0,0,281.5,1,0,1,2.0,2.0,2,3,9,0,0.0,0.0,2,0,0,4.0,4.0,4.262686567164179,0.9482758620689654,0
1665,57.77,25.0,3.05,0.0,4.0,0,N345_L348delinsM,0,0,0,37.86666667,0,1,0,2.0,2.0,2,1,6,3,0.0,1.0,0,0,1,4.0,4.0,4.264925373134329,1.4068655036578501,0
1666,73.42,22.0,3.044,0.0,8.0,0,Q317R,X308_splice,0,0,85.03333333,1,0,0,2.0,2.0,2,1,7,0,0.0,1.0,1,0,0,4.0,4.0,4.262686567164179,0.6582884500299222,0
1667,60.77,25.0,6.05,5.0,7.0,0,0,0,0,0,16.7,0,1,0,2.0,3.0,1,0,6,3,0.0,1.0,0,0,1,6.0,5.0,8.384328358208954,1.8054886856042367,2
1668,69.28,11.0,4.022,1.0,9.0,0,0,S426Ifs*81,0,0,97.4,1,0,1,2.0,2.0,1,3,0,0,0.0,0.0,2,0,0,4.0,4.0,5.027611940298508,0.3756830601092896,1
1669,72.71,10.0,3.02,0.0,9.0,0,0,0,0,0,102.7,1,1,0,2.0,2.0,2,2,6,3,0.0,0.0,1,0,0,4.0,4.0,4.253731343283582,0.3057169061449099,0
1670,74.52,16.0,3.032,0.0,7.0,E545K,0,0,0,X230_splice,57.93333333,1,0,1,2.0,2.0,1,3,4,0,0.0,0.0,2,0,0,4.0,4.0,4.25820895522388,0.46349942062572425,0
1671,50.44,27.0,4.053999999999999,2.0,5.0,H1047R,0,0,E1404Rfs*16,R732Q,91.23333333,1,0,1,2.0,2.0,0,5,3,1,0.0,0.0,2,0,1,4.0,4.0,5.43955223880597,2.5862068965517246,1
1672,74.2,30.0,5.06,4.0,9.0,0,0,0,R364W L319del,0,50.46666667,1,0,0,2.0,2.0,1,2,9,1,0.0,0.0,1,0,1,4.0,4.0,6.614925373134328,0.8771929824561403,1
1673,70.84,26.0,3.052,2.0,2.0,H1047Y G118D,0,0,0,0,45.33333333,1,0,0,2.0,3.0,2,3,9,1,0.0,0.0,1,0,1,6.0,5.0,4.065671641791044,0.4215304798962386,0
1674,58.8,19.0,3.0380000000000003,1.0,11.0,E545K E542K E726K D725N,0,X308_splice,0,0,109.9333333,1,0,1,2.0,3.0,0,2,3,1,0.0,0.0,2,0,0,6.0,5.0,3.66044776119403,0.5053191489361702,0
1675,54.44,17.0,5.034,1.0,7.0,0,E224D,0,0,0,58.6,0,0,0,2.0,3.0,2,0,1,2,0.0,0.0,0,1,0,6.0,5.0,6.405223880597015,1.7659279778393353,1
1676,69.94,24.0,4.048,0.0,2.0,0,0,T420M,0,0,50.9,0,0,0,2.0,3.0,2,6,5,2,0.0,0.0,0,1,1,6.0,5.0,5.637313432835821,1.2024048096192386,1
1677,68.28,27.0,5.053999999999999,2.0,3.0,0,0,0,0,0,54.76666667,0,0,0,2.0,3.0,2,0,1,2,0.0,1.0,0,1,1,6.0,5.0,6.812686567164178,1.432107496463932,1
1678,70.25,23.0,2.046,0.0,7.0,H1047R,0,0,L1489* D1222Gfs*19,0,74.03333333,1,0,1,2.0,3.0,1,2,8,1,0.0,0.0,2,0,0,6.0,5.0,2.8902985074626866,0.38016528925619836,0
1679,68.9,40.0,4.08,0.0,3.0,0,0,0,0,0,70.06666667,1,0,1,2.0,3.0,1,3,10,0,0.0,0.0,2,0,1,6.0,5.0,5.649253731343284,2.076124567474048,1
1680,60.96,20.0,4.04,0.0,5.0,0,0,0,0,0,19.83333333,0,0,0,2.0,3.0,2,0,1,2,0.0,1.0,0,1,0,6.0,5.0,5.634328358208955,1.4312977099236641,1
1681,30.53,18.0,2.036,0.0,5.0,0,0,0,0,0,46.43333333,1,0,1,2.0,3.0,2,2,9,1,0.0,0.0,2,0,0,6.0,5.0,2.8865671641791044,9.0,0
1682,67.57,19.0,5.038,1.0,16.0,0,M44Cfs*79,0,0,0,68.7,1,0,1,2.0,3.0,2,0,0,0,0.0,0.0,2,0,0,6.0,5.0,6.406716417910448,1.0337323177366704,1
1683,63.79,25.0,4.05,0.0,3.0,0,0,M293K,0,0,78.16666667,1,0,1,2.0,3.0,2,3,9,0,0.0,0.0,2,0,1,6.0,5.0,5.638059701492537,1.5762925598991173,1
1684,36.63,27.0,5.053999999999999,1.0,5.0,0,A159V,0,0,0,135.33333330000002,0,0,0,2.0,3.0,2,6,1,2,0.0,0.0,0,1,1,6.0,5.0,6.4126865671641795,40.5,1
1685,72.12,40.0,4.08,3.0,5.0,0,0,0,0,0,86.53333333,1,0,0,2.0,2.0,1,1,10,0,0.0,1.0,1,0,1,4.0,4.0,5.849253731343284,1.2453300124533,1
1686,68.44,21.0,3.042,0.0,8.0,H1047R,0,0,0,0,80.73333333,1,0,1,2.0,2.0,1,3,3,1,0.0,0.0,2,0,0,4.0,4.0,4.261940298507462,0.7383966244725739,0
1687,44.47,27.0,5.053999999999999,2.0,10.0,H1047R,E349_G356del,0,0,0,71.63333333,0,1,0,2.0,3.0,1,1,6,3,0.0,1.0,0,0,1,6.0,5.0,6.812686567164178,9.06040268456376,1
1688,70.61,34.0,3.068,0.0,7.0,H1047R,0,0,0,A719Lfs*3,85.5,1,0,1,2.0,2.0,2,3,9,0,0.0,0.0,2,0,1,4.0,4.0,4.271641791044776,1.1107481215289121,0
1689,66.66,40.0,5.08,2.0,6.0,H1047R,H193R,0,0,0,27.96666667,0,0,0,2.0,3.0,2,6,1,2,0.0,1.0,0,1,1,6.0,5.0,6.822388059701492,2.2505626406601653,1
1690,54.92,18.0,4.0360000000000005,0.0,9.0,G414R,0,0,0,0,70.26666667,1,0,0,2.0,3.0,2,3,0,0,0.0,0.0,1,0,0,6.0,5.0,5.632835820895522,1.809651474530831,1
1691,65.22,13.0,4.026,0.0,2.0,0,Q165*,0,0,0,80.23333333,0,0,0,2.0,3.0,2,6,5,2,0.0,0.0,0,1,0,6.0,5.0,5.62910447761194,0.7731958762886599,1
1692,35.27,26.0,4.052,1.0,6.0,0,0,0,T1145Nfs*6,0,111.7,1,0,1,2.0,2.0,1,3,3,1,0.0,0.0,2,0,1,4.0,4.0,5.038805970149253,26.0,1
1693,60.56,15.0,6.03,5.0,6.0,C420R,R342P,0,0,0,36.96666667,0,1,0,2.0,3.0,1,1,6,3,0.0,1.0,0,0,0,6.0,5.0,8.376865671641792,1.0943579766536964,2
1694,65.94,28.0,4.056,2.0,8.0,0,0,P408Afs*99,0,0,89.8,1,0,0,2.0,2.0,2,3,0,0,0.0,0.0,1,0,1,4.0,4.0,5.440298507462686,1.079414032382421,1
1695,43.45,23.0,2.046,0.0,7.0,E545K,Q331*,0,0,0,76.86666667,1,0,1,2.0,3.0,1,2,4,1,0.0,0.0,2,0,0,6.0,5.0,2.8902985074626866,3.3333333333333304,0
1696,74.21,49.5,4.1,1.0,5.0,Y1021H,0,0,0,0,31.33333333,0,0,0,2.0,2.0,0,0,4,2,0.0,0.0,0,1,1,4.0,4.0,5.056716417910447,1.446945337620579,1
1697,60.58,40.0,5.08,1.0,5.0,0,V173L,0,0,0,85.36666667,0,0,0,2.0,3.0,2,0,1,1,0.0,0.0,0,1,1,6.0,5.0,6.422388059701493,2.915451895043732,1
1698,79.36,23.0,2.046,0.0,4.0,H1047R,0,0,0,0,71.46666667,1,0,1,2.0,3.0,1,2,3,1,0.0,0.0,2,0,0,6.0,5.0,2.8902985074626866,0.2921747967479675,0
1699,78.73,43.0,3.0860000000000003,0.0,3.0,0,0,0,0,0,75.1,1,0,1,2.0,2.0,1,2,3,1,0.0,0.0,2,0,1,4.0,4.0,4.278358208955224,1.110250451846114,0
1700,45.3,49.5,6.1,5.0,4.0,E545K,0,0,0,0,32.06666667,0,1,0,2.0,3.0,1,1,6,3,0.0,1.0,0,0,1,6.0,5.0,8.402985074626866,14.00943396226416,2
1701,54.48,18.0,5.0360000000000005,2.0,4.0,0,Y236S,0,0,0,120.4333333,0,0,0,2.0,3.0,2,0,1,2,0.0,0.0,0,1,0,6.0,5.0,6.8059701492537314,1.864640883977901,1
1702,68.74,15.0,2.03,0.0,3.0,0,0,0,0,0,86.4,1,0,1,2.0,3.0,1,2,9,1,0.0,0.0,2,0,0,6.0,5.0,2.884328358208955,0.2609603340292276,0
1703,57.62,22.0,5.044,1.0,16.0,0,0,0,0,0,81.03333333,0,0,0,2.0,3.0,2,0,1,2,0.0,0.0,0,1,0,6.0,5.0,6.408955223880597,1.872871736662883,1
1704,78.19,49.5,4.124,1.0,2.0,0,R342P,0,0,0,49.2,0,0,0,2.0,2.0,1,0,4,2,0.0,1.0,0,1,1,4.0,4.0,5.065671641791044,1.2961508248232523,1
1705,81.32,22.0,4.044,1.0,6.0,0,0,0,0,0,71.83333333,1,0,0,2.0,2.0,1,2,4,1,0.0,0.0,1,0,0,4.0,4.0,5.035820895522388,0.5324298160697,1
1706,79.48,25.0,1.05,0.0,16.0,H1047R,0,0,0,C686*,101.9666667,1,0,1,2.0,3.0,1,2,3,1,0.0,0.0,2,0,1,6.0,5.0,4.518656716417911,0.9498480243161094,0
1707,61.72,26.0,3.052,1.0,11.0,E545K M1004I,0,0,S242L,0,88.5,1,0,1,2.0,3.0,1,3,9,0,0.0,0.0,2,0,1,6.0,5.0,3.665671641791045,0.5985267034990792,0
1708,72.65,18.0,4.0360000000000005,0.0,7.0,0,0,0,0,0,91.53333333,1,0,1,2.0,3.0,2,6,4,1,0.0,0.0,2,0,0,6.0,5.0,5.632835820895522,0.8269525267993872,1
1709,67.24,15.0,3.03,0.0,4.0,H1047R,0,0,0,0,86.83333333,1,0,1,2.0,2.0,0,6,4,1,0.0,0.0,2,0,0,4.0,4.0,4.257462686567164,0.5506607929515419,0
1710,61.39,20.0,3.04,0.0,3.0,0,R306*,0,0,0,94.93333333,0,0,0,2.0,2.0,2,1,5,2,0.0,1.0,0,1,0,4.0,4.0,4.2611940298507465,0.9350163627863487,0
1711,76.02,23.0,3.0460000000000003,0.0,8.0,E542K,0,0,0,0,146.4,1,1,0,2.0,2.0,1,1,7,0,0.0,0.0,1,0,0,4.0,4.0,4.263432835820896,0.6385341476957247,0
1712,36.27,14.0,3.028,0.0,5.0,0,R110L,0,0,0,88.46666667,1,0,0,2.0,2.0,2,1,0,0,0.0,0.0,1,0,0,4.0,4.0,4.2567164179104475,14.0,0
1713,48.75,18.0,4.0360000000000005,0.0,7.0,0,0,0,0,0,102.0333333,0,0,0,2.0,3.0,2,0,5,2,0.0,0.0,0,1,0,6.0,5.0,5.632835820895522,3.0857142857142854,1
1714,64.99,22.5,4.045,1.0,5.0,0,Q167*,0,0,0,65.13333333,1,1,1,2.0,2.0,1,1,6,0,0.0,1.0,2,0,0,4.0,4.0,5.036194029850746,0.9003601440576232,1
1715,63.44,20.0,3.04,0.0,4.0,0,P278S,0,0,0,85.93333333,1,0,0,2.0,2.0,2,1,7,0,0.0,1.0,1,0,0,4.0,4.0,4.2611940298507465,0.8532423208191127,0
1716,45.45,17.9,4.0358,0.0,3.0,0,P177_C182del,0,0,0,106.1333333,0,0,0,2.0,3.0,2,6,10,2,0.0,0.0,0,1,0,6.0,5.0,5.63276119402985,4.926605504587153,1
1717,45.64,14.5,4.029,0.0,6.0,0,R306*,0,0,0,122.1333333,1,0,1,2.0,3.0,2,2,4,0,0.0,0.0,2,0,0,6.0,5.0,5.630223880597015,3.856382978723404,1
1718,73.74,12.8,5.0256,2.0,5.0,0,I195T,0,0,0,30.43333333,0,0,1,2.0,3.0,0,6,1,2,0.0,1.0,1,0,0,6.0,5.0,6.802089552238805,0.5690574985180796,1
1719,54.87,26.0,4.052,0.0,6.0,0,R306*,0,0,0,9.133333333,0,0,0,2.0,3.0,0,0,1,1,0.0,1.0,0,1,1,6.0,5.0,5.638805970149253,2.622730329522529,1
1720,71.82,21.0,5.042,5.0,20.0,0,0,G242S,0,0,117.0,1,0,1,2.0,2.0,1,2,3,1,0.0,0.0,2,0,0,4.0,4.0,7.00820895522388,0.6599622878692648,2
1721,72.81,22.0,4.044,2.0,8.0,0,S241F,0,0,C686Vfs*2,43.83333333,0,0,0,2.0,2.0,2,5,5,1,0.0,1.0,0,1,0,4.0,4.0,5.4358208955223875,0.6705272782688204,1
1722,45.81,27.0,3.054,4.0,7.0,0,0,0,0,E702Gfs*46,122.5,1,0,1,2.0,3.0,1,5,3,1,0.0,0.0,2,0,1,6.0,5.0,6.866417910447761,6.970740103270221,1
1723,50.55,24.0,6.047999999999999,5.0,6.0,Q546P,E298*,0,0,0,119.3333333,0,1,0,2.0,3.0,2,1,6,3,0.0,0.0,0,0,1,6.0,5.0,8.383582089552238,3.412322274881517,2
1724,69.25,49.5,4.1,5.0,4.0,0,0,0,0,Q351Sfs*7,112.6666667,1,0,0,2.0,3.0,2,2,3,1,0.0,0.0,1,0,1,6.0,5.0,5.656716417910448,0.8461538461538461,1
1725,61.6,20.0,3.04,0.0,4.0,H1047R G1007R,0,0,0,0,96.76666667,1,0,0,2.0,2.0,1,5,4,1,0.0,0.0,1,0,0,4.0,4.0,4.2611940298507465,0.9259259259259258,0
1726,63.77,16.0,3.032,1.0,5.0,E545K,0,0,0,0,95.86666667,1,0,1,2.0,3.0,2,2,3,1,0.0,0.0,2,0,0,6.0,5.0,3.6582089552238806,0.336558687421119,0
1727,76.77,20.0,4.04,0.0,7.0,P104L,0,A441Rfs*66,0,0,86.6,1,0,1,2.0,3.0,2,2,3,1,0.0,0.0,2,0,0,6.0,5.0,5.634328358208955,0.8158825129181398,1
1728,45.35,19.0,3.0380000000000003,0.0,6.0,0,0,0,S626Mfs*11 C1257W,0,107.8666667,1,0,1,2.0,2.0,1,3,10,0,0.0,0.0,2,0,0,4.0,4.0,4.26044776119403,3.5514018691588776,0
1729,64.24,18.5,5.037,1.0,7.0,0,0,0,0,0,89.76666667,0,0,0,2.0,3.0,0,1,3,1,0.0,0.0,0,1,0,6.0,5.0,6.40634328358209,1.14480198019802,1
1730,69.64,15.5,3.031,0.0,4.0,H1047R,L194R,0,0,0,105.0,0,1,0,2.0,2.0,0,1,6,3,0.0,0.0,0,0,0,4.0,4.0,4.257835820895522,0.5229419703103914,0
1731,58.95,26.0,4.052,0.0,7.0,0,R273C,0,0,0,98.46666667,1,1,0,2.0,3.0,2,1,10,3,0.0,0.0,1,0,1,6.0,5.0,5.638805970149253,2.0580474934036936,1
1732,67.6,21.5,4.043,0.0,14.0,C420R,P153Afs*28,0,0,0,114.6,0,1,0,2.0,3.0,1,1,6,3,0.0,0.0,0,0,0,6.0,5.0,5.63544776119403,1.1684782608695654,1
1733,68.76,2.0,5.004,2.0,6.0,H1047R,N239_S240del,0,0,0,108.0666667,1,0,1,2.0,3.0,2,1,10,0,0.0,0.0,2,0,0,6.0,5.0,6.794029850746268,0.10431154381084837,1
1734,27.56,18.0,4.0360000000000005,0.0,22.0,M1043V,0,0,M852T,0,102.0666667,1,0,1,2.0,3.0,1,1,3,0,0.0,0.0,2,0,0,6.0,5.0,5.632835820895522,27.0,1
1735,71.24,49.5,5.13,5.0,8.0,0,E349*,0,0,0,52.33333333,1,0,1,2.0,2.0,1,3,0,0,0.0,1.0,2,0,1,4.0,4.0,7.041044776119403,1.5845070422535215,2
1736,54.69,20.0,6.04,5.0,5.0,E726K,G302Rfs*4,0,0,0,137.93333330000002,0,1,0,2.0,3.0,2,0,6,3,0.0,0.0,0,0,0,6.0,5.0,8.380597014925373,2.042205582028591,2
1737,51.36,18.0,2.036,0.0,4.0,0,0,0,0,0,108.1666667,1,0,0,2.0,3.0,0,5,4,1,0.0,0.0,1,0,0,6.0,5.0,2.8865671641791044,0.7922535211267606,0
1738,64.4,16.0,3.032,0.0,5.0,0,0,0,0,0,111.6333333,1,0,0,2.0,2.0,2,3,0,0,0.0,0.0,1,0,0,4.0,4.0,4.25820895522388,0.6557377049180326,0
1739,56.13,22.0,3.044,0.0,6.0,0,0,0,0,0,142.66666669999998,1,0,1,2.0,2.0,1,2,8,1,0.0,0.0,2,0,0,4.0,4.0,4.262686567164179,1.363918164910105,0
1740,37.89,17.0,5.034,5.0,6.0,H1047R,0,0,0,0,101.2666667,1,0,1,2.0,2.0,2,2,3,1,0.0,0.0,2,0,0,4.0,4.0,7.005223880597015,17.0,2
1741,74.8,49.5,4.1,0.0,6.0,H1047R,0,0,0,0,4.166666667,0,0,0,2.0,3.0,1,6,1,2,0.0,1.0,0,1,1,6.0,5.0,5.656716417910448,2.1336206896551726,1
1742,70.3,30.0,4.06,1.0,5.0,H1047L,0,0,0,0,91.06666667,1,0,0,2.0,2.0,0,6,4,2,0.0,0.0,1,0,1,4.0,4.0,5.041791044776119,0.9900990099009902,1
1743,64.01,17.0,2.0340000000000003,0.0,5.0,H1047R,0,X308_splice,0,0,91.23333333,1,0,1,2.0,3.0,2,2,9,1,0.0,0.0,2,0,0,6.0,5.0,2.885820895522388,0.3540191586838816,0
1744,69.12,28.0,4.056,0.0,6.0,0,0,0,0,0,140.2333333,0,0,0,2.0,3.0,1,6,1,2,0.0,0.0,0,1,1,6.0,5.0,5.640298507462687,1.442307692307692,1
1745,57.07,20.0,5.04,1.0,2.0,0,C135W,0,0,0,98.26666667,0,1,0,2.0,3.0,2,1,6,3,0.0,0.0,0,0,0,6.0,5.0,6.407462686567165,1.757469244288225,1
1746,50.42,26.0,3.052,0.0,8.0,0,G154V,0,0,0,105.46666670000002,1,0,1,2.0,2.0,2,3,10,0,0.0,0.0,2,0,1,4.0,4.0,4.2656716417910445,2.4952015355086368,0
1747,74.07,49.5,4.12,0.0,4.0,0,I50*,0,0,0,116.53333329999998,0,1,0,2.0,3.0,2,0,1,2,0.0,0.0,0,0,1,6.0,5.0,5.664179104477612,2.179336659818022,1
1748,60.5,30.0,4.06,3.0,3.0,0,0,0,0,0,110.1,1,0,1,2.0,2.0,0,5,8,1,0.0,0.0,2,0,1,4.0,4.0,5.841791044776119,1.4634146341463414,1
1749,70.52,18.0,4.0360000000000005,2.0,2.0,0,0,0,0,0,123.53333329999998,1,0,1,2.0,2.0,2,3,10,0,0.0,0.0,2,0,0,4.0,4.0,5.432835820895522,0.5897771952817825,1
1750,66.61,14.0,5.0280000000000005,3.0,6.0,0,X261_splice,0,0,0,5.066666667,0,0,0,2.0,3.0,2,0,1,1,0.0,0.0,0,1,0,6.0,5.0,7.202985074626866,0.7891770011273957,2
1751,72.05,25.0,5.05,2.0,9.0,0,M246V,0,0,0,123.53333329999998,1,1,0,2.0,3.0,1,1,6,3,0.0,0.0,1,0,1,6.0,5.0,6.811194029850746,1.170046801872075,1
1752,47.7,18.0,5.0360000000000005,1.0,10.0,0,P151A,0,0,0,118.9,0,0,0,2.0,3.0,1,6,1,2,0.0,0.0,0,1,0,6.0,5.0,6.405970149253732,3.5064935064935048,1
1753,48.52,17.0,5.034,3.0,4.0,E545K,E294*,0,0,0,109.76666670000002,0,0,0,2.0,3.0,2,0,1,2,0.0,0.0,0,1,0,6.0,5.0,7.205223880597015,2.992957746478872,2
1754,55.71,18.0,4.0360000000000005,4.0,3.0,H1047R,Y236C,0,0,0,110.26666670000002,1,0,1,2.0,3.0,2,2,8,1,0.0,0.0,2,0,0,6.0,5.0,5.232835820895522,0.5728835136855506,1
1755,55.67,20.0,2.04,0.0,10.0,0,0,S426Pfs*79,0,0,122.4,1,0,1,2.0,3.0,2,1,0,0,0.0,0.0,2,0,0,6.0,5.0,2.888059701492537,0.6381620931716655,0
1756,76.25,16.9,3.0338,2.0,3.0,E545K,0,0,0,0,125.8333333,1,0,1,2.0,3.0,1,2,3,1,0.0,0.0,2,0,0,6.0,5.0,4.058880597014925,0.23310344827586205,0
1757,60.75,24.4,4.0488,0.0,3.0,E545K,0,0,0,0,113.3666667,1,0,1,2.0,3.0,1,3,10,0,0.0,0.0,2,0,1,6.0,5.0,5.637611940298507,1.7638554216867468,1
1758,74.64,25.0,2.05,0.0,3.0,H1047R,0,0,0,0,115.6333333,1,0,0,2.0,3.0,2,2,9,0,0.0,0.0,1,0,1,6.0,5.0,2.8917910447761193,0.3608545034642032,0
1759,48.27,12.5,4.025,1.0,6.0,0,0,0,0,0,124.0,1,0,1,2.0,2.0,2,2,3,1,0.0,0.0,2,0,0,4.0,4.0,5.028731343283582,1.51148730350665,1
1760,60.09,40.3,2.0806,2.0,10.0,H1047R,0,0,0,S36Kfs*23,65.16666667,1,0,0,2.0,3.0,2,3,9,0,0.0,1.0,1,0,1,6.0,5.0,5.7032089552238805,3.008959681433548,1
1761,80.31,38.0,4.0760000000000005,2.0,5.0,0,0,0,0,0,163.16666669999998,1,0,1,2.0,2.0,2,3,10,0,0.0,0.0,2,0,1,4.0,4.0,5.447761194029851,0.9426941205656164,1
1762,70.56,28.0,5.056,2.0,3.0,0,0,0,0,0,156.33333330000002,1,0,1,2.0,3.0,2,3,9,0,0.0,0.0,2,0,1,6.0,5.0,6.813432835820896,1.3743455497382198,1
1763,49.16,15.5,3.031,0.0,5.0,R108del,0,0,0,Q511*,124.26666670000002,1,0,1,2.0,2.0,0,2,3,1,0.0,0.0,2,0,0,4.0,4.0,4.257835820895522,1.692139737991267,0
1764,73.16,20.0,3.04,1.0,6.0,0,0,0,0,0,104.1,1,0,1,2.0,3.0,1,3,3,0,0.0,0.0,2,0,0,6.0,5.0,3.661194029850746,0.3015681544028951,0
1765,59.93,19.0,5.038,2.0,3.0,0,R175H,0,0,0,122.8333333,1,0,0,2.0,3.0,1,6,7,2,0.0,0.0,1,0,0,6.0,5.0,6.806716417910447,1.4300050175614651,1
1766,80.13,29.0,4.058,5.0,7.0,N345K,0,0,0,0,37.5,1,0,1,2.0,3.0,0,2,2,1,0.0,1.0,2,0,1,6.0,5.0,5.6410447761194025,0.36132569150261656,1
1767,67.85,30.0,5.06,3.0,11.0,N345K,0,0,0,0,56.93333333,1,0,0,2.0,3.0,1,2,9,0,0.0,1.0,1,0,1,6.0,5.0,7.214925373134328,1.6157989228007184,2
1768,67.27,19.0,6.037999999999999,5.0,6.0,0,0,0,0,X522_splice,117.53333329999998,1,0,1,2.0,3.0,2,3,2,0,0.0,0.0,2,0,0,6.0,5.0,8.379850746268657,1.0451045104510452,2
1769,52.12,49.5,6.1,5.0,3.0,E545A,R273H,0,0,0,30.16666667,1,0,1,2.0,3.0,1,0,0,0,0.0,1.0,2,0,1,6.0,5.0,8.402985074626866,6.126237623762377,2
1770,40.74,40.0,4.08,0.0,2.0,0,0,0,0,0,64.7,1,0,1,2.0,3.0,0,3,2,0,0.0,1.0,2,0,1,6.0,5.0,5.649253731343284,50.0,1
1771,66.04,10.0,2.02,0.0,6.0,H1047R,0,0,X655_splice D510Ifs*47,0,136.7,1,0,1,2.0,3.0,1,2,8,1,0.0,0.0,2,0,0,6.0,5.0,2.8805970149253732,0.1920122887864823,0
1772,55.57,16.0,4.032,0.0,8.0,0,C242Afs*5,0,0,0,123.26666670000002,0,0,0,2.0,3.0,2,0,1,2,0.0,0.0,0,1,0,6.0,5.0,5.63134328358209,1.541425818882466,1
1773,80.56,49.5,4.14,0.0,5.0,0,0,0,0,0,141.7333333,1,1,0,2.0,3.0,2,1,6,3,0.0,0.0,1,0,1,6.0,5.0,5.671641791044776,1.8306213017751478,1
1774,77.17,40.0,4.08,1.0,11.0,0,0,0,0,V384Gfs*3,33.36666667,1,0,0,2.0,2.0,2,3,9,0,0.0,1.0,1,0,1,4.0,4.0,5.049253731343283,1.0761366693570082,1
1775,70.15,20.0,3.04,0.0,2.0,0,0,0,0,0,140.56666669999998,1,0,1,2.0,2.0,1,2,9,1,0.0,0.0,2,0,0,4.0,4.0,4.2611940298507465,0.6633499170812602,0
1776,54.53,23.0,5.046,2.0,8.0,0,R110Pfs*39,0,0,0,128.36666670000002,0,0,0,2.0,3.0,2,0,1,2,0.0,0.0,0,1,0,6.0,5.0,6.809701492537313,2.3743977976600137,1
1777,49.02,38.0,6.0760000000000005,4.0,3.0,0,0,0,0,0,88.83333333,0,0,0,2.0,3.0,0,6,1,2,0.0,0.0,0,1,1,6.0,5.0,7.994029850746268,6.319290465631926,2
1778,83.39,30.0,5.06,1.0,5.0,0,R248W,0,Q1199*,0,29.9,1,0,0,2.0,3.0,1,0,4,0,0.0,0.0,1,0,1,6.0,5.0,6.414925373134329,1.037105323807329,1
1779,56.97,36.0,2.072,0.0,7.0,0,0,0,0,0,137.66666669999998,1,0,1,2.0,3.0,1,2,0,1,0.0,0.0,2,0,1,6.0,5.0,2.9,1.060695344725987,0
1780,71.16,20.0,4.04,1.0,3.0,0,0,0,L972Yfs*7,0,139.6,1,0,1,2.0,2.0,2,2,8,0,0.0,0.0,2,0,0,4.0,4.0,5.034328358208955,0.6418485237483954,1
1781,52.43,19.0,3.0380000000000003,0.0,2.0,0,0,0,0,0,135.33333330000002,1,0,1,2.0,3.0,1,5,10,0,0.0,0.0,2,0,0,6.0,5.0,5.26044776119403,2.2928399034593725,1
1782,71.05,21.0,3.042,0.0,5.0,0,0,0,0,0,60.26666667,1,1,1,2.0,2.0,2,2,6,3,0.0,0.0,2,0,0,4.0,4.0,4.261940298507462,0.676328502415459,0
1783,72.28,31.0,5.062,3.0,5.0,0,0,0,0,0,102.9666667,1,0,0,2.0,3.0,2,3,10,1,0.0,1.0,1,0,1,6.0,5.0,7.215671641791045,1.4405204460966543,2
1784,58.04,21.0,5.042,1.0,14.0,0,0,0,0,0,134.7333333,1,0,0,2.0,3.0,1,3,9,0,0.0,0.0,1,0,0,6.0,5.0,6.408208955223881,1.746119733924612,1
1785,69.06,19.0,3.0380000000000003,0.0,2.0,H1047R,0,0,0,0,131.6,1,0,1,2.0,2.0,1,3,8,1,0.0,0.0,2,0,0,4.0,4.0,4.26044776119403,0.653819683413627,0
1786,71.41,18.0,5.0360000000000005,2.0,8.0,0,0,D335Gfs*17,0,0,23.83333333,1,0,0,2.0,3.0,2,3,0,0,0.0,1.0,1,0,0,6.0,5.0,6.8059701492537314,0.8595988538681949,1
1787,56.93,26.0,6.0520000000000005,5.0,7.0,0,0,0,0,0,26.73333333,0,1,0,2.0,3.0,0,1,6,3,0.0,1.0,0,0,1,6.0,5.0,8.385074626865672,2.303603071470762,2
1788,64.24,21.0,2.042,0.0,3.0,0,0,S426Ifs*81,0,0,179.8,1,0,0,2.0,3.0,1,2,4,1,0.0,0.0,1,0,0,6.0,5.0,4.888805970149254,1.2995049504950498,0
1789,68.16,22.0,4.044,0.0,3.0,0,0,0,0,0,123.0,1,0,1,2.0,3.0,2,3,9,0,0.0,0.0,2,0,0,6.0,5.0,5.635820895522388,1.1718750000000002,1
1790,58.27,49.5,6.12,5.0,8.0,0,0,0,0,0,90.8,1,0,0,2.0,3.0,1,3,9,0,0.0,1.0,1,0,1,6.0,5.0,8.41044776119403,4.064039408866995,2
1791,78.16,11.8,3.0236,0.0,8.0,0,0,X350_splice,A1260Vfs*9 S371Qfs*10,0,138.56666669999998,1,0,1,2.0,2.0,2,2,8,1,0.0,0.0,2,0,0,4.0,4.0,4.255074626865672,0.309224318658281,0
1792,55.52,13.0,3.026,0.0,2.0,0,0,0,T542Nfs*17,0,175.9,1,0,1,2.0,2.0,2,3,2,0,0.0,0.0,2,0,0,4.0,4.0,4.255970149253731,0.8376288659793812,0
1793,61.38,34.0,4.0680000000000005,0.0,1.0,0,0,0,0,0,186.3666667,0,1,0,2.0,3.0,2,1,6,3,0.0,0.0,0,0,1,6.0,5.0,5.6447761194029855,2.385406922357343,1
1794,59.34,22.5,4.045,0.0,4.0,N345K,R282W,0,0,0,102.6333333,1,0,1,2.0,3.0,2,3,9,0,0.0,0.0,2,0,0,6.0,5.0,5.6361940298507465,1.745087900723888,1
1795,44.42,25.0,5.05,2.0,9.0,0,E51*,0,0,0,138.33333330000002,0,0,0,2.0,3.0,2,0,1,2,0.0,0.0,0,1,1,6.0,5.0,6.811194029850746,8.484162895927598,1
1796,76.98,30.0,4.06,0.0,6.0,0,0,A395Rfs*120,0,0,168.6,1,0,1,2.0,3.0,2,3,7,0,0.0,0.0,2,0,1,6.0,5.0,5.641791044776119,1.2168739859383448,1
1797,66.52,49.5,6.1,5.0,5.0,0,0,0,0,0,44.63333333,1,0,0,2.0,3.0,1,3,10,0,0.0,0.0,1,0,1,6.0,5.0,8.402985074626866,2.799773755656109,2
1798,70.88,37.0,4.074,0.0,5.0,E545K,R175H,0,0,0,128.96666670000002,1,0,0,2.0,3.0,2,3,3,0,0.0,0.0,1,0,1,6.0,5.0,5.647014925373134,1.7972797927461144,1
1799,59.06,21.0,4.042,0.0,9.0,0,R196*,0,0,0,144.43333330000002,0,0,0,2.0,3.0,2,0,1,2,0.0,0.0,0,1,0,6.0,5.0,5.635074626865672,1.6526757607555087,1
1800,62.13,18.0,4.0360000000000005,0.0,4.0,0,0,0,0,0,195.8,1,0,0,2.0,3.0,2,1,10,0,0.0,0.0,1,0,0,6.0,5.0,5.632835820895522,1.220063262539539,1
1801,74.11,25.0,3.05,0.0,12.0,Q546R,0,0,0,0,142.8,1,0,0,2.0,2.0,2,1,9,0,0.0,0.0,1,0,1,4.0,4.0,4.264925373134329,0.7329228965112871,0
1802,77.54,32.6,4.0652,0.0,14.0,0,R273H,0,0,0,108.46666670000002,0,0,0,2.0,3.0,2,0,1,2,0.0,0.0,0,1,1,6.0,5.0,5.643731343283582,1.302610548748002,1
1803,41.14,17.2,5.0344,1.0,5.0,0,C242Afs*5,0,0,0,149.7666667,0,0,0,2.0,3.0,2,0,1,2,0.0,0.0,0,1,0,6.0,5.0,6.405373134328358,22.63157894736841,1
1804,56.86,19.0,4.038,2.0,7.0,0,0,H348Sfs*4,0,0,219.6333333,1,0,1,2.0,2.0,2,3,9,0,0.0,0.0,2,0,0,4.0,4.0,5.433582089552239,1.1269276393831555,1
1805,50.73,29.0,6.058,5.0,6.0,0,R175H,0,0,0,46.43333333,0,0,0,2.0,3.0,2,6,5,2,0.0,1.0,0,1,1,6.0,5.0,8.387313432835821,4.054054054054055,2
1806,60.45,34.0,4.0680000000000005,0.0,3.0,0,T102Ifs*46,0,0,0,21.93333333,0,0,0,2.0,3.0,2,0,1,1,0.0,1.0,0,1,1,6.0,5.0,5.6447761194029855,2.493887530562347,1
1807,51.34,23.0,4.046,0.0,11.0,0,H179D,0,0,0,148.06666669999998,1,0,1,2.0,3.0,2,1,10,0,0.0,0.0,2,0,0,6.0,5.0,5.636567164179104,3.042328042328042,1
1808,47.67,46.0,5.092,5.0,3.0,0,0,0,0,0,121.53333329999998,1,0,1,2.0,2.0,0,2,7,0,0.0,0.0,2,0,1,4.0,4.0,7.026865671641791,5.997392438070403,2
1809,59.84,13.8,2.0276,0.0,2.0,0,0,0,0,0,140.2,1,0,1,2.0,3.0,1,2,3,1,0.0,0.0,2,0,0,6.0,5.0,2.8834328358208956,0.34778225806451607,0
1810,43.81,30.0,5.06,5.0,3.0,H1047R,0,0,0,X379_splice,52.63333333,1,0,1,2.0,2.0,1,2,3,1,0.0,1.0,2,0,1,4.0,4.0,7.014925373134329,7.874015748031491,2
1811,49.13,15.7,3.0314,2.0,5.0,Q546K,0,0,0,0,211.4,1,0,1,2.0,3.0,2,2,3,1,0.0,0.0,2,0,0,6.0,5.0,4.057985074626865,0.8598028477546547,0
1812,28.78,49.5,5.364,1.0,7.0,0,R175H,0,0,0,147.16666669999998,0,0,0,2.0,3.0,2,0,1,2,0.0,0.0,0,1,1,6.0,5.0,6.528358208955224,50.0,1
1813,43.26,49.5,3.17,0.0,5.0,H1047R,0,R364K,X789_splice,0,141.0333333,1,0,1,2.0,2.0,2,1,9,1,0.0,0.0,2,0,1,4.0,4.0,4.309701492537314,15.18404907975461,0
1814,60.33,25.0,4.05,0.0,9.0,E542K,0,X308_splice,0,0,150.5,1,0,1,2.0,3.0,0,2,8,1,0.0,0.0,2,0,1,6.0,5.0,5.638059701492537,1.8445646827348745,1
1815,58.56,20.0,3.04,0.0,15.0,0,0,S413Qfs*94,0,0,155.4,1,0,0,2.0,2.0,2,2,4,1,0.0,0.0,1,0,0,4.0,4.0,4.2611940298507465,1.0775862068965516,0
1816,71.82,31.0,5.062,3.0,7.0,0,0,0,0,0,160.4,1,0,1,2.0,3.0,2,3,10,0,0.0,0.0,2,0,1,6.0,5.0,7.215671641791045,1.461345065996229,2
1817,62.7,18.3,4.0366,3.0,3.0,0,0,0,0,0,149.3,1,0,1,2.0,2.0,2,3,9,0,0.0,0.0,2,0,0,4.0,4.0,5.833059701492537,0.8061674008810572,1
1818,67.4,21.6,3.0432,0.0,5.0,Q546K,0,0,0,X379_splice,63.53333333,1,0,0,2.0,2.0,2,2,9,0,0.0,0.0,1,0,0,4.0,4.0,4.262388059701492,0.7883211678832116,0
1819,60.63,20.0,4.04,0.0,6.0,0,Y220C,0,0,0,140.7666667,1,0,0,2.0,3.0,2,3,7,0,0.0,0.0,1,0,0,6.0,5.0,5.634328358208955,1.454192922927775,1
1820,50.51,28.5,4.057,1.0,2.0,E542K,0,0,0,0,194.4,1,0,1,2.0,2.0,2,2,9,0,0.0,0.0,2,0,1,4.0,4.0,5.040671641791045,2.711703139866794,1
1821,63.09,21.0,5.042,1.0,6.0,0,0,0,0,0,157.5333333,1,0,0,2.0,3.0,2,3,0,0,0.0,0.0,1,0,0,6.0,5.0,6.408208955223881,1.3642269380684278,1
1822,58.26,27.0,4.053999999999999,0.0,6.0,H1047R,0,0,0,0,49.46666667,1,0,0,2.0,3.0,1,1,10,0,0.0,1.0,1,0,1,6.0,5.0,5.63955223880597,2.217962760131435,1
1823,70.76,16.2,5.0324,5.0,9.0,H1047R,0,0,R273Sfs*27 Q1406Rfs*12,0,125.03333329999998,1,0,1,2.0,2.0,2,2,9,1,0.0,1.0,2,0,0,4.0,4.0,7.004626865671642,0.5266579973992197,2
1824,48.92,33.0,5.066,5.0,15.0,0,0,G242S,E1294Kfs*13 I1249Dfs*24,0,4.866666667,1,0,1,2.0,2.0,2,3,8,0,0.0,0.0,2,0,1,4.0,4.0,7.017164179104477,3.699551569506726,2
1825,49.35,2.3,3.0046,0.0,7.0,0,C242S,0,0,0,146.83333330000002,0,1,0,2.0,2.0,1,5,6,3,0.0,1.0,0,0,0,4.0,4.0,4.2479850746268655,0.24598930481283418,0
1826,58.75,21.0,4.042,1.0,1.0,0,P177_C182del,0,0,0,143.6,1,0,0,2.0,2.0,2,3,0,1,0.0,1.0,1,0,0,4.0,4.0,5.035074626865671,1.12,1
1827,76.65,15.2,4.0304,0.0,3.0,0,0,0,0,0,87.46666667,1,0,1,2.0,3.0,1,3,7,0,0.0,0.0,2,0,0,6.0,5.0,5.630746268656717,0.622100954979536,1
1828,63.71,21.5,3.043,0.0,5.0,0,0,0,0,0,46.66666667,1,0,0,2.0,2.0,2,3,2,0,0.0,1.0,1,0,0,4.0,4.0,4.262313432835821,0.906790383804302,0
1829,72.99,25.0,3.05,0.0,3.0,H1047R G106R,0,0,0,0,80.43333333,1,0,1,2.0,2.0,1,2,9,1,0.0,0.0,2,0,1,4.0,4.0,4.264925373134329,0.7578053955744166,0
1830,67.99,49.5,6.15,4.0,5.0,H1047R,X224_splice,0,0,0,107.1,1,0,1,2.0,3.0,2,1,10,0,0.0,1.0,2,0,1,6.0,5.0,8.021641791044775,2.6527331189710615,2
1831,70.58,20.0,4.04,1.0,7.0,N345K,0,0,0,0,187.8666667,1,0,1,2.0,2.0,2,3,9,0,0.0,0.0,2,0,0,4.0,4.0,5.034328358208955,0.6540222367560498,1
1832,67.89,40.0,4.08,0.0,4.0,0,K291*,0,0,0,16.73333333,1,0,1,2.0,3.0,2,0,7,0,0.0,1.0,2,0,1,6.0,5.0,5.649253731343284,2.1513087128002866,1
1833,81.14,20.0,4.04,1.0,4.0,0,0,0,0,0,76.0,1,0,0,2.0,2.0,2,3,9,0,0.0,0.0,1,0,0,4.0,4.0,5.034328358208955,0.48614487117160915,1
1834,71.69,23.0,4.046,0.0,7.0,H1047R R108H,0,Y290Lfs*14,0,0,97.6,1,0,1,2.0,3.0,1,3,9,0,0.0,0.0,2,0,0,6.0,5.0,5.636567164179104,1.08867150520669,1
1835,62.07,16.0,3.032,0.0,4.0,0,K132N E62*,0,0,0,163.43333330000002,0,0,1,2.0,2.0,2,6,3,2,0.0,0.0,1,0,0,4.0,4.0,4.25820895522388,0.7249660172179428,0
1836,38.17,25.0,5.05,2.0,15.0,0,R273H,0,0,0,166.0333333,0,0,0,2.0,3.0,1,0,1,2,0.0,0.0,0,1,1,6.0,5.0,6.811194029850746,37.5,1
1837,43.28,30.0,2.06,1.0,4.0,H1047R,P250L,0,0,0,55.73333333,0,1,0,2.0,3.0,2,1,0,2,0.0,1.0,0,0,1,6.0,5.0,5.295522388059702,13.719512195121947,1
1838,48.83,31.1,6.0622,5.0,4.0,0,0,0,0,0,45.93333333,0,0,0,2.0,3.0,2,0,1,2,0.0,1.0,0,1,1,6.0,5.0,8.388880597014925,5.283125707814271,2
1839,62.26,14.3,4.0286,0.0,3.0,H1047R,0,0,0,S337Ffs*12,52.5,1,0,1,2.0,3.0,2,2,3,1,0.0,0.0,2,0,0,6.0,5.0,5.630074626865672,0.963611859838275,1
1840,60.15,15.5,4.031000000000001,2.0,6.0,H1047R,0,0,0,0,208.9666667,1,0,0,2.0,2.0,1,6,4,1,0.0,0.0,1,0,0,4.0,4.0,5.4309701492537314,0.7692307692307693,1
1841,79.23,20.0,3.04,0.0,1.0,0,0,0,0,0,207.4666667,1,0,1,2.0,2.0,1,3,4,1,0.0,0.0,2,0,0,4.0,4.0,4.2611940298507465,0.5098139179199591,0
1842,62.61,10.0,1.02,0.0,5.0,E542K,0,0,0,0,90.4,1,0,1,2.0,3.0,0,2,3,1,0.0,0.0,2,0,0,6.0,5.0,4.507462686567164,0.6634232640424591,0
1843,57.87,12.6,3.0252,2.0,5.0,P449_L452del,0,R305P,0,0,165.43333330000002,1,0,1,2.0,3.0,1,2,3,1,0.0,0.0,2,0,0,6.0,5.0,4.055671641791045,0.3525461667599329,0
1844,60.07,12.5,3.025,1.0,3.0,H1047R,0,0,0,0,165.2,1,0,1,2.0,3.0,2,2,9,1,0.0,0.0,2,0,0,6.0,5.0,3.655597014925373,0.31141006477329347,0
1845,70.97,25.1,3.0502,0.0,8.0,E545K,0,0,0,E283Tfs*4 S280A,183.2,1,0,1,2.0,2.0,1,3,9,1,0.0,0.0,2,0,1,4.0,4.0,4.265,0.8104617371649985,0
1846,49.61,38.0,5.0760000000000005,3.0,5.0,0,P278R,0,0,0,55.0,0,0,0,2.0,3.0,2,0,1,1,0.0,1.0,0,1,1,6.0,5.0,7.22089552238806,5.931321540062435,2
1847,67.88,17.6,5.0352,3.0,4.0,0,0,0,0,0,53.36666667,1,0,0,2.0,3.0,2,3,7,0,0.0,1.0,1,0,0,6.0,5.0,7.205671641791045,0.9469153515064566,2
1848,72.66,17.0,3.034,0.0,2.0,0,0,0,0,0,63.2,1,0,0,2.0,2.0,1,5,3,0,0.0,0.0,1,0,0,4.0,4.0,4.258955223880597,0.520514390691978,0
1849,58.92,35.0,5.07,5.0,7.0,E545K,0,0,R249Pfs*52 R248Pfs*56,0,239.1666667,1,0,1,2.0,2.0,0,5,8,1,0.0,0.0,2,0,1,4.0,4.0,7.018656716417911,1.8498942917547567,2
1850,73.52,29.0,5.058,1.0,7.0,H1047R,0,0,R1121* C966Vfs*38,0,111.6,1,0,1,2.0,3.0,2,2,9,0,0.0,0.0,2,0,1,6.0,5.0,6.414179104477612,1.2977326968973748,1
1851,51.45,15.0,3.03,0.0,8.0,N345K T727K,0,M293R,0,0,182.6,1,0,1,2.0,2.0,1,2,3,0,0.0,0.0,2,0,0,4.0,4.0,4.257462686567164,1.3100436681222705,0
1852,68.41,38.0,1.0759999999999998,0.0,8.0,0,0,0,0,0,199.0333333,1,0,1,2.0,3.0,1,2,4,1,0.0,0.0,2,0,1,6.0,5.0,4.528358208955224,2.006335797254488,0
1853,58.37,2.12,3.00424,0.0,4.0,E545K,0,0,0,0,177.6,1,0,1,2.0,2.0,2,2,9,1,0.0,0.0,2,0,0,4.0,4.0,4.247850746268656,0.11540555253130105,0
1854,74.76,21.3,3.0426,0.0,6.0,H1047R,0,0,N1302Efs*7 D510Gfs*31,0,222.0333333,1,0,1,2.0,2.0,1,1,9,1,0.0,0.0,2,0,0,4.0,4.0,4.262164179104477,0.6127733026467203,0
1855,63.43,8.0,4.016,0.0,4.0,0,0,Q56*,0,0,222.2,1,0,0,2.0,3.0,2,3,7,0,0.0,0.0,1,0,0,6.0,5.0,5.625373134328358,0.5121638924455826,1
1856,62.45,20.0,4.04,2.0,12.0,H1047R,0,0,0,0,170.8,1,0,1,2.0,2.0,2,2,9,1,0.0,0.0,2,0,0,4.0,4.0,5.434328358208955,0.8908685968819599,1
1857,51.46,22.32,5.04464,5.0,1.0,0,0,0,0,0,201.4666667,1,0,1,2.0,2.0,1,3,9,1,0.0,0.0,2,0,0,4.0,4.0,7.009194029850747,1.9476439790575915,2
1858,77.37,18.0,5.0360000000000005,5.0,10.0,N345K,0,0,Q1020*,0,23.93333333,1,0,1,2.0,2.0,1,4,10,0,0.0,1.0,2,0,0,4.0,4.0,7.005970149253732,0.4816697886004816,2
1859,71.11,27.0,4.053999999999999,0.0,7.0,E103_V105del,X224_splice,0,R763Kfs*9,0,23.26666667,1,0,0,2.0,3.0,2,1,9,0,0.0,1.0,1,0,1,6.0,5.0,5.63955223880597,1.3018322082931535,1
1860,47.85,23.0,4.046,1.0,9.0,H1047R,0,0,M1297Ifs*2 R1296*,0,171.1,1,0,1,2.0,2.0,1,3,8,1,0.0,0.0,2,0,0,4.0,4.0,5.036567164179104,2.9299363057324834,1
1861,78.89,17.0,2.0340000000000003,0.0,5.0,H1047L,0,0,0,0,148.8,1,0,0,2.0,3.0,1,2,9,1,0.0,0.0,1,0,0,6.0,5.0,2.885820895522388,0.21856518385188994,0
1862,54.81,12.0,3.024,1.0,10.0,H1047R H1048R,0,0,R1385Efs*37 N1305D,0,184.1666667,1,0,1,2.0,3.0,1,2,9,1,0.0,0.0,2,0,0,6.0,5.0,3.6552238805970148,0.40513166779203236,0
1863,75.13,21.0,1.042,0.0,4.0,0,0,0,0,0,58.66666667,1,0,1,2.0,3.0,0,2,9,1,0.0,0.0,2,0,0,6.0,5.0,4.5156716417910445,0.8966695132365501,0
1864,48.45,17.7,4.0354,0.0,10.0,H1047R,A83Gfs*66,0,0,0,51.0,0,1,0,2.0,3.0,1,1,6,3,0.0,1.0,0,0,0,6.0,5.0,5.632611940298507,3.1420118343195256,1
1865,54.66,15.47,6.03094,5.0,1.0,0,0,0,0,0,21.56666667,0,1,0,2.0,3.0,1,1,6,3,0.0,1.0,0,0,0,6.0,5.0,8.377216417910448,1.582878581173261,2
1866,74.8,35.0,6.07,5.0,9.0,E545K,F113del,0,0,0,35.7,0,0,0,2.0,3.0,2,1,4,2,0.0,0.0,0,1,1,6.0,5.0,8.39179104477612,1.5086206896551726,2
1867,69.72,25.0,3.05,0.0,3.0,E545K,0,0,0,0,59.96666667,1,0,0,2.0,2.0,2,3,3,0,0.0,1.0,1,0,1,4.0,4.0,4.264925373134329,0.8411843876177658,0
1868,62.46,23.0,4.046,2.0,8.0,E545K,0,0,V361Dfs*23,0,192.2,1,0,1,2.0,2.0,1,2,9,0,0.0,0.0,2,0,0,4.0,4.0,5.436567164179104,1.0240427426536063,1
1869,50.92,40.0,5.08,5.0,4.0,0,F134C,0,0,0,34.7,0,1,0,2.0,2.0,2,1,6,3,0.0,1.0,0,0,1,4.0,4.0,7.022388059701493,3.6630036630036624,2
1870,45.11,30.0,6.06,5.0,12.0,0,L194Pfs*13,0,0,0,15.06666667,0,0,0,2.0,3.0,2,0,1,1,0.0,1.0,0,1,1,6.0,5.0,8.388059701492537,8.806262230919767,2
1871,52.41,24.15,6.0483,5.0,9.0,0,G325*,0,0,0,31.16666667,1,1,0,2.0,3.0,1,1,6,3,0.0,0.0,1,0,1,6.0,5.0,8.383694029850746,2.919016921837229,2
1872,83.8,40.0,5.08,1.0,10.0,0,G262V,0,0,0,104.0333333,1,0,0,2.0,3.0,1,1,10,0,0.0,0.0,1,0,1,6.0,5.0,6.422388059701493,1.3698630136986303,1
1873,63.89,30.0,4.06,2.0,6.0,N345I,D352Y,0,0,0,164.9666667,1,0,1,2.0,2.0,2,3,10,0,0.0,0.0,2,0,1,4.0,4.0,5.441791044776119,1.2557555462536625,1
1874,60.57,35.0,6.07,5.0,3.0,0,X125_splice,0,0,0,42.96666667,1,0,0,2.0,3.0,1,5,4,1,0.0,1.0,1,0,1,6.0,5.0,8.39179104477612,2.5522605736509476,2
1875,59.82,40.0,3.08,1.0,4.0,E542K,0,0,0,0,68.16666667,1,0,1,2.0,3.0,1,3,10,1,0.0,1.0,2,0,1,6.0,5.0,3.6761194029850746,1.0090817356205852,0
1876,28.37,20.5,5.041,3.0,7.0,0,C229Yfs*10,0,0,0,195.3666667,0,0,0,2.0,3.0,1,0,1,1,0.0,0.0,0,1,0,6.0,5.0,7.207835820895522,30.75,2
1877,34.64,49.5,5.1,1.0,6.0,E545K E726K,0,0,0,A411Gfs*8,227.4666667,1,0,1,2.0,3.0,1,2,9,0,0.0,0.0,2,0,1,6.0,5.0,6.429850746268657,50.0,1
1878,36.6,25.0,5.05,2.0,4.0,0,0,0,0,0,21.16666667,0,0,0,2.0,3.0,1,0,1,2,0.0,1.0,0,1,1,6.0,5.0,6.811194029850746,37.5,1
1879,50.84,16.0,5.032,1.0,8.0,0,N131del,0,0,0,175.16666669999998,0,0,0,2.0,3.0,2,0,1,2,0.0,0.0,0,1,0,6.0,5.0,6.404477611940299,2.2140221402214015,1
1880,47.47,20.0,5.04,1.0,5.0,0,E258Q,0,0,0,208.2,0,1,0,2.0,3.0,2,1,6,3,0.0,0.0,0,0,0,6.0,5.0,6.407462686567165,4.016064257028113,1
1881,30.02,20.0,5.04,3.0,8.0,A1035T,E171G,0,0,0,44.4,0,1,1,2.0,3.0,2,1,6,3,0.0,1.0,1,0,0,6.0,5.0,7.2074626865671645,30.0,2
1882,61.27,20.0,4.04,4.0,9.0,H1047R,0,0,0,0,185.3333333,1,0,1,2.0,3.0,2,2,9,1,0.0,0.0,2,0,0,6.0,5.0,5.234328358208955,0.47014574518100605,1
1883,56.78,30.0,4.06,3.0,3.0,0,0,M356Lfs*35,0,0,187.0333333,1,0,1,2.0,2.0,2,2,9,1,0.0,0.0,2,0,1,4.0,4.0,5.841791044776119,1.7878426698450536,1
1884,67.89,15.0,4.03,1.0,3.0,H1047R,0,0,Y1276*,0,241.3,1,0,1,2.0,2.0,2,2,3,1,0.0,0.0,2,0,0,4.0,4.0,5.030597014925373,0.5378271782000718,1
1885,86.14,49.5,4.1,3.0,4.0,0,L330R,0,0,0,21.3,1,0,1,2.0,2.0,2,1,10,3,0.0,1.0,2,0,1,4.0,4.0,5.856716417910448,1.0728218465539663,1
1886,63.5,40.0,5.08,5.0,6.0,0,0,0,H1367Sfs*12 L1006Dfs*74,0,195.5333333,1,0,1,2.0,2.0,2,2,8,0,0.0,0.0,2,0,1,4.0,4.0,7.022388059701493,1.702127659574468,2
1887,51.22,16.0,5.032,3.0,3.0,E542K,R175G,0,0,0,49.53333333,0,1,0,2.0,3.0,1,1,6,3,0.0,1.0,0,0,0,6.0,5.0,7.204477611940298,2.1390374331550808,2
1888,54.42,30.0,5.06,5.0,10.0,N345K,E349* L348F L348S E349Wfs*22 E349Tfs*32,0,0,W156Lfs*12,28.86666667,1,0,0,2.0,2.0,1,3,7,0,0.0,1.0,1,0,1,4.0,4.0,7.014925373134329,2.0804438280166435,2
1889,61.23,15.0,5.03,1.0,5.0,0,0,0,0,Q23*,203.0,1,0,0,2.0,3.0,2,2,7,1,0.0,0.0,1,0,0,6.0,5.0,6.4037313432835825,1.0598210080075365,1
1890,53.14,20.0,4.04,3.0,1.0,0,T211A,0,0,0,109.0,1,0,1,2.0,2.0,1,6,7,1,0.0,1.0,2,0,0,4.0,4.0,5.834328358208955,1.5220700152207,1
1891,66.48,25.0,5.05,3.0,2.0,0,0,0,0,0,158.6333333,1,0,0,2.0,3.0,2,3,3,0,0.0,0.0,1,0,1,6.0,5.0,7.211194029850747,1.4161631419939575,2
1892,63.09,30.0,6.06,5.0,9.0,0,R273H,0,T542A,0,96.96666667,1,1,1,2.0,3.0,1,3,6,0,0.0,1.0,2,0,1,6.0,5.0,8.388059701492537,1.9488956258120398,2
1893,55.7,30.0,5.06,5.0,2.0,0,0,0,0,0,27.06666667,1,0,0,2.0,2.0,2,3,9,0,0.0,1.0,1,0,1,4.0,4.0,7.014925373134329,1.9108280254777066,2
1894,51.87,49.5,5.13,5.0,5.0,H1047R,0,0,0,0,126.6666667,1,0,1,2.0,2.0,1,5,4,1,0.0,1.0,2,0,1,4.0,4.0,7.041044776119403,4.170176916596462,2
1895,53.87,49.5,6.1,5.0,4.0,W11C,R273H,0,0,0,6.833333333,0,1,0,2.0,3.0,2,6,0,3,0.0,1.0,0,0,1,6.0,5.0,8.402985074626866,5.353280461427543,2
1896,52.9,15.0,4.03,1.0,3.0,0,0,0,0,0,78.46666667,1,0,1,2.0,2.0,2,3,7,0,0.0,1.0,2,0,0,4.0,4.0,5.030597014925373,1.1627906976744187,1
1897,56.9,45.0,5.09,1.0,5.0,E545K,I255S,0,0,0,199.2333333,1,0,1,2.0,3.0,2,2,3,1,0.0,0.0,2,0,1,6.0,5.0,6.426119402985075,3.994082840236687,1
1898,59.2,15.0,4.03,1.0,2.0,0,X331_splice,0,0,0,82.73333333,1,0,1,2.0,2.0,2,3,0,0,0.0,1.0,2,0,0,4.0,4.0,5.030597014925373,0.7812499999999999,1
1899,43.1,25.0,5.05,1.0,4.0,E542K,0,0,R1482*,0,196.8666667,1,0,1,2.0,3.0,2,2,3,1,0.0,0.0,2,0,1,6.0,5.0,6.411194029850746,12.09677419354838,1
1900,42.88,20.0,5.04,1.0,6.0,0,M237I,0,0,0,44.73333333,1,1,0,2.0,3.0,2,3,6,1,0.0,1.0,1,0,0,6.0,5.0,6.407462686567165,10.416666666666657,1
1901,62.9,25.0,6.05,5.0,4.0,0,0,0,0,0,175.9666667,1,0,1,2.0,3.0,2,3,0,1,0.0,1.0,2,0,1,6.0,5.0,8.384328358208954,1.6375545851528386,2
1902,61.16,25.0,5.05,5.0,15.0,0,0,S404Kfs*104 L94Pfs*117,0,0,86.23333333,1,0,1,2.0,2.0,1,3,0,0,0.0,0.0,2,0,1,4.0,4.0,7.011194029850746,1.181474480151229,2
1903,60.02,20.0,5.04,1.0,3.0,0,0,0,0,0,201.9,1,0,0,2.0,3.0,2,3,1,0,0.0,0.0,1,0,0,6.0,5.0,6.407462686567165,1.4985014985014982,1
