Modèle,Accuracy,FPR,FNR,TPR,TNR,Taille test
Régression Linéaire (base),0.9649122807017544,0.0,9.375,90.625,100.0,171
Régression Linéaire (optimisée),0.9590643274853801,0.0,10.9375,89.0625,100.0,171
Régression Softmax (base),0.9649122807017544,0.0,9.375,90.625,100.0,171
Régression Softmax (optimisée),0.9590643274853801,0.0,10.9375,89.0625,100.0,171
